Date,Campaign_Name,Product_Category,Ad_Spend
2024-01-01,Beauty_20240101,Beauty,31.3
2024-01-01,Books_20240101,Books,26.65
2024-01-01,Electronics_20240101,Electronics,0.0
2024-01-01,Fashion_20240101,Fashion,161.94
2024-01-01,Grocery_20240101,Grocery,10.76
2024-01-01,Home_Kitchen_20240101,Home & Kitchen,0.0
2024-01-01,Sports_20240101,Sports,0.0
2024-01-01,Toys_20240101,Toys,0.0
2024-01-02,Beauty_20240102,Beauty,67.42
2024-01-02,Books_20240102,Books,17.71
2024-01-02,Electronics_20240102,Electronics,391.2
2024-01-02,Fashion_20240102,Fashion,65.54
2024-01-02,Grocery_20240102,Grocery,13.71
2024-01-02,Home_Kitchen_20240102,Home & Kitchen,0.0
2024-01-02,Sports_20240102,Sports,92.7
2024-01-02,Toys_20240102,Toys,25.86
2024-01-03,Beauty_20240103,Beauty,14.65
2024-01-03,Books_20240103,Books,26.91
2024-01-03,Electronics_20240103,Electronics,149.33
2024-01-03,Fashion_20240103,Fashion,97.93
2024-01-03,Grocery_20240103,Grocery,0.0
2024-01-03,Home_Kitchen_20240103,Home & Kitchen,5.36
2024-01-03,Sports_20240103,Sports,200.72
2024-01-03,Toys_20240103,Toys,81.54
2024-01-04,Beauty_20240104,Beauty,0.0
2024-01-04,Books_20240104,Books,22.46
2024-01-04,Electronics_20240104,Electronics,48.44
2024-01-04,Fashion_20240104,Fashion,107.77
2024-01-04,Grocery_20240104,Grocery,0.0
2024-01-04,Home_Kitchen_20240104,Home & Kitchen,91.86
2024-01-04,Sports_20240104,Sports,36.01
2024-01-04,Toys_20240104,Toys,34.09
2024-01-05,Beauty_20240105,Beauty,27.15
2024-01-05,Books_20240105,Books,4.9
2024-01-05,Electronics_20240105,Electronics,383.32
2024-01-05,Fashion_20240105,Fashion,38.1
2024-01-05,Grocery_20240105,Grocery,99.55
2024-01-05,Home_Kitchen_20240105,Home & Kitchen,97.39
2024-01-05,Sports_20240105,Sports,130.5
2024-01-05,Toys_20240105,Toys,102.65
2024-01-06,Beauty_20240106,Beauty,52.96
2024-01-06,Books_20240106,Books,0.0
2024-01-06,Electronics_20240106,Electronics,88.17
2024-01-06,Fashion_20240106,Fashion,89.87
2024-01-06,Grocery_20240106,Grocery,24.13
2024-01-06,Home_Kitchen_20240106,Home & Kitchen,138.73
2024-01-06,Sports_20240106,Sports,40.18
2024-01-06,Toys_20240106,Toys,0.0
2024-01-07,Beauty_20240107,Beauty,21.1
2024-01-07,Books_20240107,Books,0.0
2024-01-07,Electronics_20240107,Electronics,43.49
2024-01-07,Fashion_20240107,Fashion,0.0
2024-01-07,Grocery_20240107,Grocery,5.54
2024-01-07,Home_Kitchen_20240107,Home & Kitchen,0.0
2024-01-07,Sports_20240107,Sports,16.17
2024-01-07,Toys_20240107,Toys,3.81
2024-01-08,Beauty_20240108,Beauty,11.47
2024-01-08,Books_20240108,Books,50.23
2024-01-08,Electronics_20240108,Electronics,39.43
2024-01-08,Fashion_20240108,Fashion,0.0
2024-01-08,Grocery_20240108,Grocery,9.59
2024-01-08,Home_Kitchen_20240108,Home & Kitchen,69.59
2024-01-08,Sports_20240108,Sports,129.35
2024-01-08,Toys_20240108,Toys,0.0
2024-01-09,Beauty_20240109,Beauty,71.4
2024-01-09,Books_20240109,Books,12.4
2024-01-09,Electronics_20240109,Electronics,77.45
2024-01-09,Fashion_20240109,Fashion,248.3
2024-01-09,Grocery_20240109,Grocery,33.29
2024-01-09,Home_Kitchen_20240109,Home & Kitchen,0.0
2024-01-09,Sports_20240109,Sports,0.0
2024-01-09,Toys_20240109,Toys,0.0
2024-01-10,Beauty_20240110,Beauty,25.45
2024-01-10,Books_20240110,Books,11.31
2024-01-10,Electronics_20240110,Electronics,92.25
2024-01-10,Fashion_20240110,Fashion,117.64
2024-01-10,Grocery_20240110,Grocery,10.38
2024-01-10,Home_Kitchen_20240110,Home & Kitchen,213.64
2024-01-10,Sports_20240110,Sports,146.87
2024-01-10,Toys_20240110,Toys,5.08
2024-01-11,Beauty_20240111,Beauty,34.07
2024-01-11,Books_20240111,Books,43.41
2024-01-11,Electronics_20240111,Electronics,91.68
2024-01-11,Fashion_20240111,Fashion,0.0
2024-01-11,Grocery_20240111,Grocery,0.0
2024-01-11,Home_Kitchen_20240111,Home & Kitchen,79.91
2024-01-11,Sports_20240111,Sports,27.63
2024-01-11,Toys_20240111,Toys,0.0
2024-01-12,Beauty_20240112,Beauty,16.97
2024-01-12,Books_20240112,Books,2.64
2024-01-12,Electronics_20240112,Electronics,0.0
2024-01-12,Fashion_20240112,Fashion,202.97
2024-01-12,Grocery_20240112,Grocery,36.07
2024-01-12,Home_Kitchen_20240112,Home & Kitchen,30.05
2024-01-12,Sports_20240112,Sports,0.0
2024-01-12,Toys_20240112,Toys,20.46
2024-01-13,Beauty_20240113,Beauty,34.21
2024-01-13,Books_20240113,Books,1.58
2024-01-13,Electronics_20240113,Electronics,54.9
2024-01-13,Fashion_20240113,Fashion,32.44
2024-01-13,Grocery_20240113,Grocery,14.58
2024-01-13,Home_Kitchen_20240113,Home & Kitchen,66.89
2024-01-13,Sports_20240113,Sports,0.0
2024-01-13,Toys_20240113,Toys,0.0
2024-01-14,Beauty_20240114,Beauty,12.99
2024-01-14,Books_20240114,Books,9.67
2024-01-14,Electronics_20240114,Electronics,89.31
2024-01-14,Fashion_20240114,Fashion,4.77
2024-01-14,Grocery_20240114,Grocery,30.93
2024-01-14,Home_Kitchen_20240114,Home & Kitchen,38.26
2024-01-14,Sports_20240114,Sports,67.86
2024-01-14,Toys_20240114,Toys,0.0
2024-01-15,Beauty_20240115,Beauty,15.95
2024-01-15,Books_20240115,Books,11.39
2024-01-15,Electronics_20240115,Electronics,182.77
2024-01-15,Fashion_20240115,Fashion,0.0
2024-01-15,Grocery_20240115,Grocery,20.56
2024-01-15,Home_Kitchen_20240115,Home & Kitchen,0.0
2024-01-15,Sports_20240115,Sports,0.0
2024-01-15,Toys_20240115,Toys,58.96
2024-01-16,Beauty_20240116,Beauty,25.01
2024-01-16,Books_20240116,Books,0.0
2024-01-16,Electronics_20240116,Electronics,41.55
2024-01-16,Fashion_20240116,Fashion,22.87
2024-01-16,Grocery_20240116,Grocery,12.15
2024-01-16,Home_Kitchen_20240116,Home & Kitchen,48.72
2024-01-16,Sports_20240116,Sports,88.99
2024-01-16,Toys_20240116,Toys,8.6
2024-01-17,Beauty_20240117,Beauty,22.05
2024-01-17,Books_20240117,Books,0.0
2024-01-17,Electronics_20240117,Electronics,142.22
2024-01-17,Fashion_20240117,Fashion,62.61
2024-01-17,Grocery_20240117,Grocery,62.95
2024-01-17,Home_Kitchen_20240117,Home & Kitchen,0.0
2024-01-17,Sports_20240117,Sports,0.0
2024-01-17,Toys_20240117,Toys,0.0
2024-01-18,Beauty_20240118,Beauty,16.55
2024-01-18,Books_20240118,Books,11.77
2024-01-18,Electronics_20240118,Electronics,73.68
2024-01-18,Fashion_20240118,Fashion,47.54
2024-01-18,Grocery_20240118,Grocery,21.61
2024-01-18,Home_Kitchen_20240118,Home & Kitchen,44.97
2024-01-18,Sports_20240118,Sports,20.82
2024-01-18,Toys_20240118,Toys,43.12
2024-01-19,Beauty_20240119,Beauty,0.0
2024-01-19,Books_20240119,Books,21.35
2024-01-19,Electronics_20240119,Electronics,0.0
2024-01-19,Fashion_20240119,Fashion,0.0
2024-01-19,Grocery_20240119,Grocery,35.57
2024-01-19,Home_Kitchen_20240119,Home & Kitchen,0.0
2024-01-19,Sports_20240119,Sports,38.2
2024-01-19,Toys_20240119,Toys,0.0
2024-01-20,Beauty_20240120,Beauty,13.08
2024-01-20,Books_20240120,Books,27.91
2024-01-20,Electronics_20240120,Electronics,59.1
2024-01-20,Fashion_20240120,Fashion,30.99
2024-01-20,Grocery_20240120,Grocery,5.49
2024-01-20,Home_Kitchen_20240120,Home & Kitchen,61.45
2024-01-20,Sports_20240120,Sports,340.04
2024-01-20,Toys_20240120,Toys,17.78
2024-01-21,Beauty_20240121,Beauty,0.0
2024-01-21,Books_20240121,Books,10.7
2024-01-21,Electronics_20240121,Electronics,0.0
2024-01-21,Fashion_20240121,Fashion,18.61
2024-01-21,Grocery_20240121,Grocery,33.39
2024-01-21,Home_Kitchen_20240121,Home & Kitchen,59.62
2024-01-21,Sports_20240121,Sports,168.62
2024-01-21,Toys_20240121,Toys,2.88
2024-01-22,Beauty_20240122,Beauty,33.56
2024-01-22,Books_20240122,Books,18.23
2024-01-22,Electronics_20240122,Electronics,97.23
2024-01-22,Fashion_20240122,Fashion,36.11
2024-01-22,Grocery_20240122,Grocery,13.86
2024-01-22,Home_Kitchen_20240122,Home & Kitchen,45.97
2024-01-22,Sports_20240122,Sports,37.27
2024-01-22,Toys_20240122,Toys,0.0
2024-01-23,Beauty_20240123,Beauty,0.0
2024-01-23,Books_20240123,Books,15.25
2024-01-23,Electronics_20240123,Electronics,0.0
2024-01-23,Fashion_20240123,Fashion,135.34
2024-01-23,Grocery_20240123,Grocery,16.19
2024-01-23,Home_Kitchen_20240123,Home & Kitchen,0.0
2024-01-23,Sports_20240123,Sports,158.19
2024-01-23,Toys_20240123,Toys,132.26
2024-01-24,Beauty_20240124,Beauty,8.27
2024-01-24,Books_20240124,Books,0.0
2024-01-24,Electronics_20240124,Electronics,330.6
2024-01-24,Fashion_20240124,Fashion,7.39
2024-01-24,Grocery_20240124,Grocery,14.6
2024-01-24,Home_Kitchen_20240124,Home & Kitchen,134.39
2024-01-24,Sports_20240124,Sports,0.0
2024-01-24,Toys_20240124,Toys,14.18
2024-01-25,Beauty_20240125,Beauty,12.27
2024-01-25,Books_20240125,Books,16.19
2024-01-25,Electronics_20240125,Electronics,189.11
2024-01-25,Fashion_20240125,Fashion,7.63
2024-01-25,Grocery_20240125,Grocery,27.09
2024-01-25,Home_Kitchen_20240125,Home & Kitchen,0.0
2024-01-25,Sports_20240125,Sports,38.81
2024-01-25,Toys_20240125,Toys,62.74
2024-01-26,Beauty_20240126,Beauty,5.1
2024-01-26,Books_20240126,Books,61.79
2024-01-26,Electronics_20240126,Electronics,60.68
2024-01-26,Fashion_20240126,Fashion,131.43
2024-01-26,Grocery_20240126,Grocery,14.3
2024-01-26,Home_Kitchen_20240126,Home & Kitchen,33.31
2024-01-26,Sports_20240126,Sports,288.59
2024-01-26,Toys_20240126,Toys,27.84
2024-01-27,Beauty_20240127,Beauty,87.11
2024-01-27,Books_20240127,Books,0.0
2024-01-27,Electronics_20240127,Electronics,283.78
2024-01-27,Fashion_20240127,Fashion,0.0
2024-01-27,Grocery_20240127,Grocery,0.0
2024-01-27,Home_Kitchen_20240127,Home & Kitchen,0.0
2024-01-27,Sports_20240127,Sports,50.86
2024-01-27,Toys_20240127,Toys,103.27
2024-01-28,Beauty_20240128,Beauty,15.16
2024-01-28,Books_20240128,Books,56.99
2024-01-28,Electronics_20240128,Electronics,51.78
2024-01-28,Fashion_20240128,Fashion,0.0
2024-01-28,Grocery_20240128,Grocery,9.58
2024-01-28,Home_Kitchen_20240128,Home & Kitchen,0.0
2024-01-28,Sports_20240128,Sports,126.14
2024-01-28,Toys_20240128,Toys,21.7
2024-01-29,Beauty_20240129,Beauty,0.0
2024-01-29,Books_20240129,Books,46.75
2024-01-29,Electronics_20240129,Electronics,0.0
2024-01-29,Fashion_20240129,Fashion,21.01
2024-01-29,Grocery_20240129,Grocery,0.0
2024-01-29,Home_Kitchen_20240129,Home & Kitchen,81.39
2024-01-29,Sports_20240129,Sports,179.02
2024-01-29,Toys_20240129,Toys,43.36
2024-01-30,Beauty_20240130,Beauty,0.0
2024-01-30,Books_20240130,Books,0.0
2024-01-30,Electronics_20240130,Electronics,77.48
2024-01-30,Fashion_20240130,Fashion,122.69
2024-01-30,Grocery_20240130,Grocery,19.64
2024-01-30,Home_Kitchen_20240130,Home & Kitchen,0.0
2024-01-30,Sports_20240130,Sports,36.7
2024-01-30,Toys_20240130,Toys,26.86
2024-01-31,Beauty_20240131,Beauty,0.0
2024-01-31,Books_20240131,Books,5.98
2024-01-31,Electronics_20240131,Electronics,0.0
2024-01-31,Fashion_20240131,Fashion,0.0
2024-01-31,Grocery_20240131,Grocery,0.0
2024-01-31,Home_Kitchen_20240131,Home & Kitchen,34.53
2024-01-31,Sports_20240131,Sports,114.06
2024-01-31,Toys_20240131,Toys,0.0
2024-02-01,Beauty_20240201,Beauty,33.07
2024-02-01,Books_20240201,Books,22.11
2024-02-01,Electronics_20240201,Electronics,116.29
2024-02-01,Fashion_20240201,Fashion,218.58
2024-02-01,Grocery_20240201,Grocery,8.81
2024-02-01,Home_Kitchen_20240201,Home & Kitchen,284.19
2024-02-01,Sports_20240201,Sports,101.49
2024-02-01,Toys_20240201,Toys,216.09
2024-02-02,Beauty_20240202,Beauty,42.77
2024-02-02,Books_20240202,Books,38.39
2024-02-02,Electronics_20240202,Electronics,0.0
2024-02-02,Fashion_20240202,Fashion,0.0
2024-02-02,Grocery_20240202,Grocery,0.0
2024-02-02,Home_Kitchen_20240202,Home & Kitchen,0.0
2024-02-02,Sports_20240202,Sports,34.97
2024-02-02,Toys_20240202,Toys,64.53
2024-02-03,Beauty_20240203,Beauty,107.92
2024-02-03,Books_20240203,Books,39.19
2024-02-03,Electronics_20240203,Electronics,83.48
2024-02-03,Fashion_20240203,Fashion,50.38
2024-02-03,Grocery_20240203,Grocery,0.0
2024-02-03,Home_Kitchen_20240203,Home & Kitchen,38.1
2024-02-03,Sports_20240203,Sports,40.53
2024-02-03,Toys_20240203,Toys,3.0
2024-02-04,Beauty_20240204,Beauty,5.55
2024-02-04,Books_20240204,Books,68.22
2024-02-04,Electronics_20240204,Electronics,285.72
2024-02-04,Fashion_20240204,Fashion,0.0
2024-02-04,Grocery_20240204,Grocery,34.13
2024-02-04,Home_Kitchen_20240204,Home & Kitchen,153.69
2024-02-04,Sports_20240204,Sports,22.77
2024-02-04,Toys_20240204,Toys,23.96
2024-02-05,Beauty_20240205,Beauty,0.0
2024-02-05,Books_20240205,Books,36.46
2024-02-05,Electronics_20240205,Electronics,16.76
2024-02-05,Fashion_20240205,Fashion,0.0
2024-02-05,Grocery_20240205,Grocery,41.35
2024-02-05,Home_Kitchen_20240205,Home & Kitchen,0.0
2024-02-05,Sports_20240205,Sports,55.45
2024-02-05,Toys_20240205,Toys,0.0
2024-02-06,Beauty_20240206,Beauty,34.69
2024-02-06,Books_20240206,Books,10.2
2024-02-06,Electronics_20240206,Electronics,0.0
2024-02-06,Fashion_20240206,Fashion,47.79
2024-02-06,Grocery_20240206,Grocery,59.86
2024-02-06,Home_Kitchen_20240206,Home & Kitchen,0.0
2024-02-06,Sports_20240206,Sports,0.0
2024-02-06,Toys_20240206,Toys,8.03
2024-02-07,Beauty_20240207,Beauty,0.0
2024-02-07,Books_20240207,Books,65.11
2024-02-07,Electronics_20240207,Electronics,78.79
2024-02-07,Fashion_20240207,Fashion,186.5
2024-02-07,Grocery_20240207,Grocery,0.0
2024-02-07,Home_Kitchen_20240207,Home & Kitchen,67.5
2024-02-07,Sports_20240207,Sports,0.0
2024-02-07,Toys_20240207,Toys,23.06
2024-02-08,Beauty_20240208,Beauty,65.48
2024-02-08,Books_20240208,Books,48.4
2024-02-08,Electronics_20240208,Electronics,42.5
2024-02-08,Fashion_20240208,Fashion,88.31
2024-02-08,Grocery_20240208,Grocery,21.75
2024-02-08,Home_Kitchen_20240208,Home & Kitchen,202.02
2024-02-08,Sports_20240208,Sports,45.26
2024-02-08,Toys_20240208,Toys,32.86
2024-02-09,Beauty_20240209,Beauty,0.0
2024-02-09,Books_20240209,Books,7.88
2024-02-09,Electronics_20240209,Electronics,0.0
2024-02-09,Fashion_20240209,Fashion,0.0
2024-02-09,Grocery_20240209,Grocery,11.02
2024-02-09,Home_Kitchen_20240209,Home & Kitchen,0.0
2024-02-09,Sports_20240209,Sports,0.0
2024-02-09,Toys_20240209,Toys,0.0
2024-02-10,Beauty_20240210,Beauty,0.0
2024-02-10,Books_20240210,Books,12.53
2024-02-10,Electronics_20240210,Electronics,29.67
2024-02-10,Fashion_20240210,Fashion,0.0
2024-02-10,Grocery_20240210,Grocery,0.0
2024-02-10,Home_Kitchen_20240210,Home & Kitchen,0.0
2024-02-10,Sports_20240210,Sports,140.76
2024-02-10,Toys_20240210,Toys,28.32
2024-02-11,Beauty_20240211,Beauty,21.49
2024-02-11,Books_20240211,Books,0.0
2024-02-11,Electronics_20240211,Electronics,205.53
2024-02-11,Fashion_20240211,Fashion,14.27
2024-02-11,Grocery_20240211,Grocery,5.66
2024-02-11,Home_Kitchen_20240211,Home & Kitchen,262.36
2024-02-11,Sports_20240211,Sports,11.91
2024-02-11,Toys_20240211,Toys,300.46
2024-02-12,Beauty_20240212,Beauty,2.3
2024-02-12,Books_20240212,Books,8.57
2024-02-12,Electronics_20240212,Electronics,177.43
2024-02-12,Fashion_20240212,Fashion,63.11
2024-02-12,Grocery_20240212,Grocery,3.12
2024-02-12,Home_Kitchen_20240212,Home & Kitchen,0.0
2024-02-12,Sports_20240212,Sports,8.65
2024-02-12,Toys_20240212,Toys,49.51
2024-02-13,Beauty_20240213,Beauty,16.91
2024-02-13,Books_20240213,Books,0.0
2024-02-13,Electronics_20240213,Electronics,131.17
2024-02-13,Fashion_20240213,Fashion,61.84
2024-02-13,Grocery_20240213,Grocery,38.93
2024-02-13,Home_Kitchen_20240213,Home & Kitchen,292.64
2024-02-13,Sports_20240213,Sports,40.73
2024-02-13,Toys_20240213,Toys,118.71
2024-02-14,Beauty_20240214,Beauty,13.25
2024-02-14,Books_20240214,Books,0.0
2024-02-14,Electronics_20240214,Electronics,304.05
2024-02-14,Fashion_20240214,Fashion,0.0
2024-02-14,Grocery_20240214,Grocery,12.28
2024-02-14,Home_Kitchen_20240214,Home & Kitchen,164.59
2024-02-14,Sports_20240214,Sports,121.09
2024-02-14,Toys_20240214,Toys,80.3
2024-02-15,Beauty_20240215,Beauty,0.0
2024-02-15,Books_20240215,Books,42.68
2024-02-15,Electronics_20240215,Electronics,258.65
2024-02-15,Fashion_20240215,Fashion,34.86
2024-02-15,Grocery_20240215,Grocery,9.14
2024-02-15,Home_Kitchen_20240215,Home & Kitchen,125.04
2024-02-15,Sports_20240215,Sports,81.9
2024-02-15,Toys_20240215,Toys,145.1
2024-02-16,Beauty_20240216,Beauty,13.01
2024-02-16,Books_20240216,Books,23.93
2024-02-16,Electronics_20240216,Electronics,0.0
2024-02-16,Fashion_20240216,Fashion,0.0
2024-02-16,Grocery_20240216,Grocery,0.0
2024-02-16,Home_Kitchen_20240216,Home & Kitchen,0.0
2024-02-16,Sports_20240216,Sports,58.24
2024-02-16,Toys_20240216,Toys,37.95
2024-02-17,Beauty_20240217,Beauty,0.0
2024-02-17,Books_20240217,Books,56.9
2024-02-17,Electronics_20240217,Electronics,0.0
2024-02-17,Fashion_20240217,Fashion,34.98
2024-02-17,Grocery_20240217,Grocery,30.64
2024-02-17,Home_Kitchen_20240217,Home & Kitchen,16.3
2024-02-17,Sports_20240217,Sports,0.0
2024-02-17,Toys_20240217,Toys,21.55
2024-02-18,Beauty_20240218,Beauty,98.01
2024-02-18,Books_20240218,Books,0.0
2024-02-18,Electronics_20240218,Electronics,117.84
2024-02-18,Fashion_20240218,Fashion,20.89
2024-02-18,Grocery_20240218,Grocery,3.58
2024-02-18,Home_Kitchen_20240218,Home & Kitchen,77.26
2024-02-18,Sports_20240218,Sports,31.69
2024-02-18,Toys_20240218,Toys,37.05
2024-02-19,Beauty_20240219,Beauty,80.27
2024-02-19,Books_20240219,Books,42.3
2024-02-19,Electronics_20240219,Electronics,0.0
2024-02-19,Fashion_20240219,Fashion,22.49
2024-02-19,Grocery_20240219,Grocery,43.27
2024-02-19,Home_Kitchen_20240219,Home & Kitchen,211.54
2024-02-19,Sports_20240219,Sports,69.55
2024-02-19,Toys_20240219,Toys,0.0
2024-02-20,Beauty_20240220,Beauty,13.84
2024-02-20,Books_20240220,Books,16.51
2024-02-20,Electronics_20240220,Electronics,156.86
2024-02-20,Fashion_20240220,Fashion,0.0
2024-02-20,Grocery_20240220,Grocery,45.31
2024-02-20,Home_Kitchen_20240220,Home & Kitchen,291.89
2024-02-20,Sports_20240220,Sports,38.73
2024-02-20,Toys_20240220,Toys,8.21
2024-02-21,Beauty_20240221,Beauty,0.0
2024-02-21,Books_20240221,Books,43.29
2024-02-21,Electronics_20240221,Electronics,37.11
2024-02-21,Fashion_20240221,Fashion,137.12
2024-02-21,Grocery_20240221,Grocery,4.24
2024-02-21,Home_Kitchen_20240221,Home & Kitchen,0.0
2024-02-21,Sports_20240221,Sports,0.0
2024-02-21,Toys_20240221,Toys,96.81
2024-02-22,Beauty_20240222,Beauty,3.64
2024-02-22,Books_20240222,Books,0.0
2024-02-22,Electronics_20240222,Electronics,26.23
2024-02-22,Fashion_20240222,Fashion,67.5
2024-02-22,Grocery_20240222,Grocery,27.15
2024-02-22,Home_Kitchen_20240222,Home & Kitchen,0.0
2024-02-22,Sports_20240222,Sports,14.61
2024-02-22,Toys_20240222,Toys,0.0
2024-02-23,Beauty_20240223,Beauty,0.0
2024-02-23,Books_20240223,Books,57.86
2024-02-23,Electronics_20240223,Electronics,0.0
2024-02-23,Fashion_20240223,Fashion,53.86
2024-02-23,Grocery_20240223,Grocery,19.85
2024-02-23,Home_Kitchen_20240223,Home & Kitchen,0.0
2024-02-23,Sports_20240223,Sports,41.78
2024-02-23,Toys_20240223,Toys,0.0
2024-02-24,Beauty_20240224,Beauty,3.16
2024-02-24,Books_20240224,Books,24.05
2024-02-24,Electronics_20240224,Electronics,37.04
2024-02-24,Fashion_20240224,Fashion,0.0
2024-02-24,Grocery_20240224,Grocery,3.48
2024-02-24,Home_Kitchen_20240224,Home & Kitchen,26.37
2024-02-24,Sports_20240224,Sports,0.0
2024-02-24,Toys_20240224,Toys,71.03
2024-02-25,Beauty_20240225,Beauty,16.5
2024-02-25,Books_20240225,Books,0.0
2024-02-25,Electronics_20240225,Electronics,0.0
2024-02-25,Fashion_20240225,Fashion,24.21
2024-02-25,Grocery_20240225,Grocery,22.34
2024-02-25,Home_Kitchen_20240225,Home & Kitchen,22.32
2024-02-25,Sports_20240225,Sports,51.37
2024-02-25,Toys_20240225,Toys,0.0
2024-02-26,Beauty_20240226,Beauty,30.62
2024-02-26,Books_20240226,Books,0.0
2024-02-26,Electronics_20240226,Electronics,390.68
2024-02-26,Fashion_20240226,Fashion,11.21
2024-02-26,Grocery_20240226,Grocery,53.45
2024-02-26,Home_Kitchen_20240226,Home & Kitchen,0.0
2024-02-26,Sports_20240226,Sports,349.89
2024-02-26,Toys_20240226,Toys,64.5
2024-02-27,Beauty_20240227,Beauty,0.0
2024-02-27,Books_20240227,Books,51.3
2024-02-27,Electronics_20240227,Electronics,8.73
2024-02-27,Fashion_20240227,Fashion,0.0
2024-02-27,Grocery_20240227,Grocery,0.0
2024-02-27,Home_Kitchen_20240227,Home & Kitchen,0.0
2024-02-27,Sports_20240227,Sports,144.68
2024-02-27,Toys_20240227,Toys,50.85
2024-02-28,Beauty_20240228,Beauty,0.0
2024-02-28,Books_20240228,Books,101.01
2024-02-28,Electronics_20240228,Electronics,108.23
2024-02-28,Fashion_20240228,Fashion,366.29
2024-02-28,Grocery_20240228,Grocery,28.0
2024-02-28,Home_Kitchen_20240228,Home & Kitchen,0.0
2024-02-28,Sports_20240228,Sports,30.87
2024-02-28,Toys_20240228,Toys,0.0
2024-02-29,Beauty_20240229,Beauty,14.01
2024-02-29,Books_20240229,Books,8.6
2024-02-29,Electronics_20240229,Electronics,307.17
2024-02-29,Fashion_20240229,Fashion,0.0
2024-02-29,Grocery_20240229,Grocery,0.0
2024-02-29,Home_Kitchen_20240229,Home & Kitchen,204.5
2024-02-29,Sports_20240229,Sports,143.26
2024-02-29,Toys_20240229,Toys,109.88
2024-03-01,Beauty_20240301,Beauty,48.75
2024-03-01,Books_20240301,Books,9.82
2024-03-01,Electronics_20240301,Electronics,0.0
2024-03-01,Fashion_20240301,Fashion,144.35
2024-03-01,Grocery_20240301,Grocery,7.65
2024-03-01,Home_Kitchen_20240301,Home & Kitchen,73.07
2024-03-01,Sports_20240301,Sports,29.33
2024-03-01,Toys_20240301,Toys,14.99
2024-03-02,Beauty_20240302,Beauty,0.0
2024-03-02,Books_20240302,Books,10.99
2024-03-02,Electronics_20240302,Electronics,0.0
2024-03-02,Fashion_20240302,Fashion,0.0
2024-03-02,Grocery_20240302,Grocery,63.3
2024-03-02,Home_Kitchen_20240302,Home & Kitchen,139.35
2024-03-02,Sports_20240302,Sports,93.62
2024-03-02,Toys_20240302,Toys,156.74
2024-03-03,Beauty_20240303,Beauty,0.0
2024-03-03,Books_20240303,Books,43.56
2024-03-03,Electronics_20240303,Electronics,93.8
2024-03-03,Fashion_20240303,Fashion,0.0
2024-03-03,Grocery_20240303,Grocery,2.42
2024-03-03,Home_Kitchen_20240303,Home & Kitchen,58.34
2024-03-03,Sports_20240303,Sports,0.0
2024-03-03,Toys_20240303,Toys,0.0
2024-03-04,Beauty_20240304,Beauty,13.59
2024-03-04,Books_20240304,Books,39.53
2024-03-04,Electronics_20240304,Electronics,47.64
2024-03-04,Fashion_20240304,Fashion,61.27
2024-03-04,Grocery_20240304,Grocery,5.52
2024-03-04,Home_Kitchen_20240304,Home & Kitchen,0.0
2024-03-04,Sports_20240304,Sports,38.29
2024-03-04,Toys_20240304,Toys,0.0
2024-03-05,Beauty_20240305,Beauty,47.52
2024-03-05,Books_20240305,Books,1.81
2024-03-05,Electronics_20240305,Electronics,132.35
2024-03-05,Fashion_20240305,Fashion,154.69
2024-03-05,Grocery_20240305,Grocery,15.77
2024-03-05,Home_Kitchen_20240305,Home & Kitchen,0.0
2024-03-05,Sports_20240305,Sports,0.0
2024-03-05,Toys_20240305,Toys,127.89
2024-03-06,Beauty_20240306,Beauty,16.49
2024-03-06,Books_20240306,Books,13.6
2024-03-06,Electronics_20240306,Electronics,166.39
2024-03-06,Fashion_20240306,Fashion,16.84
2024-03-06,Grocery_20240306,Grocery,7.13
2024-03-06,Home_Kitchen_20240306,Home & Kitchen,112.89
2024-03-06,Sports_20240306,Sports,17.34
2024-03-06,Toys_20240306,Toys,29.03
2024-03-07,Beauty_20240307,Beauty,6.24
2024-03-07,Books_20240307,Books,34.97
2024-03-07,Electronics_20240307,Electronics,13.52
2024-03-07,Fashion_20240307,Fashion,3.85
2024-03-07,Grocery_20240307,Grocery,0.0
2024-03-07,Home_Kitchen_20240307,Home & Kitchen,0.0
2024-03-07,Sports_20240307,Sports,0.0
2024-03-07,Toys_20240307,Toys,15.26
2024-03-08,Beauty_20240308,Beauty,111.28
2024-03-08,Books_20240308,Books,0.0
2024-03-08,Electronics_20240308,Electronics,5.65
2024-03-08,Fashion_20240308,Fashion,26.9
2024-03-08,Grocery_20240308,Grocery,57.04
2024-03-08,Home_Kitchen_20240308,Home & Kitchen,327.84
2024-03-08,Sports_20240308,Sports,32.8
2024-03-08,Toys_20240308,Toys,275.38
2024-03-09,Beauty_20240309,Beauty,73.65
2024-03-09,Books_20240309,Books,9.73
2024-03-09,Electronics_20240309,Electronics,89.37
2024-03-09,Fashion_20240309,Fashion,0.0
2024-03-09,Grocery_20240309,Grocery,0.0
2024-03-09,Home_Kitchen_20240309,Home & Kitchen,177.19
2024-03-09,Sports_20240309,Sports,0.0
2024-03-09,Toys_20240309,Toys,0.0
2024-03-10,Beauty_20240310,Beauty,0.0
2024-03-10,Books_20240310,Books,8.97
2024-03-10,Electronics_20240310,Electronics,0.0
2024-03-10,Fashion_20240310,Fashion,6.25
2024-03-10,Grocery_20240310,Grocery,0.0
2024-03-10,Home_Kitchen_20240310,Home & Kitchen,503.76
2024-03-10,Sports_20240310,Sports,49.3
2024-03-10,Toys_20240310,Toys,129.03
2024-03-11,Beauty_20240311,Beauty,0.0
2024-03-11,Books_20240311,Books,0.0
2024-03-11,Electronics_20240311,Electronics,12.99
2024-03-11,Fashion_20240311,Fashion,17.99
2024-03-11,Grocery_20240311,Grocery,21.45
2024-03-11,Home_Kitchen_20240311,Home & Kitchen,57.52
2024-03-11,Sports_20240311,Sports,17.49
2024-03-11,Toys_20240311,Toys,23.71
2024-03-12,Beauty_20240312,Beauty,14.37
2024-03-12,Books_20240312,Books,32.14
2024-03-12,Electronics_20240312,Electronics,0.0
2024-03-12,Fashion_20240312,Fashion,0.0
2024-03-12,Grocery_20240312,Grocery,55.61
2024-03-12,Home_Kitchen_20240312,Home & Kitchen,0.0
2024-03-12,Sports_20240312,Sports,38.75
2024-03-12,Toys_20240312,Toys,83.29
2024-03-13,Beauty_20240313,Beauty,42.57
2024-03-13,Books_20240313,Books,0.0
2024-03-13,Electronics_20240313,Electronics,81.23
2024-03-13,Fashion_20240313,Fashion,0.0
2024-03-13,Grocery_20240313,Grocery,32.4
2024-03-13,Home_Kitchen_20240313,Home & Kitchen,0.0
2024-03-13,Sports_20240313,Sports,218.82
2024-03-13,Toys_20240313,Toys,27.42
2024-03-14,Beauty_20240314,Beauty,34.46
2024-03-14,Books_20240314,Books,40.26
2024-03-14,Electronics_20240314,Electronics,0.0
2024-03-14,Fashion_20240314,Fashion,2.65
2024-03-14,Grocery_20240314,Grocery,9.0
2024-03-14,Home_Kitchen_20240314,Home & Kitchen,44.8
2024-03-14,Sports_20240314,Sports,120.76
2024-03-14,Toys_20240314,Toys,0.0
2024-03-15,Beauty_20240315,Beauty,80.05
2024-03-15,Books_20240315,Books,60.25
2024-03-15,Electronics_20240315,Electronics,134.68
2024-03-15,Fashion_20240315,Fashion,77.17
2024-03-15,Grocery_20240315,Grocery,45.05
2024-03-15,Home_Kitchen_20240315,Home & Kitchen,110.22
2024-03-15,Sports_20240315,Sports,0.0
2024-03-15,Toys_20240315,Toys,24.1
2024-03-16,Beauty_20240316,Beauty,59.65
2024-03-16,Books_20240316,Books,26.44
2024-03-16,Electronics_20240316,Electronics,99.65
2024-03-16,Fashion_20240316,Fashion,63.56
2024-03-16,Grocery_20240316,Grocery,7.49
2024-03-16,Home_Kitchen_20240316,Home & Kitchen,117.72
2024-03-16,Sports_20240316,Sports,0.0
2024-03-16,Toys_20240316,Toys,187.85
2024-03-17,Beauty_20240317,Beauty,0.0
2024-03-17,Books_20240317,Books,48.0
2024-03-17,Electronics_20240317,Electronics,185.22
2024-03-17,Fashion_20240317,Fashion,42.93
2024-03-17,Grocery_20240317,Grocery,26.19
2024-03-17,Home_Kitchen_20240317,Home & Kitchen,20.19
2024-03-17,Sports_20240317,Sports,0.0
2024-03-17,Toys_20240317,Toys,47.69
2024-03-18,Beauty_20240318,Beauty,0.0
2024-03-18,Books_20240318,Books,22.86
2024-03-18,Electronics_20240318,Electronics,51.72
2024-03-18,Fashion_20240318,Fashion,115.71
2024-03-18,Grocery_20240318,Grocery,36.46
2024-03-18,Home_Kitchen_20240318,Home & Kitchen,172.63
2024-03-18,Sports_20240318,Sports,230.92
2024-03-18,Toys_20240318,Toys,21.75
2024-03-19,Beauty_20240319,Beauty,20.96
2024-03-19,Books_20240319,Books,13.64
2024-03-19,Electronics_20240319,Electronics,0.0
2024-03-19,Fashion_20240319,Fashion,26.54
2024-03-19,Grocery_20240319,Grocery,16.14
2024-03-19,Home_Kitchen_20240319,Home & Kitchen,0.0
2024-03-19,Sports_20240319,Sports,15.06
2024-03-19,Toys_20240319,Toys,96.28
2024-03-20,Beauty_20240320,Beauty,57.38
2024-03-20,Books_20240320,Books,0.0
2024-03-20,Electronics_20240320,Electronics,0.0
2024-03-20,Fashion_20240320,Fashion,89.92
2024-03-20,Grocery_20240320,Grocery,32.08
2024-03-20,Home_Kitchen_20240320,Home & Kitchen,106.01
2024-03-20,Sports_20240320,Sports,0.0
2024-03-20,Toys_20240320,Toys,34.49
2024-03-21,Beauty_20240321,Beauty,0.0
2024-03-21,Books_20240321,Books,78.99
2024-03-21,Electronics_20240321,Electronics,219.31
2024-03-21,Fashion_20240321,Fashion,120.92
2024-03-21,Grocery_20240321,Grocery,40.27
2024-03-21,Home_Kitchen_20240321,Home & Kitchen,111.25
2024-03-21,Sports_20240321,Sports,0.0
2024-03-21,Toys_20240321,Toys,90.83
2024-03-22,Beauty_20240322,Beauty,0.0
2024-03-22,Books_20240322,Books,13.35
2024-03-22,Electronics_20240322,Electronics,255.48
2024-03-22,Fashion_20240322,Fashion,27.3
2024-03-22,Grocery_20240322,Grocery,23.82
2024-03-22,Home_Kitchen_20240322,Home & Kitchen,205.18
2024-03-22,Sports_20240322,Sports,164.61
2024-03-22,Toys_20240322,Toys,20.76
2024-03-23,Beauty_20240323,Beauty,78.65
2024-03-23,Books_20240323,Books,10.91
2024-03-23,Electronics_20240323,Electronics,248.12
2024-03-23,Fashion_20240323,Fashion,0.0
2024-03-23,Grocery_20240323,Grocery,14.81
2024-03-23,Home_Kitchen_20240323,Home & Kitchen,63.99
2024-03-23,Sports_20240323,Sports,0.0
2024-03-23,Toys_20240323,Toys,56.83
2024-03-24,Beauty_20240324,Beauty,8.24
2024-03-24,Books_20240324,Books,3.31
2024-03-24,Electronics_20240324,Electronics,59.18
2024-03-24,Fashion_20240324,Fashion,13.49
2024-03-24,Grocery_20240324,Grocery,7.93
2024-03-24,Home_Kitchen_20240324,Home & Kitchen,50.31
2024-03-24,Sports_20240324,Sports,0.0
2024-03-24,Toys_20240324,Toys,22.9
2024-03-25,Beauty_20240325,Beauty,0.0
2024-03-25,Books_20240325,Books,60.45
2024-03-25,Electronics_20240325,Electronics,371.75
2024-03-25,Fashion_20240325,Fashion,0.0
2024-03-25,Grocery_20240325,Grocery,0.0
2024-03-25,Home_Kitchen_20240325,Home & Kitchen,41.58
2024-03-25,Sports_20240325,Sports,0.0
2024-03-25,Toys_20240325,Toys,0.0
2024-03-26,Beauty_20240326,Beauty,11.14
2024-03-26,Books_20240326,Books,15.06
2024-03-26,Electronics_20240326,Electronics,375.26
2024-03-26,Fashion_20240326,Fashion,271.2
2024-03-26,Grocery_20240326,Grocery,12.18
2024-03-26,Home_Kitchen_20240326,Home & Kitchen,164.95
2024-03-26,Sports_20240326,Sports,40.43
2024-03-26,Toys_20240326,Toys,125.53
2024-03-27,Beauty_20240327,Beauty,18.68
2024-03-27,Books_20240327,Books,6.22
2024-03-27,Electronics_20240327,Electronics,0.0
2024-03-27,Fashion_20240327,Fashion,36.83
2024-03-27,Grocery_20240327,Grocery,32.12
2024-03-27,Home_Kitchen_20240327,Home & Kitchen,36.17
2024-03-27,Sports_20240327,Sports,50.13
2024-03-27,Toys_20240327,Toys,31.4
2024-03-28,Beauty_20240328,Beauty,32.13
2024-03-28,Books_20240328,Books,6.43
2024-03-28,Electronics_20240328,Electronics,175.07
2024-03-28,Fashion_20240328,Fashion,232.49
2024-03-28,Grocery_20240328,Grocery,0.0
2024-03-28,Home_Kitchen_20240328,Home & Kitchen,314.52
2024-03-28,Sports_20240328,Sports,158.35
2024-03-28,Toys_20240328,Toys,0.0
2024-03-29,Beauty_20240329,Beauty,2.01
2024-03-29,Books_20240329,Books,9.41
2024-03-29,Electronics_20240329,Electronics,0.0
2024-03-29,Fashion_20240329,Fashion,0.0
2024-03-29,Grocery_20240329,Grocery,59.62
2024-03-29,Home_Kitchen_20240329,Home & Kitchen,0.0
2024-03-29,Sports_20240329,Sports,54.64
2024-03-29,Toys_20240329,Toys,24.41
2024-03-30,Beauty_20240330,Beauty,15.25
2024-03-30,Books_20240330,Books,26.0
2024-03-30,Electronics_20240330,Electronics,95.95
2024-03-30,Fashion_20240330,Fashion,27.45
2024-03-30,Grocery_20240330,Grocery,15.11
2024-03-30,Home_Kitchen_20240330,Home & Kitchen,177.74
2024-03-30,Sports_20240330,Sports,35.16
2024-03-30,Toys_20240330,Toys,43.51
2024-03-31,Beauty_20240331,Beauty,27.0
2024-03-31,Books_20240331,Books,0.0
2024-03-31,Electronics_20240331,Electronics,171.43
2024-03-31,Fashion_20240331,Fashion,5.03
2024-03-31,Grocery_20240331,Grocery,0.0
2024-03-31,Home_Kitchen_20240331,Home & Kitchen,0.0
2024-03-31,Sports_20240331,Sports,45.6
2024-03-31,Toys_20240331,Toys,0.0
2024-04-01,Beauty_20240401,Beauty,57.31
2024-04-01,Books_20240401,Books,11.34
2024-04-01,Electronics_20240401,Electronics,58.2
2024-04-01,Fashion_20240401,Fashion,106.16
2024-04-01,Grocery_20240401,Grocery,11.19
2024-04-01,Home_Kitchen_20240401,Home & Kitchen,27.99
2024-04-01,Sports_20240401,Sports,81.7
2024-04-01,Toys_20240401,Toys,78.76
2024-04-02,Beauty_20240402,Beauty,11.92
2024-04-02,Books_20240402,Books,8.92
2024-04-02,Electronics_20240402,Electronics,0.0
2024-04-02,Fashion_20240402,Fashion,0.0
2024-04-02,Grocery_20240402,Grocery,48.91
2024-04-02,Home_Kitchen_20240402,Home & Kitchen,86.87
2024-04-02,Sports_20240402,Sports,189.86
2024-04-02,Toys_20240402,Toys,137.18
2024-04-03,Beauty_20240403,Beauty,36.81
2024-04-03,Books_20240403,Books,0.0
2024-04-03,Electronics_20240403,Electronics,110.0
2024-04-03,Fashion_20240403,Fashion,0.0
2024-04-03,Grocery_20240403,Grocery,11.83
2024-04-03,Home_Kitchen_20240403,Home & Kitchen,182.54
2024-04-03,Sports_20240403,Sports,33.43
2024-04-03,Toys_20240403,Toys,0.0
2024-04-04,Beauty_20240404,Beauty,17.71
2024-04-04,Books_20240404,Books,12.76
2024-04-04,Electronics_20240404,Electronics,162.11
2024-04-04,Fashion_20240404,Fashion,0.0
2024-04-04,Grocery_20240404,Grocery,22.46
2024-04-04,Home_Kitchen_20240404,Home & Kitchen,125.52
2024-04-04,Sports_20240404,Sports,33.29
2024-04-04,Toys_20240404,Toys,0.0
2024-04-05,Beauty_20240405,Beauty,44.82
2024-04-05,Books_20240405,Books,0.0
2024-04-05,Electronics_20240405,Electronics,105.21
2024-04-05,Fashion_20240405,Fashion,18.69
2024-04-05,Grocery_20240405,Grocery,18.33
2024-04-05,Home_Kitchen_20240405,Home & Kitchen,0.0
2024-04-05,Sports_20240405,Sports,334.17
2024-04-05,Toys_20240405,Toys,25.18
2024-04-06,Beauty_20240406,Beauty,30.4
2024-04-06,Books_20240406,Books,37.74
2024-04-06,Electronics_20240406,Electronics,0.0
2024-04-06,Fashion_20240406,Fashion,50.65
2024-04-06,Grocery_20240406,Grocery,0.0
2024-04-06,Home_Kitchen_20240406,Home & Kitchen,12.49
2024-04-06,Sports_20240406,Sports,59.51
2024-04-06,Toys_20240406,Toys,0.0
2024-04-07,Beauty_20240407,Beauty,84.27
2024-04-07,Books_20240407,Books,0.0
2024-04-07,Electronics_20240407,Electronics,253.48
2024-04-07,Fashion_20240407,Fashion,0.0
2024-04-07,Grocery_20240407,Grocery,8.28
2024-04-07,Home_Kitchen_20240407,Home & Kitchen,10.99
2024-04-07,Sports_20240407,Sports,40.2
2024-04-07,Toys_20240407,Toys,146.75
2024-04-08,Beauty_20240408,Beauty,39.66
2024-04-08,Books_20240408,Books,5.45
2024-04-08,Electronics_20240408,Electronics,11.89
2024-04-08,Fashion_20240408,Fashion,221.88
2024-04-08,Grocery_20240408,Grocery,42.02
2024-04-08,Home_Kitchen_20240408,Home & Kitchen,0.0
2024-04-08,Sports_20240408,Sports,125.82
2024-04-08,Toys_20240408,Toys,84.21
2024-04-09,Beauty_20240409,Beauty,0.0
2024-04-09,Books_20240409,Books,104.5
2024-04-09,Electronics_20240409,Electronics,156.85
2024-04-09,Fashion_20240409,Fashion,0.0
2024-04-09,Grocery_20240409,Grocery,27.25
2024-04-09,Home_Kitchen_20240409,Home & Kitchen,82.03
2024-04-09,Sports_20240409,Sports,4.59
2024-04-09,Toys_20240409,Toys,6.96
2024-04-10,Beauty_20240410,Beauty,43.59
2024-04-10,Books_20240410,Books,57.22
2024-04-10,Electronics_20240410,Electronics,95.85
2024-04-10,Fashion_20240410,Fashion,0.0
2024-04-10,Grocery_20240410,Grocery,25.09
2024-04-10,Home_Kitchen_20240410,Home & Kitchen,0.0
2024-04-10,Sports_20240410,Sports,11.27
2024-04-10,Toys_20240410,Toys,31.25
2024-04-11,Beauty_20240411,Beauty,0.0
2024-04-11,Books_20240411,Books,0.0
2024-04-11,Electronics_20240411,Electronics,344.0
2024-04-11,Fashion_20240411,Fashion,0.0
2024-04-11,Grocery_20240411,Grocery,68.06
2024-04-11,Home_Kitchen_20240411,Home & Kitchen,227.92
2024-04-11,Sports_20240411,Sports,0.0
2024-04-11,Toys_20240411,Toys,81.04
2024-04-12,Beauty_20240412,Beauty,3.21
2024-04-12,Books_20240412,Books,5.42
2024-04-12,Electronics_20240412,Electronics,150.47
2024-04-12,Fashion_20240412,Fashion,81.29
2024-04-12,Grocery_20240412,Grocery,10.57
2024-04-12,Home_Kitchen_20240412,Home & Kitchen,80.59
2024-04-12,Sports_20240412,Sports,81.58
2024-04-12,Toys_20240412,Toys,15.16
2024-04-13,Beauty_20240413,Beauty,36.22
2024-04-13,Books_20240413,Books,2.54
2024-04-13,Electronics_20240413,Electronics,0.0
2024-04-13,Fashion_20240413,Fashion,69.79
2024-04-13,Grocery_20240413,Grocery,0.0
2024-04-13,Home_Kitchen_20240413,Home & Kitchen,132.98
2024-04-13,Sports_20240413,Sports,0.0
2024-04-13,Toys_20240413,Toys,30.24
2024-04-14,Beauty_20240414,Beauty,2.31
2024-04-14,Books_20240414,Books,56.72
2024-04-14,Electronics_20240414,Electronics,55.79
2024-04-14,Fashion_20240414,Fashion,28.84
2024-04-14,Grocery_20240414,Grocery,1.6
2024-04-14,Home_Kitchen_20240414,Home & Kitchen,209.44
2024-04-14,Sports_20240414,Sports,267.69
2024-04-14,Toys_20240414,Toys,38.92
2024-04-15,Beauty_20240415,Beauty,14.76
2024-04-15,Books_20240415,Books,7.35
2024-04-15,Electronics_20240415,Electronics,119.37
2024-04-15,Fashion_20240415,Fashion,129.63
2024-04-15,Grocery_20240415,Grocery,21.23
2024-04-15,Home_Kitchen_20240415,Home & Kitchen,0.0
2024-04-15,Sports_20240415,Sports,177.29
2024-04-15,Toys_20240415,Toys,0.0
2024-04-16,Beauty_20240416,Beauty,22.35
2024-04-16,Books_20240416,Books,0.0
2024-04-16,Electronics_20240416,Electronics,101.4
2024-04-16,Fashion_20240416,Fashion,173.42
2024-04-16,Grocery_20240416,Grocery,5.64
2024-04-16,Home_Kitchen_20240416,Home & Kitchen,103.71
2024-04-16,Sports_20240416,Sports,112.78
2024-04-16,Toys_20240416,Toys,28.19
2024-04-17,Beauty_20240417,Beauty,36.5
2024-04-17,Books_20240417,Books,0.0
2024-04-17,Electronics_20240417,Electronics,235.9
2024-04-17,Fashion_20240417,Fashion,52.84
2024-04-17,Grocery_20240417,Grocery,13.67
2024-04-17,Home_Kitchen_20240417,Home & Kitchen,99.21
2024-04-17,Sports_20240417,Sports,78.34
2024-04-17,Toys_20240417,Toys,28.22
2024-04-18,Beauty_20240418,Beauty,0.0
2024-04-18,Books_20240418,Books,41.61
2024-04-18,Electronics_20240418,Electronics,0.0
2024-04-18,Fashion_20240418,Fashion,0.0
2024-04-18,Grocery_20240418,Grocery,0.0
2024-04-18,Home_Kitchen_20240418,Home & Kitchen,0.0
2024-04-18,Sports_20240418,Sports,79.86
2024-04-18,Toys_20240418,Toys,0.0
2024-04-19,Beauty_20240419,Beauty,86.81
2024-04-19,Books_20240419,Books,19.88
2024-04-19,Electronics_20240419,Electronics,138.16
2024-04-19,Fashion_20240419,Fashion,193.36
2024-04-19,Grocery_20240419,Grocery,6.75
2024-04-19,Home_Kitchen_20240419,Home & Kitchen,143.3
2024-04-19,Sports_20240419,Sports,0.0
2024-04-19,Toys_20240419,Toys,15.59
2024-04-20,Beauty_20240420,Beauty,12.39
2024-04-20,Books_20240420,Books,0.0
2024-04-20,Electronics_20240420,Electronics,0.0
2024-04-20,Fashion_20240420,Fashion,16.94
2024-04-20,Grocery_20240420,Grocery,7.52
2024-04-20,Home_Kitchen_20240420,Home & Kitchen,113.35
2024-04-20,Sports_20240420,Sports,90.16
2024-04-20,Toys_20240420,Toys,32.89
2024-04-21,Beauty_20240421,Beauty,47.32
2024-04-21,Books_20240421,Books,14.77
2024-04-21,Electronics_20240421,Electronics,68.73
2024-04-21,Fashion_20240421,Fashion,0.0
2024-04-21,Grocery_20240421,Grocery,36.52
2024-04-21,Home_Kitchen_20240421,Home & Kitchen,98.75
2024-04-21,Sports_20240421,Sports,191.27
2024-04-21,Toys_20240421,Toys,0.0
2024-04-22,Beauty_20240422,Beauty,20.88
2024-04-22,Books_20240422,Books,17.05
2024-04-22,Electronics_20240422,Electronics,90.25
2024-04-22,Fashion_20240422,Fashion,32.49
2024-04-22,Grocery_20240422,Grocery,42.38
2024-04-22,Home_Kitchen_20240422,Home & Kitchen,85.48
2024-04-22,Sports_20240422,Sports,28.72
2024-04-22,Toys_20240422,Toys,24.67
2024-04-23,Beauty_20240423,Beauty,0.0
2024-04-23,Books_20240423,Books,61.55
2024-04-23,Electronics_20240423,Electronics,422.11
2024-04-23,Fashion_20240423,Fashion,8.04
2024-04-23,Grocery_20240423,Grocery,0.0
2024-04-23,Home_Kitchen_20240423,Home & Kitchen,12.78
2024-04-23,Sports_20240423,Sports,36.51
2024-04-23,Toys_20240423,Toys,0.0
2024-04-24,Beauty_20240424,Beauty,0.0
2024-04-24,Books_20240424,Books,0.0
2024-04-24,Electronics_20240424,Electronics,56.47
2024-04-24,Fashion_20240424,Fashion,0.0
2024-04-24,Grocery_20240424,Grocery,13.86
2024-04-24,Home_Kitchen_20240424,Home & Kitchen,174.86
2024-04-24,Sports_20240424,Sports,238.39
2024-04-24,Toys_20240424,Toys,132.63
2024-04-25,Beauty_20240425,Beauty,0.0
2024-04-25,Books_20240425,Books,0.0
2024-04-25,Electronics_20240425,Electronics,27.18
2024-04-25,Fashion_20240425,Fashion,79.98
2024-04-25,Grocery_20240425,Grocery,0.0
2024-04-25,Home_Kitchen_20240425,Home & Kitchen,15.82
2024-04-25,Sports_20240425,Sports,0.0
2024-04-25,Toys_20240425,Toys,28.54
2024-04-26,Beauty_20240426,Beauty,60.85
2024-04-26,Books_20240426,Books,23.56
2024-04-26,Electronics_20240426,Electronics,386.11
2024-04-26,Fashion_20240426,Fashion,58.67
2024-04-26,Grocery_20240426,Grocery,5.2
2024-04-26,Home_Kitchen_20240426,Home & Kitchen,105.9
2024-04-26,Sports_20240426,Sports,63.77
2024-04-26,Toys_20240426,Toys,26.38
2024-04-27,Beauty_20240427,Beauty,0.0
2024-04-27,Books_20240427,Books,30.39
2024-04-27,Electronics_20240427,Electronics,52.74
2024-04-27,Fashion_20240427,Fashion,20.03
2024-04-27,Grocery_20240427,Grocery,8.06
2024-04-27,Home_Kitchen_20240427,Home & Kitchen,265.25
2024-04-27,Sports_20240427,Sports,93.91
2024-04-27,Toys_20240427,Toys,78.98
2024-04-28,Beauty_20240428,Beauty,0.0
2024-04-28,Books_20240428,Books,7.29
2024-04-28,Electronics_20240428,Electronics,218.83
2024-04-28,Fashion_20240428,Fashion,0.0
2024-04-28,Grocery_20240428,Grocery,5.72
2024-04-28,Home_Kitchen_20240428,Home & Kitchen,188.59
2024-04-28,Sports_20240428,Sports,112.41
2024-04-28,Toys_20240428,Toys,39.74
2024-04-29,Beauty_20240429,Beauty,44.77
2024-04-29,Books_20240429,Books,26.58
2024-04-29,Electronics_20240429,Electronics,0.0
2024-04-29,Fashion_20240429,Fashion,155.25
2024-04-29,Grocery_20240429,Grocery,0.0
2024-04-29,Home_Kitchen_20240429,Home & Kitchen,14.67
2024-04-29,Sports_20240429,Sports,68.93
2024-04-29,Toys_20240429,Toys,213.93
2024-04-30,Beauty_20240430,Beauty,17.2
2024-04-30,Books_20240430,Books,14.21
2024-04-30,Electronics_20240430,Electronics,59.0
2024-04-30,Fashion_20240430,Fashion,18.64
2024-04-30,Grocery_20240430,Grocery,6.65
2024-04-30,Home_Kitchen_20240430,Home & Kitchen,0.0
2024-04-30,Sports_20240430,Sports,0.0
2024-04-30,Toys_20240430,Toys,65.21
2024-05-01,Beauty_20240501,Beauty,0.0
2024-05-01,Books_20240501,Books,0.0
2024-05-01,Electronics_20240501,Electronics,127.65
2024-05-01,Fashion_20240501,Fashion,112.41
2024-05-01,Grocery_20240501,Grocery,0.0
2024-05-01,Home_Kitchen_20240501,Home & Kitchen,53.66
2024-05-01,Sports_20240501,Sports,64.22
2024-05-01,Toys_20240501,Toys,0.0
2024-05-02,Beauty_20240502,Beauty,0.0
2024-05-02,Books_20240502,Books,0.0
2024-05-02,Electronics_20240502,Electronics,148.35
2024-05-02,Fashion_20240502,Fashion,73.33
2024-05-02,Grocery_20240502,Grocery,1.69
2024-05-02,Home_Kitchen_20240502,Home & Kitchen,0.0
2024-05-02,Sports_20240502,Sports,11.35
2024-05-02,Toys_20240502,Toys,79.84
2024-05-03,Beauty_20240503,Beauty,0.0
2024-05-03,Books_20240503,Books,86.93
2024-05-03,Electronics_20240503,Electronics,0.0
2024-05-03,Fashion_20240503,Fashion,40.53
2024-05-03,Grocery_20240503,Grocery,7.33
2024-05-03,Home_Kitchen_20240503,Home & Kitchen,0.0
2024-05-03,Sports_20240503,Sports,0.0
2024-05-03,Toys_20240503,Toys,96.73
2024-05-04,Beauty_20240504,Beauty,24.85
2024-05-04,Books_20240504,Books,31.98
2024-05-04,Electronics_20240504,Electronics,164.4
2024-05-04,Fashion_20240504,Fashion,0.0
2024-05-04,Grocery_20240504,Grocery,31.88
2024-05-04,Home_Kitchen_20240504,Home & Kitchen,0.0
2024-05-04,Sports_20240504,Sports,42.58
2024-05-04,Toys_20240504,Toys,0.0
2024-05-05,Beauty_20240505,Beauty,0.0
2024-05-05,Books_20240505,Books,0.0
2024-05-05,Electronics_20240505,Electronics,293.92
2024-05-05,Fashion_20240505,Fashion,184.17
2024-05-05,Grocery_20240505,Grocery,0.0
2024-05-05,Home_Kitchen_20240505,Home & Kitchen,0.0
2024-05-05,Sports_20240505,Sports,85.71
2024-05-05,Toys_20240505,Toys,0.0
2024-05-06,Beauty_20240506,Beauty,14.95
2024-05-06,Books_20240506,Books,0.0
2024-05-06,Electronics_20240506,Electronics,101.52
2024-05-06,Fashion_20240506,Fashion,3.44
2024-05-06,Grocery_20240506,Grocery,52.05
2024-05-06,Home_Kitchen_20240506,Home & Kitchen,211.82
2024-05-06,Sports_20240506,Sports,0.0
2024-05-06,Toys_20240506,Toys,209.59
2024-05-07,Beauty_20240507,Beauty,0.0
2024-05-07,Books_20240507,Books,8.55
2024-05-07,Electronics_20240507,Electronics,162.02
2024-05-07,Fashion_20240507,Fashion,0.0
2024-05-07,Grocery_20240507,Grocery,20.85
2024-05-07,Home_Kitchen_20240507,Home & Kitchen,58.49
2024-05-07,Sports_20240507,Sports,269.45
2024-05-07,Toys_20240507,Toys,44.92
2024-05-08,Beauty_20240508,Beauty,0.0
2024-05-08,Books_20240508,Books,0.0
2024-05-08,Electronics_20240508,Electronics,298.23
2024-05-08,Fashion_20240508,Fashion,0.0
2024-05-08,Grocery_20240508,Grocery,2.52
2024-05-08,Home_Kitchen_20240508,Home & Kitchen,41.51
2024-05-08,Sports_20240508,Sports,228.68
2024-05-08,Toys_20240508,Toys,16.21
2024-05-09,Beauty_20240509,Beauty,34.45
2024-05-09,Books_20240509,Books,0.0
2024-05-09,Electronics_20240509,Electronics,284.22
2024-05-09,Fashion_20240509,Fashion,156.71
2024-05-09,Grocery_20240509,Grocery,31.75
2024-05-09,Home_Kitchen_20240509,Home & Kitchen,221.41
2024-05-09,Sports_20240509,Sports,163.03
2024-05-09,Toys_20240509,Toys,206.78
2024-05-10,Beauty_20240510,Beauty,16.0
2024-05-10,Books_20240510,Books,43.42
2024-05-10,Electronics_20240510,Electronics,124.8
2024-05-10,Fashion_20240510,Fashion,0.0
2024-05-10,Grocery_20240510,Grocery,5.81
2024-05-10,Home_Kitchen_20240510,Home & Kitchen,84.61
2024-05-10,Sports_20240510,Sports,123.86
2024-05-10,Toys_20240510,Toys,30.61
2024-05-11,Beauty_20240511,Beauty,26.15
2024-05-11,Books_20240511,Books,14.24
2024-05-11,Electronics_20240511,Electronics,310.7
2024-05-11,Fashion_20240511,Fashion,0.0
2024-05-11,Grocery_20240511,Grocery,36.32
2024-05-11,Home_Kitchen_20240511,Home & Kitchen,6.48
2024-05-11,Sports_20240511,Sports,139.29
2024-05-11,Toys_20240511,Toys,6.47
2024-05-12,Beauty_20240512,Beauty,35.64
2024-05-12,Books_20240512,Books,28.51
2024-05-12,Electronics_20240512,Electronics,25.21
2024-05-12,Fashion_20240512,Fashion,29.61
2024-05-12,Grocery_20240512,Grocery,0.0
2024-05-12,Home_Kitchen_20240512,Home & Kitchen,97.13
2024-05-12,Sports_20240512,Sports,0.0
2024-05-12,Toys_20240512,Toys,0.0
2024-05-13,Beauty_20240513,Beauty,7.94
2024-05-13,Books_20240513,Books,5.6
2024-05-13,Electronics_20240513,Electronics,88.29
2024-05-13,Fashion_20240513,Fashion,34.71
2024-05-13,Grocery_20240513,Grocery,0.0
2024-05-13,Home_Kitchen_20240513,Home & Kitchen,0.0
2024-05-13,Sports_20240513,Sports,0.0
2024-05-13,Toys_20240513,Toys,55.38
2024-05-14,Beauty_20240514,Beauty,4.52
2024-05-14,Books_20240514,Books,0.0
2024-05-14,Electronics_20240514,Electronics,0.0
2024-05-14,Fashion_20240514,Fashion,8.0
2024-05-14,Grocery_20240514,Grocery,9.18
2024-05-14,Home_Kitchen_20240514,Home & Kitchen,0.0
2024-05-14,Sports_20240514,Sports,0.0
2024-05-14,Toys_20240514,Toys,94.81
2024-05-15,Beauty_20240515,Beauty,10.87
2024-05-15,Books_20240515,Books,0.0
2024-05-15,Electronics_20240515,Electronics,31.01
2024-05-15,Fashion_20240515,Fashion,0.0
2024-05-15,Grocery_20240515,Grocery,39.17
2024-05-15,Home_Kitchen_20240515,Home & Kitchen,0.0
2024-05-15,Sports_20240515,Sports,32.06
2024-05-15,Toys_20240515,Toys,10.3
2024-05-16,Beauty_20240516,Beauty,12.73
2024-05-16,Books_20240516,Books,12.57
2024-05-16,Electronics_20240516,Electronics,268.7
2024-05-16,Fashion_20240516,Fashion,0.0
2024-05-16,Grocery_20240516,Grocery,0.0
2024-05-16,Home_Kitchen_20240516,Home & Kitchen,94.97
2024-05-16,Sports_20240516,Sports,0.0
2024-05-16,Toys_20240516,Toys,71.87
2024-05-17,Beauty_20240517,Beauty,28.69
2024-05-17,Books_20240517,Books,9.97
2024-05-17,Electronics_20240517,Electronics,219.1
2024-05-17,Fashion_20240517,Fashion,0.0
2024-05-17,Grocery_20240517,Grocery,9.72
2024-05-17,Home_Kitchen_20240517,Home & Kitchen,0.0
2024-05-17,Sports_20240517,Sports,288.33
2024-05-17,Toys_20240517,Toys,157.78
2024-05-18,Beauty_20240518,Beauty,47.24
2024-05-18,Books_20240518,Books,7.46
2024-05-18,Electronics_20240518,Electronics,140.93
2024-05-18,Fashion_20240518,Fashion,123.2
2024-05-18,Grocery_20240518,Grocery,45.0
2024-05-18,Home_Kitchen_20240518,Home & Kitchen,17.4
2024-05-18,Sports_20240518,Sports,0.0
2024-05-18,Toys_20240518,Toys,91.54
2024-05-19,Beauty_20240519,Beauty,57.72
2024-05-19,Books_20240519,Books,42.11
2024-05-19,Electronics_20240519,Electronics,38.24
2024-05-19,Fashion_20240519,Fashion,107.64
2024-05-19,Grocery_20240519,Grocery,21.92
2024-05-19,Home_Kitchen_20240519,Home & Kitchen,114.53
2024-05-19,Sports_20240519,Sports,51.26
2024-05-19,Toys_20240519,Toys,0.0
2024-05-20,Beauty_20240520,Beauty,49.19
2024-05-20,Books_20240520,Books,13.21
2024-05-20,Electronics_20240520,Electronics,73.55
2024-05-20,Fashion_20240520,Fashion,49.87
2024-05-20,Grocery_20240520,Grocery,21.2
2024-05-20,Home_Kitchen_20240520,Home & Kitchen,145.1
2024-05-20,Sports_20240520,Sports,123.25
2024-05-20,Toys_20240520,Toys,114.92
2024-05-21,Beauty_20240521,Beauty,11.03
2024-05-21,Books_20240521,Books,33.66
2024-05-21,Electronics_20240521,Electronics,81.1
2024-05-21,Fashion_20240521,Fashion,0.0
2024-05-21,Grocery_20240521,Grocery,53.08
2024-05-21,Home_Kitchen_20240521,Home & Kitchen,0.0
2024-05-21,Sports_20240521,Sports,0.0
2024-05-21,Toys_20240521,Toys,0.0
2024-05-22,Beauty_20240522,Beauty,0.0
2024-05-22,Books_20240522,Books,97.08
2024-05-22,Electronics_20240522,Electronics,0.0
2024-05-22,Fashion_20240522,Fashion,231.02
2024-05-22,Grocery_20240522,Grocery,2.18
2024-05-22,Home_Kitchen_20240522,Home & Kitchen,0.0
2024-05-22,Sports_20240522,Sports,125.52
2024-05-22,Toys_20240522,Toys,26.01
2024-05-23,Beauty_20240523,Beauty,6.56
2024-05-23,Books_20240523,Books,19.18
2024-05-23,Electronics_20240523,Electronics,23.07
2024-05-23,Fashion_20240523,Fashion,27.75
2024-05-23,Grocery_20240523,Grocery,0.0
2024-05-23,Home_Kitchen_20240523,Home & Kitchen,24.35
2024-05-23,Sports_20240523,Sports,41.66
2024-05-23,Toys_20240523,Toys,87.66
2024-05-24,Beauty_20240524,Beauty,0.0
2024-05-24,Books_20240524,Books,14.75
2024-05-24,Electronics_20240524,Electronics,180.5
2024-05-24,Fashion_20240524,Fashion,17.08
2024-05-24,Grocery_20240524,Grocery,52.13
2024-05-24,Home_Kitchen_20240524,Home & Kitchen,21.88
2024-05-24,Sports_20240524,Sports,0.0
2024-05-24,Toys_20240524,Toys,55.14
2024-05-25,Beauty_20240525,Beauty,58.61
2024-05-25,Books_20240525,Books,56.18
2024-05-25,Electronics_20240525,Electronics,126.45
2024-05-25,Fashion_20240525,Fashion,0.0
2024-05-25,Grocery_20240525,Grocery,19.08
2024-05-25,Home_Kitchen_20240525,Home & Kitchen,49.09
2024-05-25,Sports_20240525,Sports,161.53
2024-05-25,Toys_20240525,Toys,39.45
2024-05-26,Beauty_20240526,Beauty,0.0
2024-05-26,Books_20240526,Books,14.66
2024-05-26,Electronics_20240526,Electronics,0.0
2024-05-26,Fashion_20240526,Fashion,86.54
2024-05-26,Grocery_20240526,Grocery,25.34
2024-05-26,Home_Kitchen_20240526,Home & Kitchen,117.57
2024-05-26,Sports_20240526,Sports,0.0
2024-05-26,Toys_20240526,Toys,54.42
2024-05-27,Beauty_20240527,Beauty,12.58
2024-05-27,Books_20240527,Books,0.0
2024-05-27,Electronics_20240527,Electronics,0.0
2024-05-27,Fashion_20240527,Fashion,182.85
2024-05-27,Grocery_20240527,Grocery,0.0
2024-05-27,Home_Kitchen_20240527,Home & Kitchen,33.35
2024-05-27,Sports_20240527,Sports,26.98
2024-05-27,Toys_20240527,Toys,78.82
2024-05-28,Beauty_20240528,Beauty,0.0
2024-05-28,Books_20240528,Books,28.15
2024-05-28,Electronics_20240528,Electronics,154.84
2024-05-28,Fashion_20240528,Fashion,24.27
2024-05-28,Grocery_20240528,Grocery,0.0
2024-05-28,Home_Kitchen_20240528,Home & Kitchen,12.63
2024-05-28,Sports_20240528,Sports,22.65
2024-05-28,Toys_20240528,Toys,61.2
2024-05-29,Beauty_20240529,Beauty,11.27
2024-05-29,Books_20240529,Books,17.83
2024-05-29,Electronics_20240529,Electronics,0.0
2024-05-29,Fashion_20240529,Fashion,166.73
2024-05-29,Grocery_20240529,Grocery,71.95
2024-05-29,Home_Kitchen_20240529,Home & Kitchen,18.06
2024-05-29,Sports_20240529,Sports,11.47
2024-05-29,Toys_20240529,Toys,0.0
2024-05-30,Beauty_20240530,Beauty,11.82
2024-05-30,Books_20240530,Books,87.19
2024-05-30,Electronics_20240530,Electronics,0.0
2024-05-30,Fashion_20240530,Fashion,74.65
2024-05-30,Grocery_20240530,Grocery,0.0
2024-05-30,Home_Kitchen_20240530,Home & Kitchen,67.6
2024-05-30,Sports_20240530,Sports,39.05
2024-05-30,Toys_20240530,Toys,14.8
2024-05-31,Beauty_20240531,Beauty,12.36
2024-05-31,Books_20240531,Books,18.53
2024-05-31,Electronics_20240531,Electronics,0.0
2024-05-31,Fashion_20240531,Fashion,14.01
2024-05-31,Grocery_20240531,Grocery,6.49
2024-05-31,Home_Kitchen_20240531,Home & Kitchen,105.36
2024-05-31,Sports_20240531,Sports,37.72
2024-05-31,Toys_20240531,Toys,30.23
2024-06-01,Beauty_20240601,Beauty,0.0
2024-06-01,Books_20240601,Books,0.0
2024-06-01,Electronics_20240601,Electronics,58.06
2024-06-01,Fashion_20240601,Fashion,78.56
2024-06-01,Grocery_20240601,Grocery,35.5
2024-06-01,Home_Kitchen_20240601,Home & Kitchen,105.21
2024-06-01,Sports_20240601,Sports,36.62
2024-06-01,Toys_20240601,Toys,18.39
2024-06-02,Beauty_20240602,Beauty,31.74
2024-06-02,Books_20240602,Books,0.0
2024-06-02,Electronics_20240602,Electronics,169.82
2024-06-02,Fashion_20240602,Fashion,0.0
2024-06-02,Grocery_20240602,Grocery,0.0
2024-06-02,Home_Kitchen_20240602,Home & Kitchen,11.81
2024-06-02,Sports_20240602,Sports,0.0
2024-06-02,Toys_20240602,Toys,38.99
2024-06-03,Beauty_20240603,Beauty,10.72
2024-06-03,Books_20240603,Books,10.7
2024-06-03,Electronics_20240603,Electronics,56.45
2024-06-03,Fashion_20240603,Fashion,109.41
2024-06-03,Grocery_20240603,Grocery,40.69
2024-06-03,Home_Kitchen_20240603,Home & Kitchen,256.83
2024-06-03,Sports_20240603,Sports,5.1
2024-06-03,Toys_20240603,Toys,4.45
2024-06-04,Beauty_20240604,Beauty,0.0
2024-06-04,Books_20240604,Books,9.95
2024-06-04,Electronics_20240604,Electronics,202.02
2024-06-04,Fashion_20240604,Fashion,79.53
2024-06-04,Grocery_20240604,Grocery,9.68
2024-06-04,Home_Kitchen_20240604,Home & Kitchen,0.0
2024-06-04,Sports_20240604,Sports,30.99
2024-06-04,Toys_20240604,Toys,0.0
2024-06-05,Beauty_20240605,Beauty,5.2
2024-06-05,Books_20240605,Books,66.5
2024-06-05,Electronics_20240605,Electronics,90.44
2024-06-05,Fashion_20240605,Fashion,144.77
2024-06-05,Grocery_20240605,Grocery,0.0
2024-06-05,Home_Kitchen_20240605,Home & Kitchen,0.0
2024-06-05,Sports_20240605,Sports,141.52
2024-06-05,Toys_20240605,Toys,28.05
2024-06-06,Beauty_20240606,Beauty,0.0
2024-06-06,Books_20240606,Books,52.77
2024-06-06,Electronics_20240606,Electronics,49.87
2024-06-06,Fashion_20240606,Fashion,0.0
2024-06-06,Grocery_20240606,Grocery,0.0
2024-06-06,Home_Kitchen_20240606,Home & Kitchen,50.62
2024-06-06,Sports_20240606,Sports,100.88
2024-06-06,Toys_20240606,Toys,16.26
2024-06-07,Beauty_20240607,Beauty,0.0
2024-06-07,Books_20240607,Books,52.07
2024-06-07,Electronics_20240607,Electronics,231.2
2024-06-07,Fashion_20240607,Fashion,327.32
2024-06-07,Grocery_20240607,Grocery,0.0
2024-06-07,Home_Kitchen_20240607,Home & Kitchen,139.26
2024-06-07,Sports_20240607,Sports,99.62
2024-06-07,Toys_20240607,Toys,43.22
2024-06-08,Beauty_20240608,Beauty,14.09
2024-06-08,Books_20240608,Books,0.0
2024-06-08,Electronics_20240608,Electronics,443.11
2024-06-08,Fashion_20240608,Fashion,29.36
2024-06-08,Grocery_20240608,Grocery,22.11
2024-06-08,Home_Kitchen_20240608,Home & Kitchen,126.45
2024-06-08,Sports_20240608,Sports,110.69
2024-06-08,Toys_20240608,Toys,72.57
2024-06-09,Beauty_20240609,Beauty,0.0
2024-06-09,Books_20240609,Books,3.93
2024-06-09,Electronics_20240609,Electronics,134.09
2024-06-09,Fashion_20240609,Fashion,26.54
2024-06-09,Grocery_20240609,Grocery,6.42
2024-06-09,Home_Kitchen_20240609,Home & Kitchen,157.58
2024-06-09,Sports_20240609,Sports,141.49
2024-06-09,Toys_20240609,Toys,0.0
2024-06-10,Beauty_20240610,Beauty,35.07
2024-06-10,Books_20240610,Books,0.0
2024-06-10,Electronics_20240610,Electronics,21.95
2024-06-10,Fashion_20240610,Fashion,349.04
2024-06-10,Grocery_20240610,Grocery,6.25
2024-06-10,Home_Kitchen_20240610,Home & Kitchen,0.0
2024-06-10,Sports_20240610,Sports,52.22
2024-06-10,Toys_20240610,Toys,42.67
2024-06-11,Beauty_20240611,Beauty,53.86
2024-06-11,Books_20240611,Books,0.0
2024-06-11,Electronics_20240611,Electronics,169.18
2024-06-11,Fashion_20240611,Fashion,0.0
2024-06-11,Grocery_20240611,Grocery,28.21
2024-06-11,Home_Kitchen_20240611,Home & Kitchen,0.0
2024-06-11,Sports_20240611,Sports,59.59
2024-06-11,Toys_20240611,Toys,8.65
2024-06-12,Beauty_20240612,Beauty,34.35
2024-06-12,Books_20240612,Books,12.61
2024-06-12,Electronics_20240612,Electronics,84.54
2024-06-12,Fashion_20240612,Fashion,126.22
2024-06-12,Grocery_20240612,Grocery,19.74
2024-06-12,Home_Kitchen_20240612,Home & Kitchen,175.13
2024-06-12,Sports_20240612,Sports,239.71
2024-06-12,Toys_20240612,Toys,85.7
2024-06-13,Beauty_20240613,Beauty,3.2
2024-06-13,Books_20240613,Books,23.11
2024-06-13,Electronics_20240613,Electronics,13.69
2024-06-13,Fashion_20240613,Fashion,0.0
2024-06-13,Grocery_20240613,Grocery,6.86
2024-06-13,Home_Kitchen_20240613,Home & Kitchen,122.88
2024-06-13,Sports_20240613,Sports,84.01
2024-06-13,Toys_20240613,Toys,31.55
2024-06-14,Beauty_20240614,Beauty,2.8
2024-06-14,Books_20240614,Books,0.0
2024-06-14,Electronics_20240614,Electronics,135.2
2024-06-14,Fashion_20240614,Fashion,93.17
2024-06-14,Grocery_20240614,Grocery,9.87
2024-06-14,Home_Kitchen_20240614,Home & Kitchen,20.1
2024-06-14,Sports_20240614,Sports,8.59
2024-06-14,Toys_20240614,Toys,45.95
2024-06-15,Beauty_20240615,Beauty,0.0
2024-06-15,Books_20240615,Books,0.0
2024-06-15,Electronics_20240615,Electronics,63.92
2024-06-15,Fashion_20240615,Fashion,0.0
2024-06-15,Grocery_20240615,Grocery,11.67
2024-06-15,Home_Kitchen_20240615,Home & Kitchen,109.33
2024-06-15,Sports_20240615,Sports,3.02
2024-06-15,Toys_20240615,Toys,65.26
2024-06-16,Beauty_20240616,Beauty,9.67
2024-06-16,Books_20240616,Books,87.86
2024-06-16,Electronics_20240616,Electronics,162.89
2024-06-16,Fashion_20240616,Fashion,0.0
2024-06-16,Grocery_20240616,Grocery,0.0
2024-06-16,Home_Kitchen_20240616,Home & Kitchen,206.86
2024-06-16,Sports_20240616,Sports,61.15
2024-06-16,Toys_20240616,Toys,75.34
2024-06-17,Beauty_20240617,Beauty,0.0
2024-06-17,Books_20240617,Books,0.0
2024-06-17,Electronics_20240617,Electronics,65.44
2024-06-17,Fashion_20240617,Fashion,9.93
2024-06-17,Grocery_20240617,Grocery,10.96
2024-06-17,Home_Kitchen_20240617,Home & Kitchen,210.21
2024-06-17,Sports_20240617,Sports,3.89
2024-06-17,Toys_20240617,Toys,43.37
2024-06-18,Beauty_20240618,Beauty,4.49
2024-06-18,Books_20240618,Books,20.49
2024-06-18,Electronics_20240618,Electronics,69.88
2024-06-18,Fashion_20240618,Fashion,0.0
2024-06-18,Grocery_20240618,Grocery,0.0
2024-06-18,Home_Kitchen_20240618,Home & Kitchen,0.0
2024-06-18,Sports_20240618,Sports,51.06
2024-06-18,Toys_20240618,Toys,0.0
2024-06-19,Beauty_20240619,Beauty,25.85
2024-06-19,Books_20240619,Books,66.14
2024-06-19,Electronics_20240619,Electronics,32.54
2024-06-19,Fashion_20240619,Fashion,0.0
2024-06-19,Grocery_20240619,Grocery,16.95
2024-06-19,Home_Kitchen_20240619,Home & Kitchen,46.46
2024-06-19,Sports_20240619,Sports,74.19
2024-06-19,Toys_20240619,Toys,110.96
2024-06-20,Beauty_20240620,Beauty,97.07
2024-06-20,Books_20240620,Books,0.0
2024-06-20,Electronics_20240620,Electronics,0.0
2024-06-20,Fashion_20240620,Fashion,116.71
2024-06-20,Grocery_20240620,Grocery,0.0
2024-06-20,Home_Kitchen_20240620,Home & Kitchen,25.73
2024-06-20,Sports_20240620,Sports,145.98
2024-06-20,Toys_20240620,Toys,27.38
2024-06-21,Beauty_20240621,Beauty,45.09
2024-06-21,Books_20240621,Books,29.18
2024-06-21,Electronics_20240621,Electronics,39.4
2024-06-21,Fashion_20240621,Fashion,53.69
2024-06-21,Grocery_20240621,Grocery,0.0
2024-06-21,Home_Kitchen_20240621,Home & Kitchen,0.0
2024-06-21,Sports_20240621,Sports,174.34
2024-06-21,Toys_20240621,Toys,0.0
2024-06-22,Beauty_20240622,Beauty,0.0
2024-06-22,Books_20240622,Books,66.86
2024-06-22,Electronics_20240622,Electronics,0.0
2024-06-22,Fashion_20240622,Fashion,35.93
2024-06-22,Grocery_20240622,Grocery,10.23
2024-06-22,Home_Kitchen_20240622,Home & Kitchen,351.17
2024-06-22,Sports_20240622,Sports,0.0
2024-06-22,Toys_20240622,Toys,57.67
2024-06-23,Beauty_20240623,Beauty,0.0
2024-06-23,Books_20240623,Books,4.86
2024-06-23,Electronics_20240623,Electronics,160.46
2024-06-23,Fashion_20240623,Fashion,43.2
2024-06-23,Grocery_20240623,Grocery,0.0
2024-06-23,Home_Kitchen_20240623,Home & Kitchen,25.34
2024-06-23,Sports_20240623,Sports,0.0
2024-06-23,Toys_20240623,Toys,0.0
2024-06-24,Beauty_20240624,Beauty,39.57
2024-06-24,Books_20240624,Books,76.89
2024-06-24,Electronics_20240624,Electronics,162.26
2024-06-24,Fashion_20240624,Fashion,36.4
2024-06-24,Grocery_20240624,Grocery,13.07
2024-06-24,Home_Kitchen_20240624,Home & Kitchen,186.69
2024-06-24,Sports_20240624,Sports,0.0
2024-06-24,Toys_20240624,Toys,0.0
2024-06-25,Beauty_20240625,Beauty,32.64
2024-06-25,Books_20240625,Books,0.0
2024-06-25,Electronics_20240625,Electronics,48.72
2024-06-25,Fashion_20240625,Fashion,227.21
2024-06-25,Grocery_20240625,Grocery,0.0
2024-06-25,Home_Kitchen_20240625,Home & Kitchen,94.09
2024-06-25,Sports_20240625,Sports,27.31
2024-06-25,Toys_20240625,Toys,0.0
2024-06-26,Beauty_20240626,Beauty,0.0
2024-06-26,Books_20240626,Books,0.0
2024-06-26,Electronics_20240626,Electronics,160.64
2024-06-26,Fashion_20240626,Fashion,70.22
2024-06-26,Grocery_20240626,Grocery,0.0
2024-06-26,Home_Kitchen_20240626,Home & Kitchen,322.52
2024-06-26,Sports_20240626,Sports,36.58
2024-06-26,Toys_20240626,Toys,29.39
2024-06-27,Beauty_20240627,Beauty,86.41
2024-06-27,Books_20240627,Books,0.0
2024-06-27,Electronics_20240627,Electronics,255.13
2024-06-27,Fashion_20240627,Fashion,28.87
2024-06-27,Grocery_20240627,Grocery,20.37
2024-06-27,Home_Kitchen_20240627,Home & Kitchen,162.2
2024-06-27,Sports_20240627,Sports,0.0
2024-06-27,Toys_20240627,Toys,0.0
2024-06-28,Beauty_20240628,Beauty,34.15
2024-06-28,Books_20240628,Books,0.0
2024-06-28,Electronics_20240628,Electronics,182.53
2024-06-28,Fashion_20240628,Fashion,58.6
2024-06-28,Grocery_20240628,Grocery,18.3
2024-06-28,Home_Kitchen_20240628,Home & Kitchen,37.94
2024-06-28,Sports_20240628,Sports,0.0
2024-06-28,Toys_20240628,Toys,7.79
2024-06-29,Beauty_20240629,Beauty,42.62
2024-06-29,Books_20240629,Books,16.99
2024-06-29,Electronics_20240629,Electronics,58.25
2024-06-29,Fashion_20240629,Fashion,27.96
2024-06-29,Grocery_20240629,Grocery,3.57
2024-06-29,Home_Kitchen_20240629,Home & Kitchen,89.19
2024-06-29,Sports_20240629,Sports,92.25
2024-06-29,Toys_20240629,Toys,145.4
2024-06-30,Beauty_20240630,Beauty,0.0
2024-06-30,Books_20240630,Books,0.0
2024-06-30,Electronics_20240630,Electronics,0.0
2024-06-30,Fashion_20240630,Fashion,32.46
2024-06-30,Grocery_20240630,Grocery,46.89
2024-06-30,Home_Kitchen_20240630,Home & Kitchen,31.79
2024-06-30,Sports_20240630,Sports,68.43
2024-06-30,Toys_20240630,Toys,16.85
2024-07-01,Beauty_20240701,Beauty,0.0
2024-07-01,Books_20240701,Books,6.16
2024-07-01,Electronics_20240701,Electronics,41.52
2024-07-01,Fashion_20240701,Fashion,119.76
2024-07-01,Grocery_20240701,Grocery,13.38
2024-07-01,Home_Kitchen_20240701,Home & Kitchen,77.66
2024-07-01,Sports_20240701,Sports,0.0
2024-07-01,Toys_20240701,Toys,261.41
2024-07-02,Beauty_20240702,Beauty,31.77
2024-07-02,Books_20240702,Books,0.0
2024-07-02,Electronics_20240702,Electronics,101.96
2024-07-02,Fashion_20240702,Fashion,64.01
2024-07-02,Grocery_20240702,Grocery,13.86
2024-07-02,Home_Kitchen_20240702,Home & Kitchen,300.66
2024-07-02,Sports_20240702,Sports,24.16
2024-07-02,Toys_20240702,Toys,53.65
2024-07-03,Beauty_20240703,Beauty,48.16
2024-07-03,Books_20240703,Books,67.83
2024-07-03,Electronics_20240703,Electronics,0.0
2024-07-03,Fashion_20240703,Fashion,0.0
2024-07-03,Grocery_20240703,Grocery,13.62
2024-07-03,Home_Kitchen_20240703,Home & Kitchen,0.0
2024-07-03,Sports_20240703,Sports,0.0
2024-07-03,Toys_20240703,Toys,0.0
2024-07-04,Beauty_20240704,Beauty,5.73
2024-07-04,Books_20240704,Books,11.03
2024-07-04,Electronics_20240704,Electronics,309.64
2024-07-04,Fashion_20240704,Fashion,39.17
2024-07-04,Grocery_20240704,Grocery,0.0
2024-07-04,Home_Kitchen_20240704,Home & Kitchen,0.0
2024-07-04,Sports_20240704,Sports,0.0
2024-07-04,Toys_20240704,Toys,0.0
2024-07-05,Beauty_20240705,Beauty,9.11
2024-07-05,Books_20240705,Books,36.77
2024-07-05,Electronics_20240705,Electronics,0.0
2024-07-05,Fashion_20240705,Fashion,26.18
2024-07-05,Grocery_20240705,Grocery,9.06
2024-07-05,Home_Kitchen_20240705,Home & Kitchen,54.53
2024-07-05,Sports_20240705,Sports,26.12
2024-07-05,Toys_20240705,Toys,21.44
2024-07-06,Beauty_20240706,Beauty,30.51
2024-07-06,Books_20240706,Books,54.04
2024-07-06,Electronics_20240706,Electronics,0.0
2024-07-06,Fashion_20240706,Fashion,0.0
2024-07-06,Grocery_20240706,Grocery,10.02
2024-07-06,Home_Kitchen_20240706,Home & Kitchen,56.03
2024-07-06,Sports_20240706,Sports,0.0
2024-07-06,Toys_20240706,Toys,22.15
2024-07-07,Beauty_20240707,Beauty,62.27
2024-07-07,Books_20240707,Books,36.05
2024-07-07,Electronics_20240707,Electronics,0.0
2024-07-07,Fashion_20240707,Fashion,35.78
2024-07-07,Grocery_20240707,Grocery,26.88
2024-07-07,Home_Kitchen_20240707,Home & Kitchen,10.95
2024-07-07,Sports_20240707,Sports,0.0
2024-07-07,Toys_20240707,Toys,12.06
2024-07-08,Beauty_20240708,Beauty,53.52
2024-07-08,Books_20240708,Books,9.81
2024-07-08,Electronics_20240708,Electronics,194.66
2024-07-08,Fashion_20240708,Fashion,6.59
2024-07-08,Grocery_20240708,Grocery,12.22
2024-07-08,Home_Kitchen_20240708,Home & Kitchen,373.83
2024-07-08,Sports_20240708,Sports,0.0
2024-07-08,Toys_20240708,Toys,52.83
2024-07-09,Beauty_20240709,Beauty,0.0
2024-07-09,Books_20240709,Books,23.24
2024-07-09,Electronics_20240709,Electronics,198.45
2024-07-09,Fashion_20240709,Fashion,0.0
2024-07-09,Grocery_20240709,Grocery,17.92
2024-07-09,Home_Kitchen_20240709,Home & Kitchen,120.81
2024-07-09,Sports_20240709,Sports,26.55
2024-07-09,Toys_20240709,Toys,39.67
2024-07-10,Beauty_20240710,Beauty,5.72
2024-07-10,Books_20240710,Books,5.86
2024-07-10,Electronics_20240710,Electronics,145.61
2024-07-10,Fashion_20240710,Fashion,0.0
2024-07-10,Grocery_20240710,Grocery,0.0
2024-07-10,Home_Kitchen_20240710,Home & Kitchen,215.16
2024-07-10,Sports_20240710,Sports,29.57
2024-07-10,Toys_20240710,Toys,0.0
2024-07-11,Beauty_20240711,Beauty,16.65
2024-07-11,Books_20240711,Books,0.0
2024-07-11,Electronics_20240711,Electronics,0.0
2024-07-11,Fashion_20240711,Fashion,225.15
2024-07-11,Grocery_20240711,Grocery,36.77
2024-07-11,Home_Kitchen_20240711,Home & Kitchen,139.24
2024-07-11,Sports_20240711,Sports,0.0
2024-07-11,Toys_20240711,Toys,85.01
2024-07-12,Beauty_20240712,Beauty,38.66
2024-07-12,Books_20240712,Books,17.95
2024-07-12,Electronics_20240712,Electronics,0.0
2024-07-12,Fashion_20240712,Fashion,32.3
2024-07-12,Grocery_20240712,Grocery,0.0
2024-07-12,Home_Kitchen_20240712,Home & Kitchen,33.2
2024-07-12,Sports_20240712,Sports,18.22
2024-07-12,Toys_20240712,Toys,85.9
2024-07-13,Beauty_20240713,Beauty,2.59
2024-07-13,Books_20240713,Books,0.0
2024-07-13,Electronics_20240713,Electronics,642.14
2024-07-13,Fashion_20240713,Fashion,0.0
2024-07-13,Grocery_20240713,Grocery,41.03
2024-07-13,Home_Kitchen_20240713,Home & Kitchen,51.51
2024-07-13,Sports_20240713,Sports,64.81
2024-07-13,Toys_20240713,Toys,253.42
2024-07-14,Beauty_20240714,Beauty,93.03
2024-07-14,Books_20240714,Books,20.76
2024-07-14,Electronics_20240714,Electronics,27.39
2024-07-14,Fashion_20240714,Fashion,0.0
2024-07-14,Grocery_20240714,Grocery,18.93
2024-07-14,Home_Kitchen_20240714,Home & Kitchen,100.91
2024-07-14,Sports_20240714,Sports,118.96
2024-07-14,Toys_20240714,Toys,0.0
2024-07-15,Beauty_20240715,Beauty,15.17
2024-07-15,Books_20240715,Books,71.54
2024-07-15,Electronics_20240715,Electronics,0.0
2024-07-15,Fashion_20240715,Fashion,0.0
2024-07-15,Grocery_20240715,Grocery,7.02
2024-07-15,Home_Kitchen_20240715,Home & Kitchen,38.18
2024-07-15,Sports_20240715,Sports,33.23
2024-07-15,Toys_20240715,Toys,58.73
2024-07-16,Beauty_20240716,Beauty,9.24
2024-07-16,Books_20240716,Books,34.79
2024-07-16,Electronics_20240716,Electronics,277.05
2024-07-16,Fashion_20240716,Fashion,62.09
2024-07-16,Grocery_20240716,Grocery,2.98
2024-07-16,Home_Kitchen_20240716,Home & Kitchen,209.12
2024-07-16,Sports_20240716,Sports,0.0
2024-07-16,Toys_20240716,Toys,0.0
2024-07-17,Beauty_20240717,Beauty,11.87
2024-07-17,Books_20240717,Books,11.87
2024-07-17,Electronics_20240717,Electronics,32.52
2024-07-17,Fashion_20240717,Fashion,23.12
2024-07-17,Grocery_20240717,Grocery,6.61
2024-07-17,Home_Kitchen_20240717,Home & Kitchen,162.05
2024-07-17,Sports_20240717,Sports,0.0
2024-07-17,Toys_20240717,Toys,72.31
2024-07-18,Beauty_20240718,Beauty,0.0
2024-07-18,Books_20240718,Books,44.21
2024-07-18,Electronics_20240718,Electronics,232.0
2024-07-18,Fashion_20240718,Fashion,89.66
2024-07-18,Grocery_20240718,Grocery,13.48
2024-07-18,Home_Kitchen_20240718,Home & Kitchen,58.14
2024-07-18,Sports_20240718,Sports,12.28
2024-07-18,Toys_20240718,Toys,0.0
2024-07-19,Beauty_20240719,Beauty,68.7
2024-07-19,Books_20240719,Books,8.24
2024-07-19,Electronics_20240719,Electronics,0.0
2024-07-19,Fashion_20240719,Fashion,81.59
2024-07-19,Grocery_20240719,Grocery,0.0
2024-07-19,Home_Kitchen_20240719,Home & Kitchen,58.46
2024-07-19,Sports_20240719,Sports,31.15
2024-07-19,Toys_20240719,Toys,10.85
2024-07-20,Beauty_20240720,Beauty,13.36
2024-07-20,Books_20240720,Books,21.17
2024-07-20,Electronics_20240720,Electronics,36.17
2024-07-20,Fashion_20240720,Fashion,9.06
2024-07-20,Grocery_20240720,Grocery,0.0
2024-07-20,Home_Kitchen_20240720,Home & Kitchen,86.4
2024-07-20,Sports_20240720,Sports,209.97
2024-07-20,Toys_20240720,Toys,0.0
2024-07-21,Beauty_20240721,Beauty,47.88
2024-07-21,Books_20240721,Books,0.0
2024-07-21,Electronics_20240721,Electronics,37.65
2024-07-21,Fashion_20240721,Fashion,0.0
2024-07-21,Grocery_20240721,Grocery,19.13
2024-07-21,Home_Kitchen_20240721,Home & Kitchen,226.89
2024-07-21,Sports_20240721,Sports,35.25
2024-07-21,Toys_20240721,Toys,117.53
2024-07-22,Beauty_20240722,Beauty,0.0
2024-07-22,Books_20240722,Books,32.2
2024-07-22,Electronics_20240722,Electronics,0.0
2024-07-22,Fashion_20240722,Fashion,0.0
2024-07-22,Grocery_20240722,Grocery,42.77
2024-07-22,Home_Kitchen_20240722,Home & Kitchen,55.48
2024-07-22,Sports_20240722,Sports,18.68
2024-07-22,Toys_20240722,Toys,0.0
2024-07-23,Beauty_20240723,Beauty,1.41
2024-07-23,Books_20240723,Books,22.41
2024-07-23,Electronics_20240723,Electronics,39.9
2024-07-23,Fashion_20240723,Fashion,98.47
2024-07-23,Grocery_20240723,Grocery,28.34
2024-07-23,Home_Kitchen_20240723,Home & Kitchen,168.13
2024-07-23,Sports_20240723,Sports,0.0
2024-07-23,Toys_20240723,Toys,0.0
2024-07-24,Beauty_20240724,Beauty,56.3
2024-07-24,Books_20240724,Books,0.0
2024-07-24,Electronics_20240724,Electronics,0.0
2024-07-24,Fashion_20240724,Fashion,37.21
2024-07-24,Grocery_20240724,Grocery,0.0
2024-07-24,Home_Kitchen_20240724,Home & Kitchen,0.0
2024-07-24,Sports_20240724,Sports,578.33
2024-07-24,Toys_20240724,Toys,41.77
2024-07-25,Beauty_20240725,Beauty,104.83
2024-07-25,Books_20240725,Books,25.21
2024-07-25,Electronics_20240725,Electronics,285.11
2024-07-25,Fashion_20240725,Fashion,0.0
2024-07-25,Grocery_20240725,Grocery,66.66
2024-07-25,Home_Kitchen_20240725,Home & Kitchen,0.0
2024-07-25,Sports_20240725,Sports,77.65
2024-07-25,Toys_20240725,Toys,7.53
2024-07-26,Beauty_20240726,Beauty,4.82
2024-07-26,Books_20240726,Books,14.44
2024-07-26,Electronics_20240726,Electronics,555.39
2024-07-26,Fashion_20240726,Fashion,142.32
2024-07-26,Grocery_20240726,Grocery,17.75
2024-07-26,Home_Kitchen_20240726,Home & Kitchen,246.57
2024-07-26,Sports_20240726,Sports,0.0
2024-07-26,Toys_20240726,Toys,47.18
2024-07-27,Beauty_20240727,Beauty,0.0
2024-07-27,Books_20240727,Books,32.01
2024-07-27,Electronics_20240727,Electronics,0.0
2024-07-27,Fashion_20240727,Fashion,35.73
2024-07-27,Grocery_20240727,Grocery,0.0
2024-07-27,Home_Kitchen_20240727,Home & Kitchen,111.92
2024-07-27,Sports_20240727,Sports,0.0
2024-07-27,Toys_20240727,Toys,0.0
2024-07-28,Beauty_20240728,Beauty,69.5
2024-07-28,Books_20240728,Books,9.02
2024-07-28,Electronics_20240728,Electronics,89.9
2024-07-28,Fashion_20240728,Fashion,15.56
2024-07-28,Grocery_20240728,Grocery,0.0
2024-07-28,Home_Kitchen_20240728,Home & Kitchen,28.34
2024-07-28,Sports_20240728,Sports,22.47
2024-07-28,Toys_20240728,Toys,22.89
2024-07-29,Beauty_20240729,Beauty,51.35
2024-07-29,Books_20240729,Books,35.36
2024-07-29,Electronics_20240729,Electronics,138.54
2024-07-29,Fashion_20240729,Fashion,65.3
2024-07-29,Grocery_20240729,Grocery,0.0
2024-07-29,Home_Kitchen_20240729,Home & Kitchen,126.89
2024-07-29,Sports_20240729,Sports,62.16
2024-07-29,Toys_20240729,Toys,79.3
2024-07-30,Beauty_20240730,Beauty,12.55
2024-07-30,Books_20240730,Books,2.39
2024-07-30,Electronics_20240730,Electronics,242.83
2024-07-30,Fashion_20240730,Fashion,60.8
2024-07-30,Grocery_20240730,Grocery,4.99
2024-07-30,Home_Kitchen_20240730,Home & Kitchen,7.6
2024-07-30,Sports_20240730,Sports,32.08
2024-07-30,Toys_20240730,Toys,0.0
2024-07-31,Beauty_20240731,Beauty,12.53
2024-07-31,Books_20240731,Books,20.88
2024-07-31,Electronics_20240731,Electronics,7.87
2024-07-31,Fashion_20240731,Fashion,41.86
2024-07-31,Grocery_20240731,Grocery,31.72
2024-07-31,Home_Kitchen_20240731,Home & Kitchen,71.4
2024-07-31,Sports_20240731,Sports,14.98
2024-07-31,Toys_20240731,Toys,41.41
2024-08-01,Beauty_20240801,Beauty,31.18
2024-08-01,Books_20240801,Books,44.54
2024-08-01,Electronics_20240801,Electronics,89.44
2024-08-01,Fashion_20240801,Fashion,69.48
2024-08-01,Grocery_20240801,Grocery,14.91
2024-08-01,Home_Kitchen_20240801,Home & Kitchen,114.47
2024-08-01,Sports_20240801,Sports,182.68
2024-08-01,Toys_20240801,Toys,0.0
2024-08-02,Beauty_20240802,Beauty,0.0
2024-08-02,Books_20240802,Books,9.31
2024-08-02,Electronics_20240802,Electronics,58.91
2024-08-02,Fashion_20240802,Fashion,78.83
2024-08-02,Grocery_20240802,Grocery,39.54
2024-08-02,Home_Kitchen_20240802,Home & Kitchen,190.83
2024-08-02,Sports_20240802,Sports,0.0
2024-08-02,Toys_20240802,Toys,67.57
2024-08-03,Beauty_20240803,Beauty,0.0
2024-08-03,Books_20240803,Books,27.41
2024-08-03,Electronics_20240803,Electronics,0.0
2024-08-03,Fashion_20240803,Fashion,181.7
2024-08-03,Grocery_20240803,Grocery,27.04
2024-08-03,Home_Kitchen_20240803,Home & Kitchen,0.0
2024-08-03,Sports_20240803,Sports,0.0
2024-08-03,Toys_20240803,Toys,82.28
2024-08-04,Beauty_20240804,Beauty,86.45
2024-08-04,Books_20240804,Books,42.68
2024-08-04,Electronics_20240804,Electronics,66.62
2024-08-04,Fashion_20240804,Fashion,73.3
2024-08-04,Grocery_20240804,Grocery,0.0
2024-08-04,Home_Kitchen_20240804,Home & Kitchen,163.37
2024-08-04,Sports_20240804,Sports,0.0
2024-08-04,Toys_20240804,Toys,20.53
2024-08-05,Beauty_20240805,Beauty,0.0
2024-08-05,Books_20240805,Books,10.14
2024-08-05,Electronics_20240805,Electronics,383.96
2024-08-05,Fashion_20240805,Fashion,49.63
2024-08-05,Grocery_20240805,Grocery,8.14
2024-08-05,Home_Kitchen_20240805,Home & Kitchen,20.32
2024-08-05,Sports_20240805,Sports,147.91
2024-08-05,Toys_20240805,Toys,48.9
2024-08-06,Beauty_20240806,Beauty,0.0
2024-08-06,Books_20240806,Books,33.21
2024-08-06,Electronics_20240806,Electronics,165.53
2024-08-06,Fashion_20240806,Fashion,160.38
2024-08-06,Grocery_20240806,Grocery,0.0
2024-08-06,Home_Kitchen_20240806,Home & Kitchen,0.0
2024-08-06,Sports_20240806,Sports,108.41
2024-08-06,Toys_20240806,Toys,82.95
2024-08-07,Beauty_20240807,Beauty,47.7
2024-08-07,Books_20240807,Books,23.87
2024-08-07,Electronics_20240807,Electronics,91.34
2024-08-07,Fashion_20240807,Fashion,2.96
2024-08-07,Grocery_20240807,Grocery,0.0
2024-08-07,Home_Kitchen_20240807,Home & Kitchen,0.0
2024-08-07,Sports_20240807,Sports,133.0
2024-08-07,Toys_20240807,Toys,0.0
2024-08-08,Beauty_20240808,Beauty,0.0
2024-08-08,Books_20240808,Books,0.0
2024-08-08,Electronics_20240808,Electronics,481.43
2024-08-08,Fashion_20240808,Fashion,14.87
2024-08-08,Grocery_20240808,Grocery,0.0
2024-08-08,Home_Kitchen_20240808,Home & Kitchen,169.56
2024-08-08,Sports_20240808,Sports,331.72
2024-08-08,Toys_20240808,Toys,23.23
2024-08-09,Beauty_20240809,Beauty,65.84
2024-08-09,Books_20240809,Books,27.54
2024-08-09,Electronics_20240809,Electronics,0.0
2024-08-09,Fashion_20240809,Fashion,0.0
2024-08-09,Grocery_20240809,Grocery,0.0
2024-08-09,Home_Kitchen_20240809,Home & Kitchen,682.78
2024-08-09,Sports_20240809,Sports,0.0
2024-08-09,Toys_20240809,Toys,23.83
2024-08-10,Beauty_20240810,Beauty,85.39
2024-08-10,Books_20240810,Books,36.0
2024-08-10,Electronics_20240810,Electronics,36.87
2024-08-10,Fashion_20240810,Fashion,45.24
2024-08-10,Grocery_20240810,Grocery,0.0
2024-08-10,Home_Kitchen_20240810,Home & Kitchen,113.79
2024-08-10,Sports_20240810,Sports,79.21
2024-08-10,Toys_20240810,Toys,97.34
2024-08-11,Beauty_20240811,Beauty,0.0
2024-08-11,Books_20240811,Books,31.49
2024-08-11,Electronics_20240811,Electronics,230.02
2024-08-11,Fashion_20240811,Fashion,7.59
2024-08-11,Grocery_20240811,Grocery,74.93
2024-08-11,Home_Kitchen_20240811,Home & Kitchen,127.08
2024-08-11,Sports_20240811,Sports,174.17
2024-08-11,Toys_20240811,Toys,20.12
2024-08-12,Beauty_20240812,Beauty,24.83
2024-08-12,Books_20240812,Books,29.36
2024-08-12,Electronics_20240812,Electronics,21.99
2024-08-12,Fashion_20240812,Fashion,108.77
2024-08-12,Grocery_20240812,Grocery,0.0
2024-08-12,Home_Kitchen_20240812,Home & Kitchen,86.46
2024-08-12,Sports_20240812,Sports,47.56
2024-08-12,Toys_20240812,Toys,19.38
2024-08-13,Beauty_20240813,Beauty,0.0
2024-08-13,Books_20240813,Books,0.0
2024-08-13,Electronics_20240813,Electronics,13.26
2024-08-13,Fashion_20240813,Fashion,75.25
2024-08-13,Grocery_20240813,Grocery,0.0
2024-08-13,Home_Kitchen_20240813,Home & Kitchen,55.71
2024-08-13,Sports_20240813,Sports,117.26
2024-08-13,Toys_20240813,Toys,0.0
2024-08-14,Beauty_20240814,Beauty,63.24
2024-08-14,Books_20240814,Books,6.89
2024-08-14,Electronics_20240814,Electronics,13.44
2024-08-14,Fashion_20240814,Fashion,270.71
2024-08-14,Grocery_20240814,Grocery,40.85
2024-08-14,Home_Kitchen_20240814,Home & Kitchen,0.0
2024-08-14,Sports_20240814,Sports,0.0
2024-08-14,Toys_20240814,Toys,32.05
2024-08-15,Beauty_20240815,Beauty,46.33
2024-08-15,Books_20240815,Books,81.08
2024-08-15,Electronics_20240815,Electronics,68.46
2024-08-15,Fashion_20240815,Fashion,217.91
2024-08-15,Grocery_20240815,Grocery,29.72
2024-08-15,Home_Kitchen_20240815,Home & Kitchen,77.67
2024-08-15,Sports_20240815,Sports,8.89
2024-08-15,Toys_20240815,Toys,27.83
2024-08-16,Beauty_20240816,Beauty,3.93
2024-08-16,Books_20240816,Books,0.0
2024-08-16,Electronics_20240816,Electronics,0.0
2024-08-16,Fashion_20240816,Fashion,0.0
2024-08-16,Grocery_20240816,Grocery,0.0
2024-08-16,Home_Kitchen_20240816,Home & Kitchen,0.0
2024-08-16,Sports_20240816,Sports,15.27
2024-08-16,Toys_20240816,Toys,56.2
2024-08-17,Beauty_20240817,Beauty,0.0
2024-08-17,Books_20240817,Books,0.0
2024-08-17,Electronics_20240817,Electronics,0.0
2024-08-17,Fashion_20240817,Fashion,231.28
2024-08-17,Grocery_20240817,Grocery,80.91
2024-08-17,Home_Kitchen_20240817,Home & Kitchen,225.9
2024-08-17,Sports_20240817,Sports,0.0
2024-08-17,Toys_20240817,Toys,101.36
2024-08-18,Beauty_20240818,Beauty,92.18
2024-08-18,Books_20240818,Books,2.19
2024-08-18,Electronics_20240818,Electronics,30.63
2024-08-18,Fashion_20240818,Fashion,38.4
2024-08-18,Grocery_20240818,Grocery,2.13
2024-08-18,Home_Kitchen_20240818,Home & Kitchen,88.12
2024-08-18,Sports_20240818,Sports,0.0
2024-08-18,Toys_20240818,Toys,0.0
2024-08-19,Beauty_20240819,Beauty,4.58
2024-08-19,Books_20240819,Books,0.0
2024-08-19,Electronics_20240819,Electronics,161.25
2024-08-19,Fashion_20240819,Fashion,0.0
2024-08-19,Grocery_20240819,Grocery,0.0
2024-08-19,Home_Kitchen_20240819,Home & Kitchen,0.0
2024-08-19,Sports_20240819,Sports,0.0
2024-08-19,Toys_20240819,Toys,0.0
2024-08-20,Beauty_20240820,Beauty,78.88
2024-08-20,Books_20240820,Books,35.32
2024-08-20,Electronics_20240820,Electronics,105.79
2024-08-20,Fashion_20240820,Fashion,3.86
2024-08-20,Grocery_20240820,Grocery,4.73
2024-08-20,Home_Kitchen_20240820,Home & Kitchen,0.0
2024-08-20,Sports_20240820,Sports,334.84
2024-08-20,Toys_20240820,Toys,241.63
2024-08-21,Beauty_20240821,Beauty,0.0
2024-08-21,Books_20240821,Books,36.26
2024-08-21,Electronics_20240821,Electronics,0.0
2024-08-21,Fashion_20240821,Fashion,174.83
2024-08-21,Grocery_20240821,Grocery,22.3
2024-08-21,Home_Kitchen_20240821,Home & Kitchen,117.7
2024-08-21,Sports_20240821,Sports,31.29
2024-08-21,Toys_20240821,Toys,51.48
2024-08-22,Beauty_20240822,Beauty,0.0
2024-08-22,Books_20240822,Books,17.76
2024-08-22,Electronics_20240822,Electronics,42.99
2024-08-22,Fashion_20240822,Fashion,26.69
2024-08-22,Grocery_20240822,Grocery,39.1
2024-08-22,Home_Kitchen_20240822,Home & Kitchen,0.0
2024-08-22,Sports_20240822,Sports,0.0
2024-08-22,Toys_20240822,Toys,152.38
2024-08-23,Beauty_20240823,Beauty,93.42
2024-08-23,Books_20240823,Books,0.0
2024-08-23,Electronics_20240823,Electronics,169.46
2024-08-23,Fashion_20240823,Fashion,25.24
2024-08-23,Grocery_20240823,Grocery,3.97
2024-08-23,Home_Kitchen_20240823,Home & Kitchen,0.0
2024-08-23,Sports_20240823,Sports,36.39
2024-08-23,Toys_20240823,Toys,41.44
2024-08-24,Beauty_20240824,Beauty,0.0
2024-08-24,Books_20240824,Books,56.64
2024-08-24,Electronics_20240824,Electronics,8.24
2024-08-24,Fashion_20240824,Fashion,0.0
2024-08-24,Grocery_20240824,Grocery,31.22
2024-08-24,Home_Kitchen_20240824,Home & Kitchen,58.94
2024-08-24,Sports_20240824,Sports,28.96
2024-08-24,Toys_20240824,Toys,39.36
2024-08-25,Beauty_20240825,Beauty,20.98
2024-08-25,Books_20240825,Books,0.0
2024-08-25,Electronics_20240825,Electronics,7.23
2024-08-25,Fashion_20240825,Fashion,43.77
2024-08-25,Grocery_20240825,Grocery,1.61
2024-08-25,Home_Kitchen_20240825,Home & Kitchen,74.98
2024-08-25,Sports_20240825,Sports,0.0
2024-08-25,Toys_20240825,Toys,34.19
2024-08-26,Beauty_20240826,Beauty,3.78
2024-08-26,Books_20240826,Books,37.88
2024-08-26,Electronics_20240826,Electronics,68.61
2024-08-26,Fashion_20240826,Fashion,13.04
2024-08-26,Grocery_20240826,Grocery,44.84
2024-08-26,Home_Kitchen_20240826,Home & Kitchen,104.08
2024-08-26,Sports_20240826,Sports,108.57
2024-08-26,Toys_20240826,Toys,63.91
2024-08-27,Beauty_20240827,Beauty,0.0
2024-08-27,Books_20240827,Books,0.0
2024-08-27,Electronics_20240827,Electronics,90.27
2024-08-27,Fashion_20240827,Fashion,84.07
2024-08-27,Grocery_20240827,Grocery,0.0
2024-08-27,Home_Kitchen_20240827,Home & Kitchen,304.41
2024-08-27,Sports_20240827,Sports,23.83
2024-08-27,Toys_20240827,Toys,0.0
2024-08-28,Beauty_20240828,Beauty,6.23
2024-08-28,Books_20240828,Books,45.09
2024-08-28,Electronics_20240828,Electronics,191.78
2024-08-28,Fashion_20240828,Fashion,209.72
2024-08-28,Grocery_20240828,Grocery,33.89
2024-08-28,Home_Kitchen_20240828,Home & Kitchen,167.73
2024-08-28,Sports_20240828,Sports,188.49
2024-08-28,Toys_20240828,Toys,29.71
2024-08-29,Beauty_20240829,Beauty,54.71
2024-08-29,Books_20240829,Books,81.62
2024-08-29,Electronics_20240829,Electronics,121.09
2024-08-29,Fashion_20240829,Fashion,0.0
2024-08-29,Grocery_20240829,Grocery,0.0
2024-08-29,Home_Kitchen_20240829,Home & Kitchen,42.65
2024-08-29,Sports_20240829,Sports,149.23
2024-08-29,Toys_20240829,Toys,14.24
2024-08-30,Beauty_20240830,Beauty,44.6
2024-08-30,Books_20240830,Books,11.29
2024-08-30,Electronics_20240830,Electronics,95.82
2024-08-30,Fashion_20240830,Fashion,85.47
2024-08-30,Grocery_20240830,Grocery,0.0
2024-08-30,Home_Kitchen_20240830,Home & Kitchen,131.76
2024-08-30,Sports_20240830,Sports,154.33
2024-08-30,Toys_20240830,Toys,0.0
2024-08-31,Beauty_20240831,Beauty,0.0
2024-08-31,Books_20240831,Books,20.55
2024-08-31,Electronics_20240831,Electronics,65.52
2024-08-31,Fashion_20240831,Fashion,116.42
2024-08-31,Grocery_20240831,Grocery,30.32
2024-08-31,Home_Kitchen_20240831,Home & Kitchen,0.0
2024-08-31,Sports_20240831,Sports,0.0
2024-08-31,Toys_20240831,Toys,126.48
2024-09-01,Beauty_20240901,Beauty,83.0
2024-09-01,Books_20240901,Books,62.68
2024-09-01,Electronics_20240901,Electronics,124.03
2024-09-01,Fashion_20240901,Fashion,13.86
2024-09-01,Grocery_20240901,Grocery,36.96
2024-09-01,Home_Kitchen_20240901,Home & Kitchen,35.28
2024-09-01,Sports_20240901,Sports,193.39
2024-09-01,Toys_20240901,Toys,12.49
2024-09-02,Beauty_20240902,Beauty,7.99
2024-09-02,Books_20240902,Books,0.0
2024-09-02,Electronics_20240902,Electronics,0.0
2024-09-02,Fashion_20240902,Fashion,69.04
2024-09-02,Grocery_20240902,Grocery,4.01
2024-09-02,Home_Kitchen_20240902,Home & Kitchen,275.91
2024-09-02,Sports_20240902,Sports,60.09
2024-09-02,Toys_20240902,Toys,34.49
2024-09-03,Beauty_20240903,Beauty,92.33
2024-09-03,Books_20240903,Books,60.89
2024-09-03,Electronics_20240903,Electronics,177.26
2024-09-03,Fashion_20240903,Fashion,61.23
2024-09-03,Grocery_20240903,Grocery,0.0
2024-09-03,Home_Kitchen_20240903,Home & Kitchen,207.3
2024-09-03,Sports_20240903,Sports,24.45
2024-09-03,Toys_20240903,Toys,24.4
2024-09-04,Beauty_20240904,Beauty,0.0
2024-09-04,Books_20240904,Books,0.0
2024-09-04,Electronics_20240904,Electronics,0.0
2024-09-04,Fashion_20240904,Fashion,0.0
2024-09-04,Grocery_20240904,Grocery,0.0
2024-09-04,Home_Kitchen_20240904,Home & Kitchen,106.23
2024-09-04,Sports_20240904,Sports,0.0
2024-09-04,Toys_20240904,Toys,53.23
2024-09-05,Beauty_20240905,Beauty,124.98
2024-09-05,Books_20240905,Books,0.0
2024-09-05,Electronics_20240905,Electronics,64.69
2024-09-05,Fashion_20240905,Fashion,0.0
2024-09-05,Grocery_20240905,Grocery,1.28
2024-09-05,Home_Kitchen_20240905,Home & Kitchen,0.0
2024-09-05,Sports_20240905,Sports,0.0
2024-09-05,Toys_20240905,Toys,28.38
2024-09-06,Beauty_20240906,Beauty,0.0
2024-09-06,Books_20240906,Books,23.75
2024-09-06,Electronics_20240906,Electronics,235.36
2024-09-06,Fashion_20240906,Fashion,312.05
2024-09-06,Grocery_20240906,Grocery,0.0
2024-09-06,Home_Kitchen_20240906,Home & Kitchen,0.0
2024-09-06,Sports_20240906,Sports,22.11
2024-09-06,Toys_20240906,Toys,31.02
2024-09-07,Beauty_20240907,Beauty,40.18
2024-09-07,Books_20240907,Books,10.61
2024-09-07,Electronics_20240907,Electronics,35.69
2024-09-07,Fashion_20240907,Fashion,0.0
2024-09-07,Grocery_20240907,Grocery,30.4
2024-09-07,Home_Kitchen_20240907,Home & Kitchen,194.05
2024-09-07,Sports_20240907,Sports,261.37
2024-09-07,Toys_20240907,Toys,0.0
2024-09-08,Beauty_20240908,Beauty,33.8
2024-09-08,Books_20240908,Books,30.16
2024-09-08,Electronics_20240908,Electronics,0.0
2024-09-08,Fashion_20240908,Fashion,111.69
2024-09-08,Grocery_20240908,Grocery,65.51
2024-09-08,Home_Kitchen_20240908,Home & Kitchen,291.52
2024-09-08,Sports_20240908,Sports,124.44
2024-09-08,Toys_20240908,Toys,0.0
2024-09-09,Beauty_20240909,Beauty,0.0
2024-09-09,Books_20240909,Books,0.0
2024-09-09,Electronics_20240909,Electronics,69.77
2024-09-09,Fashion_20240909,Fashion,318.47
2024-09-09,Grocery_20240909,Grocery,0.0
2024-09-09,Home_Kitchen_20240909,Home & Kitchen,0.0
2024-09-09,Sports_20240909,Sports,0.0
2024-09-09,Toys_20240909,Toys,10.28
2024-09-10,Beauty_20240910,Beauty,25.26
2024-09-10,Books_20240910,Books,66.54
2024-09-10,Electronics_20240910,Electronics,0.0
2024-09-10,Fashion_20240910,Fashion,13.64
2024-09-10,Grocery_20240910,Grocery,7.2
2024-09-10,Home_Kitchen_20240910,Home & Kitchen,339.17
2024-09-10,Sports_20240910,Sports,0.0
2024-09-10,Toys_20240910,Toys,41.93
2024-09-11,Beauty_20240911,Beauty,0.0
2024-09-11,Books_20240911,Books,25.76
2024-09-11,Electronics_20240911,Electronics,0.0
2024-09-11,Fashion_20240911,Fashion,0.0
2024-09-11,Grocery_20240911,Grocery,12.69
2024-09-11,Home_Kitchen_20240911,Home & Kitchen,41.47
2024-09-11,Sports_20240911,Sports,0.0
2024-09-11,Toys_20240911,Toys,35.33
2024-09-12,Beauty_20240912,Beauty,14.08
2024-09-12,Books_20240912,Books,0.0
2024-09-12,Electronics_20240912,Electronics,47.22
2024-09-12,Fashion_20240912,Fashion,0.0
2024-09-12,Grocery_20240912,Grocery,0.0
2024-09-12,Home_Kitchen_20240912,Home & Kitchen,0.0
2024-09-12,Sports_20240912,Sports,0.0
2024-09-12,Toys_20240912,Toys,127.69
2024-09-13,Beauty_20240913,Beauty,7.87
2024-09-13,Books_20240913,Books,22.99
2024-09-13,Electronics_20240913,Electronics,0.0
2024-09-13,Fashion_20240913,Fashion,0.0
2024-09-13,Grocery_20240913,Grocery,24.54
2024-09-13,Home_Kitchen_20240913,Home & Kitchen,159.57
2024-09-13,Sports_20240913,Sports,42.16
2024-09-13,Toys_20240913,Toys,61.75
2024-09-14,Beauty_20240914,Beauty,9.28
2024-09-14,Books_20240914,Books,74.11
2024-09-14,Electronics_20240914,Electronics,45.72
2024-09-14,Fashion_20240914,Fashion,0.0
2024-09-14,Grocery_20240914,Grocery,17.81
2024-09-14,Home_Kitchen_20240914,Home & Kitchen,76.01
2024-09-14,Sports_20240914,Sports,112.31
2024-09-14,Toys_20240914,Toys,125.54
2024-09-15,Beauty_20240915,Beauty,0.0
2024-09-15,Books_20240915,Books,34.19
2024-09-15,Electronics_20240915,Electronics,218.3
2024-09-15,Fashion_20240915,Fashion,69.2
2024-09-15,Grocery_20240915,Grocery,0.0
2024-09-15,Home_Kitchen_20240915,Home & Kitchen,76.15
2024-09-15,Sports_20240915,Sports,40.93
2024-09-15,Toys_20240915,Toys,190.71
2024-09-16,Beauty_20240916,Beauty,0.0
2024-09-16,Books_20240916,Books,53.56
2024-09-16,Electronics_20240916,Electronics,192.35
2024-09-16,Fashion_20240916,Fashion,158.36
2024-09-16,Grocery_20240916,Grocery,8.53
2024-09-16,Home_Kitchen_20240916,Home & Kitchen,39.57
2024-09-16,Sports_20240916,Sports,10.03
2024-09-16,Toys_20240916,Toys,110.74
2024-09-17,Beauty_20240917,Beauty,55.93
2024-09-17,Books_20240917,Books,26.62
2024-09-17,Electronics_20240917,Electronics,0.0
2024-09-17,Fashion_20240917,Fashion,0.0
2024-09-17,Grocery_20240917,Grocery,28.39
2024-09-17,Home_Kitchen_20240917,Home & Kitchen,237.4
2024-09-17,Sports_20240917,Sports,16.41
2024-09-17,Toys_20240917,Toys,0.0
2024-09-18,Beauty_20240918,Beauty,18.64
2024-09-18,Books_20240918,Books,47.24
2024-09-18,Electronics_20240918,Electronics,538.14
2024-09-18,Fashion_20240918,Fashion,10.43
2024-09-18,Grocery_20240918,Grocery,51.06
2024-09-18,Home_Kitchen_20240918,Home & Kitchen,27.39
2024-09-18,Sports_20240918,Sports,0.0
2024-09-18,Toys_20240918,Toys,0.0
2024-09-19,Beauty_20240919,Beauty,37.49
2024-09-19,Books_20240919,Books,7.21
2024-09-19,Electronics_20240919,Electronics,0.0
2024-09-19,Fashion_20240919,Fashion,7.86
2024-09-19,Grocery_20240919,Grocery,6.88
2024-09-19,Home_Kitchen_20240919,Home & Kitchen,55.81
2024-09-19,Sports_20240919,Sports,212.75
2024-09-19,Toys_20240919,Toys,53.58
2024-09-20,Beauty_20240920,Beauty,2.91
2024-09-20,Books_20240920,Books,15.56
2024-09-20,Electronics_20240920,Electronics,28.48
2024-09-20,Fashion_20240920,Fashion,0.0
2024-09-20,Grocery_20240920,Grocery,12.7
2024-09-20,Home_Kitchen_20240920,Home & Kitchen,90.32
2024-09-20,Sports_20240920,Sports,0.0
2024-09-20,Toys_20240920,Toys,45.33
2024-09-21,Beauty_20240921,Beauty,53.64
2024-09-21,Books_20240921,Books,0.0
2024-09-21,Electronics_20240921,Electronics,104.94
2024-09-21,Fashion_20240921,Fashion,87.41
2024-09-21,Grocery_20240921,Grocery,50.8
2024-09-21,Home_Kitchen_20240921,Home & Kitchen,294.07
2024-09-21,Sports_20240921,Sports,0.0
2024-09-21,Toys_20240921,Toys,0.0
2024-09-22,Beauty_20240922,Beauty,14.77
2024-09-22,Books_20240922,Books,0.0
2024-09-22,Electronics_20240922,Electronics,13.88
2024-09-22,Fashion_20240922,Fashion,120.07
2024-09-22,Grocery_20240922,Grocery,11.6
2024-09-22,Home_Kitchen_20240922,Home & Kitchen,47.09
2024-09-22,Sports_20240922,Sports,37.76
2024-09-22,Toys_20240922,Toys,16.69
2024-09-23,Beauty_20240923,Beauty,0.0
2024-09-23,Books_20240923,Books,20.39
2024-09-23,Electronics_20240923,Electronics,0.0
2024-09-23,Fashion_20240923,Fashion,0.0
2024-09-23,Grocery_20240923,Grocery,1.53
2024-09-23,Home_Kitchen_20240923,Home & Kitchen,148.5
2024-09-23,Sports_20240923,Sports,0.0
2024-09-23,Toys_20240923,Toys,0.0
2024-09-24,Beauty_20240924,Beauty,32.73
2024-09-24,Books_20240924,Books,17.45
2024-09-24,Electronics_20240924,Electronics,173.94
2024-09-24,Fashion_20240924,Fashion,175.61
2024-09-24,Grocery_20240924,Grocery,61.18
2024-09-24,Home_Kitchen_20240924,Home & Kitchen,226.46
2024-09-24,Sports_20240924,Sports,17.51
2024-09-24,Toys_20240924,Toys,51.94
2024-09-25,Beauty_20240925,Beauty,0.0
2024-09-25,Books_20240925,Books,0.0
2024-09-25,Electronics_20240925,Electronics,18.41
2024-09-25,Fashion_20240925,Fashion,0.0
2024-09-25,Grocery_20240925,Grocery,0.0
2024-09-25,Home_Kitchen_20240925,Home & Kitchen,0.0
2024-09-25,Sports_20240925,Sports,0.0
2024-09-25,Toys_20240925,Toys,54.07
2024-09-26,Beauty_20240926,Beauty,16.88
2024-09-26,Books_20240926,Books,7.87
2024-09-26,Electronics_20240926,Electronics,115.49
2024-09-26,Fashion_20240926,Fashion,167.87
2024-09-26,Grocery_20240926,Grocery,44.03
2024-09-26,Home_Kitchen_20240926,Home & Kitchen,40.79
2024-09-26,Sports_20240926,Sports,23.27
2024-09-26,Toys_20240926,Toys,192.32
2024-09-27,Beauty_20240927,Beauty,16.57
2024-09-27,Books_20240927,Books,21.7
2024-09-27,Electronics_20240927,Electronics,53.09
2024-09-27,Fashion_20240927,Fashion,287.33
2024-09-27,Grocery_20240927,Grocery,12.6
2024-09-27,Home_Kitchen_20240927,Home & Kitchen,44.38
2024-09-27,Sports_20240927,Sports,144.31
2024-09-27,Toys_20240927,Toys,0.0
2024-09-28,Beauty_20240928,Beauty,19.16
2024-09-28,Books_20240928,Books,0.0
2024-09-28,Electronics_20240928,Electronics,201.53
2024-09-28,Fashion_20240928,Fashion,98.02
2024-09-28,Grocery_20240928,Grocery,0.0
2024-09-28,Home_Kitchen_20240928,Home & Kitchen,0.0
2024-09-28,Sports_20240928,Sports,15.94
2024-09-28,Toys_20240928,Toys,37.64
2024-09-29,Beauty_20240929,Beauty,9.97
2024-09-29,Books_20240929,Books,37.14
2024-09-29,Electronics_20240929,Electronics,187.03
2024-09-29,Fashion_20240929,Fashion,0.0
2024-09-29,Grocery_20240929,Grocery,5.68
2024-09-29,Home_Kitchen_20240929,Home & Kitchen,12.76
2024-09-29,Sports_20240929,Sports,35.78
2024-09-29,Toys_20240929,Toys,17.97
2024-09-30,Beauty_20240930,Beauty,20.4
2024-09-30,Books_20240930,Books,0.0
2024-09-30,Electronics_20240930,Electronics,87.85
2024-09-30,Fashion_20240930,Fashion,62.79
2024-09-30,Grocery_20240930,Grocery,17.15
2024-09-30,Home_Kitchen_20240930,Home & Kitchen,101.05
2024-09-30,Sports_20240930,Sports,0.0
2024-09-30,Toys_20240930,Toys,4.19
2024-10-01,Beauty_20241001,Beauty,0.0
2024-10-01,Books_20241001,Books,31.42
2024-10-01,Electronics_20241001,Electronics,100.97
2024-10-01,Fashion_20241001,Fashion,0.0
2024-10-01,Grocery_20241001,Grocery,32.04
2024-10-01,Home_Kitchen_20241001,Home & Kitchen,193.27
2024-10-01,Sports_20241001,Sports,0.0
2024-10-01,Toys_20241001,Toys,86.17
2024-10-02,Beauty_20241002,Beauty,7.95
2024-10-02,Books_20241002,Books,18.11
2024-10-02,Electronics_20241002,Electronics,40.03
2024-10-02,Fashion_20241002,Fashion,13.83
2024-10-02,Grocery_20241002,Grocery,0.0
2024-10-02,Home_Kitchen_20241002,Home & Kitchen,0.0
2024-10-02,Sports_20241002,Sports,84.69
2024-10-02,Toys_20241002,Toys,12.42
2024-10-03,Beauty_20241003,Beauty,24.75
2024-10-03,Books_20241003,Books,24.83
2024-10-03,Electronics_20241003,Electronics,0.0
2024-10-03,Fashion_20241003,Fashion,152.45
2024-10-03,Grocery_20241003,Grocery,41.8
2024-10-03,Home_Kitchen_20241003,Home & Kitchen,164.96
2024-10-03,Sports_20241003,Sports,17.35
2024-10-03,Toys_20241003,Toys,18.66
2024-10-04,Beauty_20241004,Beauty,0.0
2024-10-04,Books_20241004,Books,17.61
2024-10-04,Electronics_20241004,Electronics,86.76
2024-10-04,Fashion_20241004,Fashion,0.0
2024-10-04,Grocery_20241004,Grocery,8.46
2024-10-04,Home_Kitchen_20241004,Home & Kitchen,228.08
2024-10-04,Sports_20241004,Sports,45.81
2024-10-04,Toys_20241004,Toys,0.0
2024-10-05,Beauty_20241005,Beauty,0.0
2024-10-05,Books_20241005,Books,5.98
2024-10-05,Electronics_20241005,Electronics,0.0
2024-10-05,Fashion_20241005,Fashion,87.89
2024-10-05,Grocery_20241005,Grocery,89.49
2024-10-05,Home_Kitchen_20241005,Home & Kitchen,0.0
2024-10-05,Sports_20241005,Sports,41.33
2024-10-05,Toys_20241005,Toys,14.91
2024-10-06,Beauty_20241006,Beauty,7.91
2024-10-06,Books_20241006,Books,24.45
2024-10-06,Electronics_20241006,Electronics,306.06
2024-10-06,Fashion_20241006,Fashion,154.09
2024-10-06,Grocery_20241006,Grocery,44.0
2024-10-06,Home_Kitchen_20241006,Home & Kitchen,0.0
2024-10-06,Sports_20241006,Sports,163.42
2024-10-06,Toys_20241006,Toys,8.05
2024-10-07,Beauty_20241007,Beauty,0.0
2024-10-07,Books_20241007,Books,2.55
2024-10-07,Electronics_20241007,Electronics,0.0
2024-10-07,Fashion_20241007,Fashion,72.4
2024-10-07,Grocery_20241007,Grocery,4.32
2024-10-07,Home_Kitchen_20241007,Home & Kitchen,20.81
2024-10-07,Sports_20241007,Sports,71.18
2024-10-07,Toys_20241007,Toys,0.0
2024-10-08,Beauty_20241008,Beauty,26.52
2024-10-08,Books_20241008,Books,21.49
2024-10-08,Electronics_20241008,Electronics,105.64
2024-10-08,Fashion_20241008,Fashion,15.91
2024-10-08,Grocery_20241008,Grocery,35.48
2024-10-08,Home_Kitchen_20241008,Home & Kitchen,233.93
2024-10-08,Sports_20241008,Sports,54.49
2024-10-08,Toys_20241008,Toys,0.0
2024-10-09,Beauty_20241009,Beauty,5.93
2024-10-09,Books_20241009,Books,30.14
2024-10-09,Electronics_20241009,Electronics,164.78
2024-10-09,Fashion_20241009,Fashion,115.94
2024-10-09,Grocery_20241009,Grocery,0.0
2024-10-09,Home_Kitchen_20241009,Home & Kitchen,66.99
2024-10-09,Sports_20241009,Sports,31.38
2024-10-09,Toys_20241009,Toys,0.0
2024-10-10,Beauty_20241010,Beauty,32.11
2024-10-10,Books_20241010,Books,21.81
2024-10-10,Electronics_20241010,Electronics,0.0
2024-10-10,Fashion_20241010,Fashion,45.21
2024-10-10,Grocery_20241010,Grocery,20.39
2024-10-10,Home_Kitchen_20241010,Home & Kitchen,60.59
2024-10-10,Sports_20241010,Sports,119.36
2024-10-10,Toys_20241010,Toys,6.17
2024-10-11,Beauty_20241011,Beauty,5.95
2024-10-11,Books_20241011,Books,17.72
2024-10-11,Electronics_20241011,Electronics,141.89
2024-10-11,Fashion_20241011,Fashion,64.8
2024-10-11,Grocery_20241011,Grocery,6.63
2024-10-11,Home_Kitchen_20241011,Home & Kitchen,0.0
2024-10-11,Sports_20241011,Sports,11.67
2024-10-11,Toys_20241011,Toys,83.7
2024-10-12,Beauty_20241012,Beauty,53.43
2024-10-12,Books_20241012,Books,27.89
2024-10-12,Electronics_20241012,Electronics,258.31
2024-10-12,Fashion_20241012,Fashion,11.0
2024-10-12,Grocery_20241012,Grocery,17.68
2024-10-12,Home_Kitchen_20241012,Home & Kitchen,297.17
2024-10-12,Sports_20241012,Sports,0.0
2024-10-12,Toys_20241012,Toys,114.84
2024-10-13,Beauty_20241013,Beauty,38.55
2024-10-13,Books_20241013,Books,28.31
2024-10-13,Electronics_20241013,Electronics,208.7
2024-10-13,Fashion_20241013,Fashion,57.19
2024-10-13,Grocery_20241013,Grocery,0.0
2024-10-13,Home_Kitchen_20241013,Home & Kitchen,27.85
2024-10-13,Sports_20241013,Sports,0.0
2024-10-13,Toys_20241013,Toys,0.0
2024-10-14,Beauty_20241014,Beauty,6.55
2024-10-14,Books_20241014,Books,32.53
2024-10-14,Electronics_20241014,Electronics,0.0
2024-10-14,Fashion_20241014,Fashion,0.0
2024-10-14,Grocery_20241014,Grocery,11.76
2024-10-14,Home_Kitchen_20241014,Home & Kitchen,40.16
2024-10-14,Sports_20241014,Sports,0.0
2024-10-14,Toys_20241014,Toys,38.14
2024-10-15,Beauty_20241015,Beauty,30.72
2024-10-15,Books_20241015,Books,107.68
2024-10-15,Electronics_20241015,Electronics,86.73
2024-10-15,Fashion_20241015,Fashion,0.0
2024-10-15,Grocery_20241015,Grocery,0.0
2024-10-15,Home_Kitchen_20241015,Home & Kitchen,46.45
2024-10-15,Sports_20241015,Sports,0.0
2024-10-15,Toys_20241015,Toys,40.38
2024-10-16,Beauty_20241016,Beauty,26.82
2024-10-16,Books_20241016,Books,8.63
2024-10-16,Electronics_20241016,Electronics,236.61
2024-10-16,Fashion_20241016,Fashion,0.0
2024-10-16,Grocery_20241016,Grocery,40.77
2024-10-16,Home_Kitchen_20241016,Home & Kitchen,327.42
2024-10-16,Sports_20241016,Sports,58.44
2024-10-16,Toys_20241016,Toys,54.69
2024-10-17,Beauty_20241017,Beauty,6.52
2024-10-17,Books_20241017,Books,0.0
2024-10-17,Electronics_20241017,Electronics,132.6
2024-10-17,Fashion_20241017,Fashion,145.73
2024-10-17,Grocery_20241017,Grocery,23.38
2024-10-17,Home_Kitchen_20241017,Home & Kitchen,65.2
2024-10-17,Sports_20241017,Sports,27.92
2024-10-17,Toys_20241017,Toys,38.12
2024-10-18,Beauty_20241018,Beauty,34.94
2024-10-18,Books_20241018,Books,15.45
2024-10-18,Electronics_20241018,Electronics,127.38
2024-10-18,Fashion_20241018,Fashion,149.7
2024-10-18,Grocery_20241018,Grocery,26.92
2024-10-18,Home_Kitchen_20241018,Home & Kitchen,37.6
2024-10-18,Sports_20241018,Sports,135.29
2024-10-18,Toys_20241018,Toys,23.15
2024-10-19,Beauty_20241019,Beauty,14.31
2024-10-19,Books_20241019,Books,46.8
2024-10-19,Electronics_20241019,Electronics,79.79
2024-10-19,Fashion_20241019,Fashion,5.84
2024-10-19,Grocery_20241019,Grocery,14.56
2024-10-19,Home_Kitchen_20241019,Home & Kitchen,169.74
2024-10-19,Sports_20241019,Sports,60.43
2024-10-19,Toys_20241019,Toys,0.0
2024-10-20,Beauty_20241020,Beauty,111.79
2024-10-20,Books_20241020,Books,82.14
2024-10-20,Electronics_20241020,Electronics,0.0
2024-10-20,Fashion_20241020,Fashion,165.31
2024-10-20,Grocery_20241020,Grocery,90.46
2024-10-20,Home_Kitchen_20241020,Home & Kitchen,0.0
2024-10-20,Sports_20241020,Sports,60.35
2024-10-20,Toys_20241020,Toys,0.0
2024-10-21,Beauty_20241021,Beauty,0.0
2024-10-21,Books_20241021,Books,17.89
2024-10-21,Electronics_20241021,Electronics,37.4
2024-10-21,Fashion_20241021,Fashion,174.57
2024-10-21,Grocery_20241021,Grocery,69.96
2024-10-21,Home_Kitchen_20241021,Home & Kitchen,136.32
2024-10-21,Sports_20241021,Sports,34.57
2024-10-21,Toys_20241021,Toys,7.56
2024-10-22,Beauty_20241022,Beauty,43.01
2024-10-22,Books_20241022,Books,50.29
2024-10-22,Electronics_20241022,Electronics,0.0
2024-10-22,Fashion_20241022,Fashion,86.64
2024-10-22,Grocery_20241022,Grocery,13.66
2024-10-22,Home_Kitchen_20241022,Home & Kitchen,0.0
2024-10-22,Sports_20241022,Sports,6.28
2024-10-22,Toys_20241022,Toys,24.28
2024-10-23,Beauty_20241023,Beauty,36.26
2024-10-23,Books_20241023,Books,16.23
2024-10-23,Electronics_20241023,Electronics,0.0
2024-10-23,Fashion_20241023,Fashion,3.23
2024-10-23,Grocery_20241023,Grocery,52.83
2024-10-23,Home_Kitchen_20241023,Home & Kitchen,53.66
2024-10-23,Sports_20241023,Sports,110.52
2024-10-23,Toys_20241023,Toys,230.55
2024-10-24,Beauty_20241024,Beauty,0.0
2024-10-24,Books_20241024,Books,65.98
2024-10-24,Electronics_20241024,Electronics,171.62
2024-10-24,Fashion_20241024,Fashion,131.04
2024-10-24,Grocery_20241024,Grocery,35.29
2024-10-24,Home_Kitchen_20241024,Home & Kitchen,217.39
2024-10-24,Sports_20241024,Sports,229.71
2024-10-24,Toys_20241024,Toys,0.0
2024-10-25,Beauty_20241025,Beauty,0.0
2024-10-25,Books_20241025,Books,37.63
2024-10-25,Electronics_20241025,Electronics,109.44
2024-10-25,Fashion_20241025,Fashion,0.0
2024-10-25,Grocery_20241025,Grocery,10.86
2024-10-25,Home_Kitchen_20241025,Home & Kitchen,28.07
2024-10-25,Sports_20241025,Sports,94.22
2024-10-25,Toys_20241025,Toys,0.0
2024-10-26,Beauty_20241026,Beauty,0.0
2024-10-26,Books_20241026,Books,50.55
2024-10-26,Electronics_20241026,Electronics,76.77
2024-10-26,Fashion_20241026,Fashion,0.0
2024-10-26,Grocery_20241026,Grocery,0.0
2024-10-26,Home_Kitchen_20241026,Home & Kitchen,210.06
2024-10-26,Sports_20241026,Sports,129.77
2024-10-26,Toys_20241026,Toys,0.0
2024-10-27,Beauty_20241027,Beauty,32.99
2024-10-27,Books_20241027,Books,4.77
2024-10-27,Electronics_20241027,Electronics,265.7
2024-10-27,Fashion_20241027,Fashion,0.0
2024-10-27,Grocery_20241027,Grocery,34.95
2024-10-27,Home_Kitchen_20241027,Home & Kitchen,0.0
2024-10-27,Sports_20241027,Sports,65.3
2024-10-27,Toys_20241027,Toys,12.2
2024-10-28,Beauty_20241028,Beauty,21.95
2024-10-28,Books_20241028,Books,6.82
2024-10-28,Electronics_20241028,Electronics,222.31
2024-10-28,Fashion_20241028,Fashion,56.21
2024-10-28,Grocery_20241028,Grocery,27.16
2024-10-28,Home_Kitchen_20241028,Home & Kitchen,0.0
2024-10-28,Sports_20241028,Sports,90.57
2024-10-28,Toys_20241028,Toys,0.0
2024-10-29,Beauty_20241029,Beauty,52.34
2024-10-29,Books_20241029,Books,0.0
2024-10-29,Electronics_20241029,Electronics,65.84
2024-10-29,Fashion_20241029,Fashion,196.49
2024-10-29,Grocery_20241029,Grocery,11.24
2024-10-29,Home_Kitchen_20241029,Home & Kitchen,0.0
2024-10-29,Sports_20241029,Sports,37.42
2024-10-29,Toys_20241029,Toys,24.57
2024-10-30,Beauty_20241030,Beauty,15.51
2024-10-30,Books_20241030,Books,37.22
2024-10-30,Electronics_20241030,Electronics,37.6
2024-10-30,Fashion_20241030,Fashion,0.0
2024-10-30,Grocery_20241030,Grocery,9.14
2024-10-30,Home_Kitchen_20241030,Home & Kitchen,44.48
2024-10-30,Sports_20241030,Sports,148.44
2024-10-30,Toys_20241030,Toys,23.97
2024-10-31,Beauty_20241031,Beauty,7.57
2024-10-31,Books_20241031,Books,39.57
2024-10-31,Electronics_20241031,Electronics,214.44
2024-10-31,Fashion_20241031,Fashion,0.0
2024-10-31,Grocery_20241031,Grocery,14.35
2024-10-31,Home_Kitchen_20241031,Home & Kitchen,51.23
2024-10-31,Sports_20241031,Sports,80.39
2024-10-31,Toys_20241031,Toys,0.0
2024-11-01,Beauty_20241101,Beauty,0.0
2024-11-01,Books_20241101,Books,55.66
2024-11-01,Electronics_20241101,Electronics,0.0
2024-11-01,Fashion_20241101,Fashion,0.0
2024-11-01,Grocery_20241101,Grocery,20.78
2024-11-01,Home_Kitchen_20241101,Home & Kitchen,161.69
2024-11-01,Sports_20241101,Sports,74.75
2024-11-01,Toys_20241101,Toys,6.87
2024-11-02,Beauty_20241102,Beauty,13.2
2024-11-02,Books_20241102,Books,7.45
2024-11-02,Electronics_20241102,Electronics,19.65
2024-11-02,Fashion_20241102,Fashion,362.64
2024-11-02,Grocery_20241102,Grocery,18.16
2024-11-02,Home_Kitchen_20241102,Home & Kitchen,111.1
2024-11-02,Sports_20241102,Sports,107.29
2024-11-02,Toys_20241102,Toys,3.58
2024-11-03,Beauty_20241103,Beauty,0.0
2024-11-03,Books_20241103,Books,64.6
2024-11-03,Electronics_20241103,Electronics,41.28
2024-11-03,Fashion_20241103,Fashion,17.41
2024-11-03,Grocery_20241103,Grocery,9.41
2024-11-03,Home_Kitchen_20241103,Home & Kitchen,0.0
2024-11-03,Sports_20241103,Sports,54.47
2024-11-03,Toys_20241103,Toys,90.43
2024-11-04,Beauty_20241104,Beauty,9.5
2024-11-04,Books_20241104,Books,8.18
2024-11-04,Electronics_20241104,Electronics,0.0
2024-11-04,Fashion_20241104,Fashion,30.19
2024-11-04,Grocery_20241104,Grocery,11.29
2024-11-04,Home_Kitchen_20241104,Home & Kitchen,224.14
2024-11-04,Sports_20241104,Sports,86.28
2024-11-04,Toys_20241104,Toys,4.62
2024-11-05,Beauty_20241105,Beauty,4.53
2024-11-05,Books_20241105,Books,31.09
2024-11-05,Electronics_20241105,Electronics,27.97
2024-11-05,Fashion_20241105,Fashion,134.4
2024-11-05,Grocery_20241105,Grocery,3.14
2024-11-05,Home_Kitchen_20241105,Home & Kitchen,0.0
2024-11-05,Sports_20241105,Sports,11.55
2024-11-05,Toys_20241105,Toys,110.01
2024-11-06,Beauty_20241106,Beauty,52.93
2024-11-06,Books_20241106,Books,0.0
2024-11-06,Electronics_20241106,Electronics,158.09
2024-11-06,Fashion_20241106,Fashion,59.3
2024-11-06,Grocery_20241106,Grocery,56.69
2024-11-06,Home_Kitchen_20241106,Home & Kitchen,10.66
2024-11-06,Sports_20241106,Sports,0.0
2024-11-06,Toys_20241106,Toys,21.73
2024-11-07,Beauty_20241107,Beauty,53.4
2024-11-07,Books_20241107,Books,14.05
2024-11-07,Electronics_20241107,Electronics,34.08
2024-11-07,Fashion_20241107,Fashion,65.11
2024-11-07,Grocery_20241107,Grocery,0.0
2024-11-07,Home_Kitchen_20241107,Home & Kitchen,361.8
2024-11-07,Sports_20241107,Sports,107.87
2024-11-07,Toys_20241107,Toys,81.68
2024-11-08,Beauty_20241108,Beauty,15.79
2024-11-08,Books_20241108,Books,35.61
2024-11-08,Electronics_20241108,Electronics,0.0
2024-11-08,Fashion_20241108,Fashion,0.0
2024-11-08,Grocery_20241108,Grocery,11.74
2024-11-08,Home_Kitchen_20241108,Home & Kitchen,0.0
2024-11-08,Sports_20241108,Sports,0.0
2024-11-08,Toys_20241108,Toys,200.21
2024-11-09,Beauty_20241109,Beauty,0.0
2024-11-09,Books_20241109,Books,6.06
2024-11-09,Electronics_20241109,Electronics,343.35
2024-11-09,Fashion_20241109,Fashion,36.97
2024-11-09,Grocery_20241109,Grocery,39.16
2024-11-09,Home_Kitchen_20241109,Home & Kitchen,181.66
2024-11-09,Sports_20241109,Sports,40.83
2024-11-09,Toys_20241109,Toys,40.59
2024-11-10,Beauty_20241110,Beauty,7.3
2024-11-10,Books_20241110,Books,0.0
2024-11-10,Electronics_20241110,Electronics,208.63
2024-11-10,Fashion_20241110,Fashion,88.21
2024-11-10,Grocery_20241110,Grocery,0.0
2024-11-10,Home_Kitchen_20241110,Home & Kitchen,67.74
2024-11-10,Sports_20241110,Sports,34.39
2024-11-10,Toys_20241110,Toys,0.0
2024-11-11,Beauty_20241111,Beauty,0.0
2024-11-11,Books_20241111,Books,18.04
2024-11-11,Electronics_20241111,Electronics,63.57
2024-11-11,Fashion_20241111,Fashion,16.34
2024-11-11,Grocery_20241111,Grocery,9.75
2024-11-11,Home_Kitchen_20241111,Home & Kitchen,14.27
2024-11-11,Sports_20241111,Sports,96.97
2024-11-11,Toys_20241111,Toys,8.07
2024-11-12,Beauty_20241112,Beauty,10.85
2024-11-12,Books_20241112,Books,0.0
2024-11-12,Electronics_20241112,Electronics,15.78
2024-11-12,Fashion_20241112,Fashion,46.34
2024-11-12,Grocery_20241112,Grocery,10.88
2024-11-12,Home_Kitchen_20241112,Home & Kitchen,102.85
2024-11-12,Sports_20241112,Sports,216.93
2024-11-12,Toys_20241112,Toys,37.89
2024-11-13,Beauty_20241113,Beauty,0.0
2024-11-13,Books_20241113,Books,24.63
2024-11-13,Electronics_20241113,Electronics,0.0
2024-11-13,Fashion_20241113,Fashion,10.89
2024-11-13,Grocery_20241113,Grocery,5.18
2024-11-13,Home_Kitchen_20241113,Home & Kitchen,359.42
2024-11-13,Sports_20241113,Sports,0.0
2024-11-13,Toys_20241113,Toys,47.24
2024-11-14,Beauty_20241114,Beauty,31.05
2024-11-14,Books_20241114,Books,0.0
2024-11-14,Electronics_20241114,Electronics,295.87
2024-11-14,Fashion_20241114,Fashion,195.51
2024-11-14,Grocery_20241114,Grocery,0.0
2024-11-14,Home_Kitchen_20241114,Home & Kitchen,0.0
2024-11-14,Sports_20241114,Sports,0.0
2024-11-14,Toys_20241114,Toys,71.02
2024-11-15,Beauty_20241115,Beauty,28.02
2024-11-15,Books_20241115,Books,0.0
2024-11-15,Electronics_20241115,Electronics,30.35
2024-11-15,Fashion_20241115,Fashion,30.24
2024-11-15,Grocery_20241115,Grocery,9.99
2024-11-15,Home_Kitchen_20241115,Home & Kitchen,167.12
2024-11-15,Sports_20241115,Sports,42.25
2024-11-15,Toys_20241115,Toys,116.57
2024-11-16,Beauty_20241116,Beauty,58.53
2024-11-16,Books_20241116,Books,0.0
2024-11-16,Electronics_20241116,Electronics,88.69
2024-11-16,Fashion_20241116,Fashion,52.12
2024-11-16,Grocery_20241116,Grocery,17.97
2024-11-16,Home_Kitchen_20241116,Home & Kitchen,0.0
2024-11-16,Sports_20241116,Sports,148.06
2024-11-16,Toys_20241116,Toys,0.0
2024-11-17,Beauty_20241117,Beauty,5.67
2024-11-17,Books_20241117,Books,28.37
2024-11-17,Electronics_20241117,Electronics,80.52
2024-11-17,Fashion_20241117,Fashion,0.0
2024-11-17,Grocery_20241117,Grocery,8.27
2024-11-17,Home_Kitchen_20241117,Home & Kitchen,99.56
2024-11-17,Sports_20241117,Sports,37.31
2024-11-17,Toys_20241117,Toys,70.6
2024-11-18,Beauty_20241118,Beauty,64.93
2024-11-18,Books_20241118,Books,42.35
2024-11-18,Electronics_20241118,Electronics,200.84
2024-11-18,Fashion_20241118,Fashion,53.6
2024-11-18,Grocery_20241118,Grocery,24.76
2024-11-18,Home_Kitchen_20241118,Home & Kitchen,13.65
2024-11-18,Sports_20241118,Sports,0.0
2024-11-18,Toys_20241118,Toys,19.19
2024-11-19,Beauty_20241119,Beauty,14.3
2024-11-19,Books_20241119,Books,51.62
2024-11-19,Electronics_20241119,Electronics,98.02
2024-11-19,Fashion_20241119,Fashion,30.14
2024-11-19,Grocery_20241119,Grocery,0.0
2024-11-19,Home_Kitchen_20241119,Home & Kitchen,0.0
2024-11-19,Sports_20241119,Sports,119.52
2024-11-19,Toys_20241119,Toys,36.63
2024-11-20,Beauty_20241120,Beauty,0.0
2024-11-20,Books_20241120,Books,0.0
2024-11-20,Electronics_20241120,Electronics,39.49
2024-11-20,Fashion_20241120,Fashion,0.0
2024-11-20,Grocery_20241120,Grocery,14.9
2024-11-20,Home_Kitchen_20241120,Home & Kitchen,75.32
2024-11-20,Sports_20241120,Sports,0.0
2024-11-20,Toys_20241120,Toys,0.0
2024-11-21,Beauty_20241121,Beauty,0.0
2024-11-21,Books_20241121,Books,23.21
2024-11-21,Electronics_20241121,Electronics,102.21
2024-11-21,Fashion_20241121,Fashion,0.0
2024-11-21,Grocery_20241121,Grocery,35.12
2024-11-21,Home_Kitchen_20241121,Home & Kitchen,0.0
2024-11-21,Sports_20241121,Sports,85.23
2024-11-21,Toys_20241121,Toys,41.38
2024-11-22,Beauty_20241122,Beauty,0.0
2024-11-22,Books_20241122,Books,12.01
2024-11-22,Electronics_20241122,Electronics,49.06
2024-11-22,Fashion_20241122,Fashion,54.5
2024-11-22,Grocery_20241122,Grocery,0.0
2024-11-22,Home_Kitchen_20241122,Home & Kitchen,29.21
2024-11-22,Sports_20241122,Sports,55.44
2024-11-22,Toys_20241122,Toys,18.69
2024-11-23,Beauty_20241123,Beauty,5.18
2024-11-23,Books_20241123,Books,6.92
2024-11-23,Electronics_20241123,Electronics,120.3
2024-11-23,Fashion_20241123,Fashion,69.66
2024-11-23,Grocery_20241123,Grocery,0.0
2024-11-23,Home_Kitchen_20241123,Home & Kitchen,201.91
2024-11-23,Sports_20241123,Sports,50.26
2024-11-23,Toys_20241123,Toys,29.97
2024-11-24,Beauty_20241124,Beauty,53.53
2024-11-24,Books_20241124,Books,67.55
2024-11-24,Electronics_20241124,Electronics,0.0
2024-11-24,Fashion_20241124,Fashion,266.72
2024-11-24,Grocery_20241124,Grocery,18.49
2024-11-24,Home_Kitchen_20241124,Home & Kitchen,90.96
2024-11-24,Sports_20241124,Sports,10.88
2024-11-24,Toys_20241124,Toys,88.55
2024-11-25,Beauty_20241125,Beauty,22.33
2024-11-25,Books_20241125,Books,48.57
2024-11-25,Electronics_20241125,Electronics,101.44
2024-11-25,Fashion_20241125,Fashion,0.0
2024-11-25,Grocery_20241125,Grocery,0.0
2024-11-25,Home_Kitchen_20241125,Home & Kitchen,0.0
2024-11-25,Sports_20241125,Sports,112.49
2024-11-25,Toys_20241125,Toys,4.43
2024-11-26,Beauty_20241126,Beauty,0.0
2024-11-26,Books_20241126,Books,6.41
2024-11-26,Electronics_20241126,Electronics,50.72
2024-11-26,Fashion_20241126,Fashion,13.62
2024-11-26,Grocery_20241126,Grocery,8.45
2024-11-26,Home_Kitchen_20241126,Home & Kitchen,473.6
2024-11-26,Sports_20241126,Sports,44.69
2024-11-26,Toys_20241126,Toys,12.55
2024-11-27,Beauty_20241127,Beauty,39.59
2024-11-27,Books_20241127,Books,52.73
2024-11-27,Electronics_20241127,Electronics,0.0
2024-11-27,Fashion_20241127,Fashion,7.6
2024-11-27,Grocery_20241127,Grocery,0.0
2024-11-27,Home_Kitchen_20241127,Home & Kitchen,63.28
2024-11-27,Sports_20241127,Sports,0.0
2024-11-27,Toys_20241127,Toys,0.0
2024-11-28,Beauty_20241128,Beauty,11.44
2024-11-28,Books_20241128,Books,11.7
2024-11-28,Electronics_20241128,Electronics,113.05
2024-11-28,Fashion_20241128,Fashion,0.0
2024-11-28,Grocery_20241128,Grocery,2.57
2024-11-28,Home_Kitchen_20241128,Home & Kitchen,271.61
2024-11-28,Sports_20241128,Sports,78.51
2024-11-28,Toys_20241128,Toys,41.94
2024-11-29,Beauty_20241129,Beauty,0.0
2024-11-29,Books_20241129,Books,54.11
2024-11-29,Electronics_20241129,Electronics,0.0
2024-11-29,Fashion_20241129,Fashion,0.0
2024-11-29,Grocery_20241129,Grocery,6.62
2024-11-29,Home_Kitchen_20241129,Home & Kitchen,17.94
2024-11-29,Sports_20241129,Sports,0.0
2024-11-29,Toys_20241129,Toys,24.48
2024-11-30,Beauty_20241130,Beauty,33.78
2024-11-30,Books_20241130,Books,62.43
2024-11-30,Electronics_20241130,Electronics,0.0
2024-11-30,Fashion_20241130,Fashion,52.52
2024-11-30,Grocery_20241130,Grocery,5.21
2024-11-30,Home_Kitchen_20241130,Home & Kitchen,41.97
2024-11-30,Sports_20241130,Sports,33.46
2024-11-30,Toys_20241130,Toys,47.88
2024-12-01,Beauty_20241201,Beauty,0.0
2024-12-01,Books_20241201,Books,54.08
2024-12-01,Electronics_20241201,Electronics,325.17
2024-12-01,Fashion_20241201,Fashion,154.69
2024-12-01,Grocery_20241201,Grocery,16.7
2024-12-01,Home_Kitchen_20241201,Home & Kitchen,52.64
2024-12-01,Sports_20241201,Sports,80.19
2024-12-01,Toys_20241201,Toys,141.05
2024-12-02,Beauty_20241202,Beauty,0.0
2024-12-02,Books_20241202,Books,0.0
2024-12-02,Electronics_20241202,Electronics,0.0
2024-12-02,Fashion_20241202,Fashion,0.0
2024-12-02,Grocery_20241202,Grocery,1.4
2024-12-02,Home_Kitchen_20241202,Home & Kitchen,57.45
2024-12-02,Sports_20241202,Sports,66.17
2024-12-02,Toys_20241202,Toys,12.02
2024-12-03,Beauty_20241203,Beauty,0.0
2024-12-03,Books_20241203,Books,20.67
2024-12-03,Electronics_20241203,Electronics,145.44
2024-12-03,Fashion_20241203,Fashion,49.91
2024-12-03,Grocery_20241203,Grocery,0.0
2024-12-03,Home_Kitchen_20241203,Home & Kitchen,38.72
2024-12-03,Sports_20241203,Sports,56.86
2024-12-03,Toys_20241203,Toys,154.02
2024-12-04,Beauty_20241204,Beauty,14.51
2024-12-04,Books_20241204,Books,33.46
2024-12-04,Electronics_20241204,Electronics,209.14
2024-12-04,Fashion_20241204,Fashion,121.46
2024-12-04,Grocery_20241204,Grocery,20.65
2024-12-04,Home_Kitchen_20241204,Home & Kitchen,33.47
2024-12-04,Sports_20241204,Sports,329.99
2024-12-04,Toys_20241204,Toys,95.24
2024-12-05,Beauty_20241205,Beauty,46.56
2024-12-05,Books_20241205,Books,0.0
2024-12-05,Electronics_20241205,Electronics,84.22
2024-12-05,Fashion_20241205,Fashion,40.12
2024-12-05,Grocery_20241205,Grocery,47.25
2024-12-05,Home_Kitchen_20241205,Home & Kitchen,152.55
2024-12-05,Sports_20241205,Sports,0.0
2024-12-05,Toys_20241205,Toys,117.41
2024-12-06,Beauty_20241206,Beauty,43.22
2024-12-06,Books_20241206,Books,37.16
2024-12-06,Electronics_20241206,Electronics,161.77
2024-12-06,Fashion_20241206,Fashion,0.0
2024-12-06,Grocery_20241206,Grocery,2.49
2024-12-06,Home_Kitchen_20241206,Home & Kitchen,48.71
2024-12-06,Sports_20241206,Sports,0.0
2024-12-06,Toys_20241206,Toys,176.74
2024-12-07,Beauty_20241207,Beauty,31.33
2024-12-07,Books_20241207,Books,0.0
2024-12-07,Electronics_20241207,Electronics,28.29
2024-12-07,Fashion_20241207,Fashion,104.53
2024-12-07,Grocery_20241207,Grocery,6.5
2024-12-07,Home_Kitchen_20241207,Home & Kitchen,79.65
2024-12-07,Sports_20241207,Sports,0.0
2024-12-07,Toys_20241207,Toys,125.62
2024-12-08,Beauty_20241208,Beauty,0.0
2024-12-08,Books_20241208,Books,26.52
2024-12-08,Electronics_20241208,Electronics,157.75
2024-12-08,Fashion_20241208,Fashion,0.0
2024-12-08,Grocery_20241208,Grocery,14.09
2024-12-08,Home_Kitchen_20241208,Home & Kitchen,13.37
2024-12-08,Sports_20241208,Sports,127.49
2024-12-08,Toys_20241208,Toys,8.52
2024-12-09,Beauty_20241209,Beauty,50.93
2024-12-09,Books_20241209,Books,0.0
2024-12-09,Electronics_20241209,Electronics,34.2
2024-12-09,Fashion_20241209,Fashion,0.0
2024-12-09,Grocery_20241209,Grocery,32.22
2024-12-09,Home_Kitchen_20241209,Home & Kitchen,33.42
2024-12-09,Sports_20241209,Sports,113.0
2024-12-09,Toys_20241209,Toys,23.23
2024-12-10,Beauty_20241210,Beauty,5.57
2024-12-10,Books_20241210,Books,33.72
2024-12-10,Electronics_20241210,Electronics,175.07
2024-12-10,Fashion_20241210,Fashion,0.0
2024-12-10,Grocery_20241210,Grocery,0.0
2024-12-10,Home_Kitchen_20241210,Home & Kitchen,124.25
2024-12-10,Sports_20241210,Sports,65.61
2024-12-10,Toys_20241210,Toys,0.0
2024-12-11,Beauty_20241211,Beauty,42.86
2024-12-11,Books_20241211,Books,51.07
2024-12-11,Electronics_20241211,Electronics,0.0
2024-12-11,Fashion_20241211,Fashion,28.19
2024-12-11,Grocery_20241211,Grocery,0.0
2024-12-11,Home_Kitchen_20241211,Home & Kitchen,95.58
2024-12-11,Sports_20241211,Sports,163.91
2024-12-11,Toys_20241211,Toys,38.27
2024-12-12,Beauty_20241212,Beauty,0.0
2024-12-12,Books_20241212,Books,0.0
2024-12-12,Electronics_20241212,Electronics,0.0
2024-12-12,Fashion_20241212,Fashion,147.39
2024-12-12,Grocery_20241212,Grocery,47.74
2024-12-12,Home_Kitchen_20241212,Home & Kitchen,0.0
2024-12-12,Sports_20241212,Sports,0.0
2024-12-12,Toys_20241212,Toys,3.5
2024-12-13,Beauty_20241213,Beauty,37.66
2024-12-13,Books_20241213,Books,3.58
2024-12-13,Electronics_20241213,Electronics,152.87
2024-12-13,Fashion_20241213,Fashion,143.19
2024-12-13,Grocery_20241213,Grocery,6.54
2024-12-13,Home_Kitchen_20241213,Home & Kitchen,183.44
2024-12-13,Sports_20241213,Sports,27.73
2024-12-13,Toys_20241213,Toys,60.68
2024-12-14,Beauty_20241214,Beauty,27.69
2024-12-14,Books_20241214,Books,37.11
2024-12-14,Electronics_20241214,Electronics,57.86
2024-12-14,Fashion_20241214,Fashion,46.81
2024-12-14,Grocery_20241214,Grocery,19.89
2024-12-14,Home_Kitchen_20241214,Home & Kitchen,52.25
2024-12-14,Sports_20241214,Sports,0.0
2024-12-14,Toys_20241214,Toys,0.0
2024-12-15,Beauty_20241215,Beauty,0.0
2024-12-15,Books_20241215,Books,0.0
2024-12-15,Electronics_20241215,Electronics,86.61
2024-12-15,Fashion_20241215,Fashion,40.73
2024-12-15,Grocery_20241215,Grocery,0.0
2024-12-15,Home_Kitchen_20241215,Home & Kitchen,0.0
2024-12-15,Sports_20241215,Sports,0.0
2024-12-15,Toys_20241215,Toys,18.43
2024-12-16,Beauty_20241216,Beauty,6.81
2024-12-16,Books_20241216,Books,26.83
2024-12-16,Electronics_20241216,Electronics,0.0
2024-12-16,Fashion_20241216,Fashion,92.96
2024-12-16,Grocery_20241216,Grocery,22.57
2024-12-16,Home_Kitchen_20241216,Home & Kitchen,88.02
2024-12-16,Sports_20241216,Sports,75.04
2024-12-16,Toys_20241216,Toys,87.76
2024-12-17,Beauty_20241217,Beauty,0.0
2024-12-17,Books_20241217,Books,10.94
2024-12-17,Electronics_20241217,Electronics,233.96
2024-12-17,Fashion_20241217,Fashion,208.41
2024-12-17,Grocery_20241217,Grocery,0.0
2024-12-17,Home_Kitchen_20241217,Home & Kitchen,67.47
2024-12-17,Sports_20241217,Sports,110.75
2024-12-17,Toys_20241217,Toys,0.0
2024-12-18,Beauty_20241218,Beauty,6.97
2024-12-18,Books_20241218,Books,0.0
2024-12-18,Electronics_20241218,Electronics,39.57
2024-12-18,Fashion_20241218,Fashion,65.76
2024-12-18,Grocery_20241218,Grocery,0.0
2024-12-18,Home_Kitchen_20241218,Home & Kitchen,35.99
2024-12-18,Sports_20241218,Sports,0.0
2024-12-18,Toys_20241218,Toys,7.47
2024-12-19,Beauty_20241219,Beauty,53.32
2024-12-19,Books_20241219,Books,16.19
2024-12-19,Electronics_20241219,Electronics,0.0
2024-12-19,Fashion_20241219,Fashion,42.45
2024-12-19,Grocery_20241219,Grocery,27.75
2024-12-19,Home_Kitchen_20241219,Home & Kitchen,22.81
2024-12-19,Sports_20241219,Sports,91.66
2024-12-19,Toys_20241219,Toys,24.47
2024-12-20,Beauty_20241220,Beauty,0.0
2024-12-20,Books_20241220,Books,10.23
2024-12-20,Electronics_20241220,Electronics,39.9
2024-12-20,Fashion_20241220,Fashion,0.0
2024-12-20,Grocery_20241220,Grocery,13.22
2024-12-20,Home_Kitchen_20241220,Home & Kitchen,39.36
2024-12-20,Sports_20241220,Sports,0.0
2024-12-20,Toys_20241220,Toys,0.0
2024-12-21,Beauty_20241221,Beauty,29.96
2024-12-21,Books_20241221,Books,6.14
2024-12-21,Electronics_20241221,Electronics,0.0
2024-12-21,Fashion_20241221,Fashion,86.91
2024-12-21,Grocery_20241221,Grocery,21.53
2024-12-21,Home_Kitchen_20241221,Home & Kitchen,118.92
2024-12-21,Sports_20241221,Sports,58.87
2024-12-21,Toys_20241221,Toys,0.0
2024-12-22,Beauty_20241222,Beauty,18.65
2024-12-22,Books_20241222,Books,0.0
2024-12-22,Electronics_20241222,Electronics,0.0
2024-12-22,Fashion_20241222,Fashion,134.94
2024-12-22,Grocery_20241222,Grocery,23.87
2024-12-22,Home_Kitchen_20241222,Home & Kitchen,0.0
2024-12-22,Sports_20241222,Sports,17.63
2024-12-22,Toys_20241222,Toys,10.77
2024-12-23,Beauty_20241223,Beauty,0.0
2024-12-23,Books_20241223,Books,18.21
2024-12-23,Electronics_20241223,Electronics,136.39
2024-12-23,Fashion_20241223,Fashion,77.78
2024-12-23,Grocery_20241223,Grocery,3.86
2024-12-23,Home_Kitchen_20241223,Home & Kitchen,52.5
2024-12-23,Sports_20241223,Sports,36.86
2024-12-23,Toys_20241223,Toys,0.0
2024-12-24,Beauty_20241224,Beauty,57.27
2024-12-24,Books_20241224,Books,47.41
2024-12-24,Electronics_20241224,Electronics,94.51
2024-12-24,Fashion_20241224,Fashion,38.13
2024-12-24,Grocery_20241224,Grocery,16.54
2024-12-24,Home_Kitchen_20241224,Home & Kitchen,274.6
2024-12-24,Sports_20241224,Sports,52.08
2024-12-24,Toys_20241224,Toys,149.96
2024-12-25,Beauty_20241225,Beauty,0.0
2024-12-25,Books_20241225,Books,0.0
2024-12-25,Electronics_20241225,Electronics,0.0
2024-12-25,Fashion_20241225,Fashion,48.99
2024-12-25,Grocery_20241225,Grocery,6.48
2024-12-25,Home_Kitchen_20241225,Home & Kitchen,36.07
2024-12-25,Sports_20241225,Sports,28.19
2024-12-25,Toys_20241225,Toys,10.59
2024-12-26,Beauty_20241226,Beauty,7.42
2024-12-26,Books_20241226,Books,11.39
2024-12-26,Electronics_20241226,Electronics,200.06
2024-12-26,Fashion_20241226,Fashion,26.09
2024-12-26,Grocery_20241226,Grocery,13.36
2024-12-26,Home_Kitchen_20241226,Home & Kitchen,0.0
2024-12-26,Sports_20241226,Sports,161.5
2024-12-26,Toys_20241226,Toys,85.02
2024-12-27,Beauty_20241227,Beauty,0.0
2024-12-27,Books_20241227,Books,14.66
2024-12-27,Electronics_20241227,Electronics,183.83
2024-12-27,Fashion_20241227,Fashion,249.59
2024-12-27,Grocery_20241227,Grocery,28.97
2024-12-27,Home_Kitchen_20241227,Home & Kitchen,34.48
2024-12-27,Sports_20241227,Sports,137.61
2024-12-27,Toys_20241227,Toys,23.73
2024-12-28,Beauty_20241228,Beauty,48.29
2024-12-28,Books_20241228,Books,48.82
2024-12-28,Electronics_20241228,Electronics,0.0
2024-12-28,Fashion_20241228,Fashion,82.02
2024-12-28,Grocery_20241228,Grocery,0.0
2024-12-28,Home_Kitchen_20241228,Home & Kitchen,110.83
2024-12-28,Sports_20241228,Sports,0.0
2024-12-28,Toys_20241228,Toys,0.0
2024-12-29,Beauty_20241229,Beauty,37.48
2024-12-29,Books_20241229,Books,80.4
2024-12-29,Electronics_20241229,Electronics,57.24
2024-12-29,Fashion_20241229,Fashion,19.66
2024-12-29,Grocery_20241229,Grocery,0.0
2024-12-29,Home_Kitchen_20241229,Home & Kitchen,3.91
2024-12-29,Sports_20241229,Sports,111.24
2024-12-29,Toys_20241229,Toys,0.0
2024-12-30,Beauty_20241230,Beauty,8.7
2024-12-30,Books_20241230,Books,12.77
2024-12-30,Electronics_20241230,Electronics,17.64
2024-12-30,Fashion_20241230,Fashion,161.75
2024-12-30,Grocery_20241230,Grocery,0.0
2024-12-30,Home_Kitchen_20241230,Home & Kitchen,44.63
2024-12-30,Sports_20241230,Sports,0.0
2024-12-30,Toys_20241230,Toys,17.51
2024-12-31,Beauty_20241231,Beauty,14.05
2024-12-31,Books_20241231,Books,21.52
2024-12-31,Electronics_20241231,Electronics,0.0
2024-12-31,Fashion_20241231,Fashion,74.49
2024-12-31,Grocery_20241231,Grocery,0.0
2024-12-31,Home_Kitchen_20241231,Home & Kitchen,46.53
2024-12-31,Sports_20241231,Sports,70.83
2024-12-31,Toys_20241231,Toys,110.81
2025-01-01,Beauty_20250101,Beauty,0.0
2025-01-01,Books_20250101,Books,0.0
2025-01-01,Electronics_20250101,Electronics,158.99
2025-01-01,Fashion_20250101,Fashion,174.48
2025-01-01,Grocery_20250101,Grocery,51.33
2025-01-01,Home_Kitchen_20250101,Home & Kitchen,0.0
2025-01-01,Sports_20250101,Sports,130.82
2025-01-01,Toys_20250101,Toys,0.0
2025-01-02,Beauty_20250102,Beauty,9.67
2025-01-02,Books_20250102,Books,42.45
2025-01-02,Electronics_20250102,Electronics,0.0
2025-01-02,Fashion_20250102,Fashion,0.0
2025-01-02,Grocery_20250102,Grocery,5.48
2025-01-02,Home_Kitchen_20250102,Home & Kitchen,150.89
2025-01-02,Sports_20250102,Sports,164.97
2025-01-02,Toys_20250102,Toys,189.63
2025-01-03,Beauty_20250103,Beauty,13.12
2025-01-03,Books_20250103,Books,0.0
2025-01-03,Electronics_20250103,Electronics,267.76
2025-01-03,Fashion_20250103,Fashion,57.79
2025-01-03,Grocery_20250103,Grocery,62.06
2025-01-03,Home_Kitchen_20250103,Home & Kitchen,28.34
2025-01-03,Sports_20250103,Sports,203.68
2025-01-03,Toys_20250103,Toys,11.81
2025-01-04,Beauty_20250104,Beauty,13.48
2025-01-04,Books_20250104,Books,14.91
2025-01-04,Electronics_20250104,Electronics,88.82
2025-01-04,Fashion_20250104,Fashion,0.0
2025-01-04,Grocery_20250104,Grocery,7.31
2025-01-04,Home_Kitchen_20250104,Home & Kitchen,0.0
2025-01-04,Sports_20250104,Sports,94.28
2025-01-04,Toys_20250104,Toys,15.93
2025-01-05,Beauty_20250105,Beauty,31.46
2025-01-05,Books_20250105,Books,0.0
2025-01-05,Electronics_20250105,Electronics,90.63
2025-01-05,Fashion_20250105,Fashion,47.23
2025-01-05,Grocery_20250105,Grocery,0.0
2025-01-05,Home_Kitchen_20250105,Home & Kitchen,193.91
2025-01-05,Sports_20250105,Sports,30.14
2025-01-05,Toys_20250105,Toys,37.06
2025-01-06,Beauty_20250106,Beauty,5.26
2025-01-06,Books_20250106,Books,39.1
2025-01-06,Electronics_20250106,Electronics,35.03
2025-01-06,Fashion_20250106,Fashion,0.0
2025-01-06,Grocery_20250106,Grocery,10.37
2025-01-06,Home_Kitchen_20250106,Home & Kitchen,301.23
2025-01-06,Sports_20250106,Sports,0.0
2025-01-06,Toys_20250106,Toys,0.0
2025-01-07,Beauty_20250107,Beauty,15.83
2025-01-07,Books_20250107,Books,10.74
2025-01-07,Electronics_20250107,Electronics,14.95
2025-01-07,Fashion_20250107,Fashion,158.19
2025-01-07,Grocery_20250107,Grocery,4.94
2025-01-07,Home_Kitchen_20250107,Home & Kitchen,0.0
2025-01-07,Sports_20250107,Sports,59.0
2025-01-07,Toys_20250107,Toys,92.69
2025-01-08,Beauty_20250108,Beauty,11.24
2025-01-08,Books_20250108,Books,0.0
2025-01-08,Electronics_20250108,Electronics,0.0
2025-01-08,Fashion_20250108,Fashion,0.0
2025-01-08,Grocery_20250108,Grocery,9.17
2025-01-08,Home_Kitchen_20250108,Home & Kitchen,60.14
2025-01-08,Sports_20250108,Sports,0.0
2025-01-08,Toys_20250108,Toys,63.02
2025-01-09,Beauty_20250109,Beauty,22.83
2025-01-09,Books_20250109,Books,0.0
2025-01-09,Electronics_20250109,Electronics,0.0
2025-01-09,Fashion_20250109,Fashion,0.0
2025-01-09,Grocery_20250109,Grocery,20.32
2025-01-09,Home_Kitchen_20250109,Home & Kitchen,118.16
2025-01-09,Sports_20250109,Sports,81.09
2025-01-09,Toys_20250109,Toys,0.0
2025-01-10,Beauty_20250110,Beauty,85.82
2025-01-10,Books_20250110,Books,0.0
2025-01-10,Electronics_20250110,Electronics,0.0
2025-01-10,Fashion_20250110,Fashion,100.81
2025-01-10,Grocery_20250110,Grocery,0.0
2025-01-10,Home_Kitchen_20250110,Home & Kitchen,61.59
2025-01-10,Sports_20250110,Sports,0.0
2025-01-10,Toys_20250110,Toys,79.01
2025-01-11,Beauty_20250111,Beauty,45.32
2025-01-11,Books_20250111,Books,178.95
2025-01-11,Electronics_20250111,Electronics,215.81
2025-01-11,Fashion_20250111,Fashion,20.31
2025-01-11,Grocery_20250111,Grocery,71.75
2025-01-11,Home_Kitchen_20250111,Home & Kitchen,54.15
2025-01-11,Sports_20250111,Sports,114.85
2025-01-11,Toys_20250111,Toys,0.0
2025-01-12,Beauty_20250112,Beauty,23.11
2025-01-12,Books_20250112,Books,20.92
2025-01-12,Electronics_20250112,Electronics,0.0
2025-01-12,Fashion_20250112,Fashion,242.66
2025-01-12,Grocery_20250112,Grocery,0.0
2025-01-12,Home_Kitchen_20250112,Home & Kitchen,0.0
2025-01-12,Sports_20250112,Sports,18.57
2025-01-12,Toys_20250112,Toys,0.0
2025-01-13,Beauty_20250113,Beauty,72.77
2025-01-13,Books_20250113,Books,0.0
2025-01-13,Electronics_20250113,Electronics,140.99
2025-01-13,Fashion_20250113,Fashion,5.52
2025-01-13,Grocery_20250113,Grocery,0.0
2025-01-13,Home_Kitchen_20250113,Home & Kitchen,0.0
2025-01-13,Sports_20250113,Sports,32.34
2025-01-13,Toys_20250113,Toys,80.48
2025-01-14,Beauty_20250114,Beauty,0.0
2025-01-14,Books_20250114,Books,4.75
2025-01-14,Electronics_20250114,Electronics,291.43
2025-01-14,Fashion_20250114,Fashion,0.0
2025-01-14,Grocery_20250114,Grocery,0.0
2025-01-14,Home_Kitchen_20250114,Home & Kitchen,0.0
2025-01-14,Sports_20250114,Sports,0.0
2025-01-14,Toys_20250114,Toys,0.0
2025-01-15,Beauty_20250115,Beauty,14.55
2025-01-15,Books_20250115,Books,7.35
2025-01-15,Electronics_20250115,Electronics,0.0
2025-01-15,Fashion_20250115,Fashion,27.27
2025-01-15,Grocery_20250115,Grocery,39.59
2025-01-15,Home_Kitchen_20250115,Home & Kitchen,168.11
2025-01-15,Sports_20250115,Sports,32.49
2025-01-15,Toys_20250115,Toys,70.44
2025-01-16,Beauty_20250116,Beauty,94.03
2025-01-16,Books_20250116,Books,4.72
2025-01-16,Electronics_20250116,Electronics,0.0
2025-01-16,Fashion_20250116,Fashion,0.0
2025-01-16,Grocery_20250116,Grocery,40.45
2025-01-16,Home_Kitchen_20250116,Home & Kitchen,217.72
2025-01-16,Sports_20250116,Sports,76.24
2025-01-16,Toys_20250116,Toys,52.98
2025-01-17,Beauty_20250117,Beauty,14.96
2025-01-17,Books_20250117,Books,0.0
2025-01-17,Electronics_20250117,Electronics,260.42
2025-01-17,Fashion_20250117,Fashion,15.89
2025-01-17,Grocery_20250117,Grocery,0.0
2025-01-17,Home_Kitchen_20250117,Home & Kitchen,0.0
2025-01-17,Sports_20250117,Sports,102.39
2025-01-17,Toys_20250117,Toys,70.36
2025-01-18,Beauty_20250118,Beauty,0.0
2025-01-18,Books_20250118,Books,36.73
2025-01-18,Electronics_20250118,Electronics,45.89
2025-01-18,Fashion_20250118,Fashion,0.0
2025-01-18,Grocery_20250118,Grocery,21.86
2025-01-18,Home_Kitchen_20250118,Home & Kitchen,233.68
2025-01-18,Sports_20250118,Sports,227.45
2025-01-18,Toys_20250118,Toys,264.28
2025-01-19,Beauty_20250119,Beauty,6.84
2025-01-19,Books_20250119,Books,22.21
2025-01-19,Electronics_20250119,Electronics,18.75
2025-01-19,Fashion_20250119,Fashion,108.21
2025-01-19,Grocery_20250119,Grocery,0.0
2025-01-19,Home_Kitchen_20250119,Home & Kitchen,0.0
2025-01-19,Sports_20250119,Sports,63.26
2025-01-19,Toys_20250119,Toys,0.0
2025-01-20,Beauty_20250120,Beauty,9.96
2025-01-20,Books_20250120,Books,0.0
2025-01-20,Electronics_20250120,Electronics,92.84
2025-01-20,Fashion_20250120,Fashion,0.0
2025-01-20,Grocery_20250120,Grocery,34.4
2025-01-20,Home_Kitchen_20250120,Home & Kitchen,54.55
2025-01-20,Sports_20250120,Sports,0.0
2025-01-20,Toys_20250120,Toys,46.9
2025-01-21,Beauty_20250121,Beauty,0.0
2025-01-21,Books_20250121,Books,5.84
2025-01-21,Electronics_20250121,Electronics,111.91
2025-01-21,Fashion_20250121,Fashion,0.0
2025-01-21,Grocery_20250121,Grocery,13.31
2025-01-21,Home_Kitchen_20250121,Home & Kitchen,0.0
2025-01-21,Sports_20250121,Sports,0.0
2025-01-21,Toys_20250121,Toys,0.0
2025-01-22,Beauty_20250122,Beauty,46.08
2025-01-22,Books_20250122,Books,44.89
2025-01-22,Electronics_20250122,Electronics,63.11
2025-01-22,Fashion_20250122,Fashion,31.37
2025-01-22,Grocery_20250122,Grocery,0.0
2025-01-22,Home_Kitchen_20250122,Home & Kitchen,0.0
2025-01-22,Sports_20250122,Sports,102.71
2025-01-22,Toys_20250122,Toys,36.49
2025-01-23,Beauty_20250123,Beauty,62.74
2025-01-23,Books_20250123,Books,18.24
2025-01-23,Electronics_20250123,Electronics,64.19
2025-01-23,Fashion_20250123,Fashion,0.0
2025-01-23,Grocery_20250123,Grocery,6.0
2025-01-23,Home_Kitchen_20250123,Home & Kitchen,264.75
2025-01-23,Sports_20250123,Sports,83.34
2025-01-23,Toys_20250123,Toys,27.21
2025-01-24,Beauty_20250124,Beauty,32.99
2025-01-24,Books_20250124,Books,90.81
2025-01-24,Electronics_20250124,Electronics,0.0
2025-01-24,Fashion_20250124,Fashion,51.6
2025-01-24,Grocery_20250124,Grocery,59.48
2025-01-24,Home_Kitchen_20250124,Home & Kitchen,0.0
2025-01-24,Sports_20250124,Sports,67.53
2025-01-24,Toys_20250124,Toys,7.95
2025-01-25,Beauty_20250125,Beauty,49.74
2025-01-25,Books_20250125,Books,0.0
2025-01-25,Electronics_20250125,Electronics,152.8
2025-01-25,Fashion_20250125,Fashion,0.0
2025-01-25,Grocery_20250125,Grocery,9.58
2025-01-25,Home_Kitchen_20250125,Home & Kitchen,0.0
2025-01-25,Sports_20250125,Sports,0.0
2025-01-25,Toys_20250125,Toys,139.41
2025-01-26,Beauty_20250126,Beauty,40.56
2025-01-26,Books_20250126,Books,62.8
2025-01-26,Electronics_20250126,Electronics,152.34
2025-01-26,Fashion_20250126,Fashion,32.23
2025-01-26,Grocery_20250126,Grocery,33.42
2025-01-26,Home_Kitchen_20250126,Home & Kitchen,53.07
2025-01-26,Sports_20250126,Sports,36.74
2025-01-26,Toys_20250126,Toys,0.0
2025-01-27,Beauty_20250127,Beauty,36.73
2025-01-27,Books_20250127,Books,0.0
2025-01-27,Electronics_20250127,Electronics,0.0
2025-01-27,Fashion_20250127,Fashion,34.34
2025-01-27,Grocery_20250127,Grocery,0.0
2025-01-27,Home_Kitchen_20250127,Home & Kitchen,0.0
2025-01-27,Sports_20250127,Sports,0.0
2025-01-27,Toys_20250127,Toys,0.0
2025-01-28,Beauty_20250128,Beauty,86.07
2025-01-28,Books_20250128,Books,2.23
2025-01-28,Electronics_20250128,Electronics,104.13
2025-01-28,Fashion_20250128,Fashion,108.84
2025-01-28,Grocery_20250128,Grocery,27.61
2025-01-28,Home_Kitchen_20250128,Home & Kitchen,115.49
2025-01-28,Sports_20250128,Sports,0.0
2025-01-28,Toys_20250128,Toys,29.41
2025-01-29,Beauty_20250129,Beauty,139.74
2025-01-29,Books_20250129,Books,2.28
2025-01-29,Electronics_20250129,Electronics,134.51
2025-01-29,Fashion_20250129,Fashion,473.55
2025-01-29,Grocery_20250129,Grocery,5.99
2025-01-29,Home_Kitchen_20250129,Home & Kitchen,221.76
2025-01-29,Sports_20250129,Sports,117.52
2025-01-29,Toys_20250129,Toys,37.87
2025-01-30,Beauty_20250130,Beauty,61.16
2025-01-30,Books_20250130,Books,47.63
2025-01-30,Electronics_20250130,Electronics,0.0
2025-01-30,Fashion_20250130,Fashion,62.54
2025-01-30,Grocery_20250130,Grocery,14.44
2025-01-30,Home_Kitchen_20250130,Home & Kitchen,0.0
2025-01-30,Sports_20250130,Sports,105.96
2025-01-30,Toys_20250130,Toys,20.86
2025-01-31,Beauty_20250131,Beauty,120.23
2025-01-31,Books_20250131,Books,5.55
2025-01-31,Electronics_20250131,Electronics,0.0
2025-01-31,Fashion_20250131,Fashion,0.0
2025-01-31,Grocery_20250131,Grocery,9.78
2025-01-31,Home_Kitchen_20250131,Home & Kitchen,0.0
2025-01-31,Sports_20250131,Sports,67.46
2025-01-31,Toys_20250131,Toys,73.16
2025-02-01,Beauty_20250201,Beauty,21.52
2025-02-01,Books_20250201,Books,5.26
2025-02-01,Electronics_20250201,Electronics,0.0
2025-02-01,Fashion_20250201,Fashion,0.0
2025-02-01,Grocery_20250201,Grocery,0.0
2025-02-01,Home_Kitchen_20250201,Home & Kitchen,0.0
2025-02-01,Sports_20250201,Sports,92.61
2025-02-01,Toys_20250201,Toys,42.0
2025-02-02,Beauty_20250202,Beauty,33.03
2025-02-02,Books_20250202,Books,39.04
2025-02-02,Electronics_20250202,Electronics,204.95
2025-02-02,Fashion_20250202,Fashion,56.96
2025-02-02,Grocery_20250202,Grocery,22.01
2025-02-02,Home_Kitchen_20250202,Home & Kitchen,69.75
2025-02-02,Sports_20250202,Sports,13.43
2025-02-02,Toys_20250202,Toys,23.76
2025-02-03,Beauty_20250203,Beauty,12.55
2025-02-03,Books_20250203,Books,36.81
2025-02-03,Electronics_20250203,Electronics,0.0
2025-02-03,Fashion_20250203,Fashion,27.81
2025-02-03,Grocery_20250203,Grocery,50.57
2025-02-03,Home_Kitchen_20250203,Home & Kitchen,98.02
2025-02-03,Sports_20250203,Sports,0.0
2025-02-03,Toys_20250203,Toys,27.39
2025-02-04,Beauty_20250204,Beauty,0.0
2025-02-04,Books_20250204,Books,15.83
2025-02-04,Electronics_20250204,Electronics,92.12
2025-02-04,Fashion_20250204,Fashion,105.67
2025-02-04,Grocery_20250204,Grocery,20.24
2025-02-04,Home_Kitchen_20250204,Home & Kitchen,129.11
2025-02-04,Sports_20250204,Sports,61.4
2025-02-04,Toys_20250204,Toys,0.0
2025-02-05,Beauty_20250205,Beauty,0.0
2025-02-05,Books_20250205,Books,6.36
2025-02-05,Electronics_20250205,Electronics,41.61
2025-02-05,Fashion_20250205,Fashion,46.04
2025-02-05,Grocery_20250205,Grocery,0.0
2025-02-05,Home_Kitchen_20250205,Home & Kitchen,32.81
2025-02-05,Sports_20250205,Sports,434.18
2025-02-05,Toys_20250205,Toys,25.19
2025-02-06,Beauty_20250206,Beauty,1.94
2025-02-06,Books_20250206,Books,39.14
2025-02-06,Electronics_20250206,Electronics,148.59
2025-02-06,Fashion_20250206,Fashion,74.35
2025-02-06,Grocery_20250206,Grocery,33.52
2025-02-06,Home_Kitchen_20250206,Home & Kitchen,72.31
2025-02-06,Sports_20250206,Sports,0.0
2025-02-06,Toys_20250206,Toys,18.44
2025-02-07,Beauty_20250207,Beauty,39.33
2025-02-07,Books_20250207,Books,21.32
2025-02-07,Electronics_20250207,Electronics,5.86
2025-02-07,Fashion_20250207,Fashion,47.16
2025-02-07,Grocery_20250207,Grocery,10.15
2025-02-07,Home_Kitchen_20250207,Home & Kitchen,44.29
2025-02-07,Sports_20250207,Sports,37.47
2025-02-07,Toys_20250207,Toys,0.0
2025-02-08,Beauty_20250208,Beauty,1.77
2025-02-08,Books_20250208,Books,0.0
2025-02-08,Electronics_20250208,Electronics,82.86
2025-02-08,Fashion_20250208,Fashion,12.88
2025-02-08,Grocery_20250208,Grocery,9.91
2025-02-08,Home_Kitchen_20250208,Home & Kitchen,0.0
2025-02-08,Sports_20250208,Sports,33.09
2025-02-08,Toys_20250208,Toys,23.87
2025-02-09,Beauty_20250209,Beauty,0.0
2025-02-09,Books_20250209,Books,34.03
2025-02-09,Electronics_20250209,Electronics,92.22
2025-02-09,Fashion_20250209,Fashion,0.0
2025-02-09,Grocery_20250209,Grocery,12.9
2025-02-09,Home_Kitchen_20250209,Home & Kitchen,10.02
2025-02-09,Sports_20250209,Sports,36.83
2025-02-09,Toys_20250209,Toys,140.87
2025-02-10,Beauty_20250210,Beauty,29.38
2025-02-10,Books_20250210,Books,20.1
2025-02-10,Electronics_20250210,Electronics,145.58
2025-02-10,Fashion_20250210,Fashion,142.65
2025-02-10,Grocery_20250210,Grocery,0.0
2025-02-10,Home_Kitchen_20250210,Home & Kitchen,0.0
2025-02-10,Sports_20250210,Sports,79.51
2025-02-10,Toys_20250210,Toys,0.0
2025-02-11,Beauty_20250211,Beauty,0.0
2025-02-11,Books_20250211,Books,0.0
2025-02-11,Electronics_20250211,Electronics,155.12
2025-02-11,Fashion_20250211,Fashion,0.0
2025-02-11,Grocery_20250211,Grocery,0.0
2025-02-11,Home_Kitchen_20250211,Home & Kitchen,0.0
2025-02-11,Sports_20250211,Sports,169.77
2025-02-11,Toys_20250211,Toys,0.0
2025-02-12,Beauty_20250212,Beauty,42.07
2025-02-12,Books_20250212,Books,37.16
2025-02-12,Electronics_20250212,Electronics,168.92
2025-02-12,Fashion_20250212,Fashion,126.6
2025-02-12,Grocery_20250212,Grocery,32.8
2025-02-12,Home_Kitchen_20250212,Home & Kitchen,0.0
2025-02-12,Sports_20250212,Sports,81.74
2025-02-12,Toys_20250212,Toys,27.51
2025-02-13,Beauty_20250213,Beauty,114.44
2025-02-13,Books_20250213,Books,0.0
2025-02-13,Electronics_20250213,Electronics,6.31
2025-02-13,Fashion_20250213,Fashion,51.83
2025-02-13,Grocery_20250213,Grocery,27.25
2025-02-13,Home_Kitchen_20250213,Home & Kitchen,93.06
2025-02-13,Sports_20250213,Sports,75.23
2025-02-13,Toys_20250213,Toys,99.0
2025-02-14,Beauty_20250214,Beauty,0.0
2025-02-14,Books_20250214,Books,42.71
2025-02-14,Electronics_20250214,Electronics,0.0
2025-02-14,Fashion_20250214,Fashion,8.11
2025-02-14,Grocery_20250214,Grocery,0.0
2025-02-14,Home_Kitchen_20250214,Home & Kitchen,0.0
2025-02-14,Sports_20250214,Sports,19.95
2025-02-14,Toys_20250214,Toys,0.0
2025-02-15,Beauty_20250215,Beauty,22.58
2025-02-15,Books_20250215,Books,39.52
2025-02-15,Electronics_20250215,Electronics,54.33
2025-02-15,Fashion_20250215,Fashion,150.61
2025-02-15,Grocery_20250215,Grocery,12.73
2025-02-15,Home_Kitchen_20250215,Home & Kitchen,13.11
2025-02-15,Sports_20250215,Sports,93.38
2025-02-15,Toys_20250215,Toys,173.46
2025-02-16,Beauty_20250216,Beauty,0.0
2025-02-16,Books_20250216,Books,0.0
2025-02-16,Electronics_20250216,Electronics,0.0
2025-02-16,Fashion_20250216,Fashion,56.38
2025-02-16,Grocery_20250216,Grocery,34.76
2025-02-16,Home_Kitchen_20250216,Home & Kitchen,45.49
2025-02-16,Sports_20250216,Sports,134.7
2025-02-16,Toys_20250216,Toys,4.41
2025-02-17,Beauty_20250217,Beauty,40.56
2025-02-17,Books_20250217,Books,1.81
2025-02-17,Electronics_20250217,Electronics,311.5
2025-02-17,Fashion_20250217,Fashion,72.13
2025-02-17,Grocery_20250217,Grocery,11.12
2025-02-17,Home_Kitchen_20250217,Home & Kitchen,200.49
2025-02-17,Sports_20250217,Sports,169.72
2025-02-17,Toys_20250217,Toys,32.58
2025-02-18,Beauty_20250218,Beauty,35.28
2025-02-18,Books_20250218,Books,42.33
2025-02-18,Electronics_20250218,Electronics,34.82
2025-02-18,Fashion_20250218,Fashion,53.16
2025-02-18,Grocery_20250218,Grocery,4.87
2025-02-18,Home_Kitchen_20250218,Home & Kitchen,339.25
2025-02-18,Sports_20250218,Sports,164.88
2025-02-18,Toys_20250218,Toys,65.61
2025-02-19,Beauty_20250219,Beauty,43.54
2025-02-19,Books_20250219,Books,19.51
2025-02-19,Electronics_20250219,Electronics,0.0
2025-02-19,Fashion_20250219,Fashion,0.0
2025-02-19,Grocery_20250219,Grocery,22.26
2025-02-19,Home_Kitchen_20250219,Home & Kitchen,93.54
2025-02-19,Sports_20250219,Sports,104.72
2025-02-19,Toys_20250219,Toys,77.0
2025-02-20,Beauty_20250220,Beauty,15.54
2025-02-20,Books_20250220,Books,22.13
2025-02-20,Electronics_20250220,Electronics,31.71
2025-02-20,Fashion_20250220,Fashion,0.0
2025-02-20,Grocery_20250220,Grocery,6.12
2025-02-20,Home_Kitchen_20250220,Home & Kitchen,183.03
2025-02-20,Sports_20250220,Sports,0.0
2025-02-20,Toys_20250220,Toys,0.0
2025-02-21,Beauty_20250221,Beauty,6.63
2025-02-21,Books_20250221,Books,25.31
2025-02-21,Electronics_20250221,Electronics,0.0
2025-02-21,Fashion_20250221,Fashion,10.11
2025-02-21,Grocery_20250221,Grocery,0.0
2025-02-21,Home_Kitchen_20250221,Home & Kitchen,0.0
2025-02-21,Sports_20250221,Sports,63.36
2025-02-21,Toys_20250221,Toys,0.0
2025-02-22,Beauty_20250222,Beauty,15.1
2025-02-22,Books_20250222,Books,9.89
2025-02-22,Electronics_20250222,Electronics,28.4
2025-02-22,Fashion_20250222,Fashion,266.92
2025-02-22,Grocery_20250222,Grocery,0.0
2025-02-22,Home_Kitchen_20250222,Home & Kitchen,0.0
2025-02-22,Sports_20250222,Sports,18.19
2025-02-22,Toys_20250222,Toys,10.51
2025-02-23,Beauty_20250223,Beauty,10.93
2025-02-23,Books_20250223,Books,58.48
2025-02-23,Electronics_20250223,Electronics,257.64
2025-02-23,Fashion_20250223,Fashion,13.29
2025-02-23,Grocery_20250223,Grocery,6.24
2025-02-23,Home_Kitchen_20250223,Home & Kitchen,367.59
2025-02-23,Sports_20250223,Sports,32.07
2025-02-23,Toys_20250223,Toys,105.46
2025-02-24,Beauty_20250224,Beauty,10.69
2025-02-24,Books_20250224,Books,2.61
2025-02-24,Electronics_20250224,Electronics,174.35
2025-02-24,Fashion_20250224,Fashion,50.7
2025-02-24,Grocery_20250224,Grocery,0.0
2025-02-24,Home_Kitchen_20250224,Home & Kitchen,218.19
2025-02-24,Sports_20250224,Sports,116.95
2025-02-24,Toys_20250224,Toys,73.65
2025-02-25,Beauty_20250225,Beauty,60.87
2025-02-25,Books_20250225,Books,55.03
2025-02-25,Electronics_20250225,Electronics,109.7
2025-02-25,Fashion_20250225,Fashion,125.22
2025-02-25,Grocery_20250225,Grocery,31.04
2025-02-25,Home_Kitchen_20250225,Home & Kitchen,167.92
2025-02-25,Sports_20250225,Sports,66.61
2025-02-25,Toys_20250225,Toys,25.92
2025-02-26,Beauty_20250226,Beauty,0.0
2025-02-26,Books_20250226,Books,40.65
2025-02-26,Electronics_20250226,Electronics,0.0
2025-02-26,Fashion_20250226,Fashion,25.84
2025-02-26,Grocery_20250226,Grocery,9.93
2025-02-26,Home_Kitchen_20250226,Home & Kitchen,250.4
2025-02-26,Sports_20250226,Sports,124.87
2025-02-26,Toys_20250226,Toys,0.0
2025-02-27,Beauty_20250227,Beauty,0.0
2025-02-27,Books_20250227,Books,7.0
2025-02-27,Electronics_20250227,Electronics,45.97
2025-02-27,Fashion_20250227,Fashion,57.61
2025-02-27,Grocery_20250227,Grocery,37.1
2025-02-27,Home_Kitchen_20250227,Home & Kitchen,0.0
2025-02-27,Sports_20250227,Sports,192.27
2025-02-27,Toys_20250227,Toys,46.18
2025-02-28,Beauty_20250228,Beauty,0.0
2025-02-28,Books_20250228,Books,11.23
2025-02-28,Electronics_20250228,Electronics,17.11
2025-02-28,Fashion_20250228,Fashion,50.57
2025-02-28,Grocery_20250228,Grocery,18.92
2025-02-28,Home_Kitchen_20250228,Home & Kitchen,56.26
2025-02-28,Sports_20250228,Sports,0.0
2025-02-28,Toys_20250228,Toys,24.22
2025-03-01,Beauty_20250301,Beauty,112.77
2025-03-01,Books_20250301,Books,0.0
2025-03-01,Electronics_20250301,Electronics,177.37
2025-03-01,Fashion_20250301,Fashion,36.77
2025-03-01,Grocery_20250301,Grocery,36.64
2025-03-01,Home_Kitchen_20250301,Home & Kitchen,28.16
2025-03-01,Sports_20250301,Sports,287.62
2025-03-01,Toys_20250301,Toys,107.01
2025-03-02,Beauty_20250302,Beauty,0.0
2025-03-02,Books_20250302,Books,22.39
2025-03-02,Electronics_20250302,Electronics,0.0
2025-03-02,Fashion_20250302,Fashion,31.43
2025-03-02,Grocery_20250302,Grocery,7.17
2025-03-02,Home_Kitchen_20250302,Home & Kitchen,11.2
2025-03-02,Sports_20250302,Sports,29.06
2025-03-02,Toys_20250302,Toys,0.0
2025-03-03,Beauty_20250303,Beauty,54.55
2025-03-03,Books_20250303,Books,12.52
2025-03-03,Electronics_20250303,Electronics,96.88
2025-03-03,Fashion_20250303,Fashion,102.54
2025-03-03,Grocery_20250303,Grocery,89.83
2025-03-03,Home_Kitchen_20250303,Home & Kitchen,0.0
2025-03-03,Sports_20250303,Sports,134.78
2025-03-03,Toys_20250303,Toys,47.29
2025-03-04,Beauty_20250304,Beauty,7.38
2025-03-04,Books_20250304,Books,89.21
2025-03-04,Electronics_20250304,Electronics,0.0
2025-03-04,Fashion_20250304,Fashion,25.39
2025-03-04,Grocery_20250304,Grocery,42.36
2025-03-04,Home_Kitchen_20250304,Home & Kitchen,68.05
2025-03-04,Sports_20250304,Sports,142.22
2025-03-04,Toys_20250304,Toys,0.0
2025-03-05,Beauty_20250305,Beauty,0.0
2025-03-05,Books_20250305,Books,0.0
2025-03-05,Electronics_20250305,Electronics,0.0
2025-03-05,Fashion_20250305,Fashion,238.66
2025-03-05,Grocery_20250305,Grocery,9.0
2025-03-05,Home_Kitchen_20250305,Home & Kitchen,276.7
2025-03-05,Sports_20250305,Sports,185.82
2025-03-05,Toys_20250305,Toys,120.04
2025-03-06,Beauty_20250306,Beauty,27.12
2025-03-06,Books_20250306,Books,7.59
2025-03-06,Electronics_20250306,Electronics,0.0
2025-03-06,Fashion_20250306,Fashion,33.81
2025-03-06,Grocery_20250306,Grocery,32.51
2025-03-06,Home_Kitchen_20250306,Home & Kitchen,53.4
2025-03-06,Sports_20250306,Sports,165.45
2025-03-06,Toys_20250306,Toys,0.0
2025-03-07,Beauty_20250307,Beauty,0.0
2025-03-07,Books_20250307,Books,86.05
2025-03-07,Electronics_20250307,Electronics,57.05
2025-03-07,Fashion_20250307,Fashion,0.0
2025-03-07,Grocery_20250307,Grocery,0.0
2025-03-07,Home_Kitchen_20250307,Home & Kitchen,0.0
2025-03-07,Sports_20250307,Sports,144.49
2025-03-07,Toys_20250307,Toys,0.0
2025-03-08,Beauty_20250308,Beauty,27.32
2025-03-08,Books_20250308,Books,61.04
2025-03-08,Electronics_20250308,Electronics,239.37
2025-03-08,Fashion_20250308,Fashion,0.0
2025-03-08,Grocery_20250308,Grocery,9.58
2025-03-08,Home_Kitchen_20250308,Home & Kitchen,120.18
2025-03-08,Sports_20250308,Sports,120.45
2025-03-08,Toys_20250308,Toys,58.76
2025-03-09,Beauty_20250309,Beauty,25.66
2025-03-09,Books_20250309,Books,7.55
2025-03-09,Electronics_20250309,Electronics,119.91
2025-03-09,Fashion_20250309,Fashion,80.48
2025-03-09,Grocery_20250309,Grocery,20.59
2025-03-09,Home_Kitchen_20250309,Home & Kitchen,11.95
2025-03-09,Sports_20250309,Sports,75.32
2025-03-09,Toys_20250309,Toys,24.66
2025-03-10,Beauty_20250310,Beauty,98.79
2025-03-10,Books_20250310,Books,0.0
2025-03-10,Electronics_20250310,Electronics,10.31
2025-03-10,Fashion_20250310,Fashion,0.0
2025-03-10,Grocery_20250310,Grocery,19.31
2025-03-10,Home_Kitchen_20250310,Home & Kitchen,156.4
2025-03-10,Sports_20250310,Sports,43.41
2025-03-10,Toys_20250310,Toys,23.32
2025-03-11,Beauty_20250311,Beauty,0.0
2025-03-11,Books_20250311,Books,0.0
2025-03-11,Electronics_20250311,Electronics,9.01
2025-03-11,Fashion_20250311,Fashion,59.06
2025-03-11,Grocery_20250311,Grocery,28.65
2025-03-11,Home_Kitchen_20250311,Home & Kitchen,207.66
2025-03-11,Sports_20250311,Sports,67.35
2025-03-11,Toys_20250311,Toys,0.0
2025-03-12,Beauty_20250312,Beauty,0.0
2025-03-12,Books_20250312,Books,0.0
2025-03-12,Electronics_20250312,Electronics,46.27
2025-03-12,Fashion_20250312,Fashion,20.22
2025-03-12,Grocery_20250312,Grocery,16.28
2025-03-12,Home_Kitchen_20250312,Home & Kitchen,0.0
2025-03-12,Sports_20250312,Sports,0.0
2025-03-12,Toys_20250312,Toys,12.51
2025-03-13,Beauty_20250313,Beauty,0.0
2025-03-13,Books_20250313,Books,100.39
2025-03-13,Electronics_20250313,Electronics,106.17
2025-03-13,Fashion_20250313,Fashion,0.0
2025-03-13,Grocery_20250313,Grocery,8.59
2025-03-13,Home_Kitchen_20250313,Home & Kitchen,213.58
2025-03-13,Sports_20250313,Sports,19.05
2025-03-13,Toys_20250313,Toys,47.44
2025-03-14,Beauty_20250314,Beauty,0.0
2025-03-14,Books_20250314,Books,8.57
2025-03-14,Electronics_20250314,Electronics,0.0
2025-03-14,Fashion_20250314,Fashion,41.69
2025-03-14,Grocery_20250314,Grocery,9.65
2025-03-14,Home_Kitchen_20250314,Home & Kitchen,209.59
2025-03-14,Sports_20250314,Sports,133.92
2025-03-14,Toys_20250314,Toys,0.0
2025-03-15,Beauty_20250315,Beauty,0.0
2025-03-15,Books_20250315,Books,18.53
2025-03-15,Electronics_20250315,Electronics,0.0
2025-03-15,Fashion_20250315,Fashion,40.91
2025-03-15,Grocery_20250315,Grocery,10.02
2025-03-15,Home_Kitchen_20250315,Home & Kitchen,194.79
2025-03-15,Sports_20250315,Sports,25.07
2025-03-15,Toys_20250315,Toys,34.31
2025-03-16,Beauty_20250316,Beauty,10.42
2025-03-16,Books_20250316,Books,49.56
2025-03-16,Electronics_20250316,Electronics,13.58
2025-03-16,Fashion_20250316,Fashion,65.21
2025-03-16,Grocery_20250316,Grocery,33.82
2025-03-16,Home_Kitchen_20250316,Home & Kitchen,164.76
2025-03-16,Sports_20250316,Sports,108.18
2025-03-16,Toys_20250316,Toys,23.84
2025-03-17,Beauty_20250317,Beauty,52.46
2025-03-17,Books_20250317,Books,19.3
2025-03-17,Electronics_20250317,Electronics,46.9
2025-03-17,Fashion_20250317,Fashion,236.02
2025-03-17,Grocery_20250317,Grocery,6.17
2025-03-17,Home_Kitchen_20250317,Home & Kitchen,0.0
2025-03-17,Sports_20250317,Sports,28.05
2025-03-17,Toys_20250317,Toys,0.0
2025-03-18,Beauty_20250318,Beauty,7.38
2025-03-18,Books_20250318,Books,32.51
2025-03-18,Electronics_20250318,Electronics,101.59
2025-03-18,Fashion_20250318,Fashion,0.0
2025-03-18,Grocery_20250318,Grocery,8.75
2025-03-18,Home_Kitchen_20250318,Home & Kitchen,0.0
2025-03-18,Sports_20250318,Sports,281.22
2025-03-18,Toys_20250318,Toys,126.48
2025-03-19,Beauty_20250319,Beauty,11.14
2025-03-19,Books_20250319,Books,0.0
2025-03-19,Electronics_20250319,Electronics,15.42
2025-03-19,Fashion_20250319,Fashion,52.8
2025-03-19,Grocery_20250319,Grocery,22.21
2025-03-19,Home_Kitchen_20250319,Home & Kitchen,0.0
2025-03-19,Sports_20250319,Sports,244.9
2025-03-19,Toys_20250319,Toys,50.73
2025-03-20,Beauty_20250320,Beauty,0.0
2025-03-20,Books_20250320,Books,0.0
2025-03-20,Electronics_20250320,Electronics,0.0
2025-03-20,Fashion_20250320,Fashion,146.24
2025-03-20,Grocery_20250320,Grocery,41.62
2025-03-20,Home_Kitchen_20250320,Home & Kitchen,77.29
2025-03-20,Sports_20250320,Sports,0.0
2025-03-20,Toys_20250320,Toys,39.47
2025-03-21,Beauty_20250321,Beauty,0.0
2025-03-21,Books_20250321,Books,0.0
2025-03-21,Electronics_20250321,Electronics,48.11
2025-03-21,Fashion_20250321,Fashion,145.44
2025-03-21,Grocery_20250321,Grocery,0.0
2025-03-21,Home_Kitchen_20250321,Home & Kitchen,0.0
2025-03-21,Sports_20250321,Sports,41.89
2025-03-21,Toys_20250321,Toys,0.0
2025-03-22,Beauty_20250322,Beauty,49.35
2025-03-22,Books_20250322,Books,0.0
2025-03-22,Electronics_20250322,Electronics,190.8
2025-03-22,Fashion_20250322,Fashion,0.0
2025-03-22,Grocery_20250322,Grocery,0.0
2025-03-22,Home_Kitchen_20250322,Home & Kitchen,109.83
2025-03-22,Sports_20250322,Sports,22.19
2025-03-22,Toys_20250322,Toys,57.96
2025-03-23,Beauty_20250323,Beauty,24.42
2025-03-23,Books_20250323,Books,0.0
2025-03-23,Electronics_20250323,Electronics,31.08
2025-03-23,Fashion_20250323,Fashion,179.62
2025-03-23,Grocery_20250323,Grocery,0.0
2025-03-23,Home_Kitchen_20250323,Home & Kitchen,0.0
2025-03-23,Sports_20250323,Sports,163.9
2025-03-23,Toys_20250323,Toys,43.48
2025-03-24,Beauty_20250324,Beauty,22.16
2025-03-24,Books_20250324,Books,0.0
2025-03-24,Electronics_20250324,Electronics,0.0
2025-03-24,Fashion_20250324,Fashion,263.63
2025-03-24,Grocery_20250324,Grocery,0.0
2025-03-24,Home_Kitchen_20250324,Home & Kitchen,0.0
2025-03-24,Sports_20250324,Sports,0.0
2025-03-24,Toys_20250324,Toys,15.97
2025-03-25,Beauty_20250325,Beauty,0.0
2025-03-25,Books_20250325,Books,18.53
2025-03-25,Electronics_20250325,Electronics,147.71
2025-03-25,Fashion_20250325,Fashion,6.88
2025-03-25,Grocery_20250325,Grocery,15.6
2025-03-25,Home_Kitchen_20250325,Home & Kitchen,5.29
2025-03-25,Sports_20250325,Sports,139.98
2025-03-25,Toys_20250325,Toys,60.22
2025-03-26,Beauty_20250326,Beauty,51.3
2025-03-26,Books_20250326,Books,15.79
2025-03-26,Electronics_20250326,Electronics,84.4
2025-03-26,Fashion_20250326,Fashion,11.54
2025-03-26,Grocery_20250326,Grocery,0.0
2025-03-26,Home_Kitchen_20250326,Home & Kitchen,93.05
2025-03-26,Sports_20250326,Sports,107.9
2025-03-26,Toys_20250326,Toys,5.18
2025-03-27,Beauty_20250327,Beauty,0.0
2025-03-27,Books_20250327,Books,23.83
2025-03-27,Electronics_20250327,Electronics,179.44
2025-03-27,Fashion_20250327,Fashion,87.63
2025-03-27,Grocery_20250327,Grocery,0.0
2025-03-27,Home_Kitchen_20250327,Home & Kitchen,38.48
2025-03-27,Sports_20250327,Sports,14.08
2025-03-27,Toys_20250327,Toys,0.0
2025-03-28,Beauty_20250328,Beauty,20.44
2025-03-28,Books_20250328,Books,25.92
2025-03-28,Electronics_20250328,Electronics,425.46
2025-03-28,Fashion_20250328,Fashion,0.0
2025-03-28,Grocery_20250328,Grocery,18.67
2025-03-28,Home_Kitchen_20250328,Home & Kitchen,0.0
2025-03-28,Sports_20250328,Sports,25.78
2025-03-28,Toys_20250328,Toys,0.0
2025-03-29,Beauty_20250329,Beauty,6.03
2025-03-29,Books_20250329,Books,11.51
2025-03-29,Electronics_20250329,Electronics,335.57
2025-03-29,Fashion_20250329,Fashion,186.71
2025-03-29,Grocery_20250329,Grocery,13.06
2025-03-29,Home_Kitchen_20250329,Home & Kitchen,30.76
2025-03-29,Sports_20250329,Sports,77.75
2025-03-29,Toys_20250329,Toys,0.0
2025-03-30,Beauty_20250330,Beauty,72.28
2025-03-30,Books_20250330,Books,34.04
2025-03-30,Electronics_20250330,Electronics,60.13
2025-03-30,Fashion_20250330,Fashion,68.41
2025-03-30,Grocery_20250330,Grocery,7.37
2025-03-30,Home_Kitchen_20250330,Home & Kitchen,26.29
2025-03-30,Sports_20250330,Sports,0.0
2025-03-30,Toys_20250330,Toys,34.91
2025-03-31,Beauty_20250331,Beauty,0.0
2025-03-31,Books_20250331,Books,21.75
2025-03-31,Electronics_20250331,Electronics,30.48
2025-03-31,Fashion_20250331,Fashion,0.0
2025-03-31,Grocery_20250331,Grocery,0.0
2025-03-31,Home_Kitchen_20250331,Home & Kitchen,59.04
2025-03-31,Sports_20250331,Sports,39.81
2025-03-31,Toys_20250331,Toys,44.78
2025-04-01,Beauty_20250401,Beauty,5.96
2025-04-01,Books_20250401,Books,15.78
2025-04-01,Electronics_20250401,Electronics,175.44
2025-04-01,Fashion_20250401,Fashion,34.81
2025-04-01,Grocery_20250401,Grocery,0.0
2025-04-01,Home_Kitchen_20250401,Home & Kitchen,93.01
2025-04-01,Sports_20250401,Sports,52.27
2025-04-01,Toys_20250401,Toys,59.07
2025-04-02,Beauty_20250402,Beauty,15.34
2025-04-02,Books_20250402,Books,72.61
2025-04-02,Electronics_20250402,Electronics,71.77
2025-04-02,Fashion_20250402,Fashion,161.73
2025-04-02,Grocery_20250402,Grocery,0.0
2025-04-02,Home_Kitchen_20250402,Home & Kitchen,87.84
2025-04-02,Sports_20250402,Sports,73.29
2025-04-02,Toys_20250402,Toys,31.37
2025-04-03,Beauty_20250403,Beauty,9.59
2025-04-03,Books_20250403,Books,47.2
2025-04-03,Electronics_20250403,Electronics,16.51
2025-04-03,Fashion_20250403,Fashion,62.01
2025-04-03,Grocery_20250403,Grocery,18.05
2025-04-03,Home_Kitchen_20250403,Home & Kitchen,0.0
2025-04-03,Sports_20250403,Sports,57.47
2025-04-03,Toys_20250403,Toys,142.17
2025-04-04,Beauty_20250404,Beauty,17.38
2025-04-04,Books_20250404,Books,23.61
2025-04-04,Electronics_20250404,Electronics,125.92
2025-04-04,Fashion_20250404,Fashion,9.37
2025-04-04,Grocery_20250404,Grocery,17.83
2025-04-04,Home_Kitchen_20250404,Home & Kitchen,0.0
2025-04-04,Sports_20250404,Sports,106.12
2025-04-04,Toys_20250404,Toys,174.05
2025-04-05,Beauty_20250405,Beauty,0.0
2025-04-05,Books_20250405,Books,13.23
2025-04-05,Electronics_20250405,Electronics,25.58
2025-04-05,Fashion_20250405,Fashion,0.0
2025-04-05,Grocery_20250405,Grocery,4.52
2025-04-05,Home_Kitchen_20250405,Home & Kitchen,130.25
2025-04-05,Sports_20250405,Sports,0.0
2025-04-05,Toys_20250405,Toys,0.0
2025-04-06,Beauty_20250406,Beauty,28.75
2025-04-06,Books_20250406,Books,33.45
2025-04-06,Electronics_20250406,Electronics,54.89
2025-04-06,Fashion_20250406,Fashion,113.56
2025-04-06,Grocery_20250406,Grocery,21.81
2025-04-06,Home_Kitchen_20250406,Home & Kitchen,0.0
2025-04-06,Sports_20250406,Sports,161.64
2025-04-06,Toys_20250406,Toys,0.0
2025-04-07,Beauty_20250407,Beauty,44.53
2025-04-07,Books_20250407,Books,30.57
2025-04-07,Electronics_20250407,Electronics,166.01
2025-04-07,Fashion_20250407,Fashion,37.79
2025-04-07,Grocery_20250407,Grocery,0.0
2025-04-07,Home_Kitchen_20250407,Home & Kitchen,45.26
2025-04-07,Sports_20250407,Sports,92.4
2025-04-07,Toys_20250407,Toys,143.22
2025-04-08,Beauty_20250408,Beauty,0.0
2025-04-08,Books_20250408,Books,0.0
2025-04-08,Electronics_20250408,Electronics,95.34
2025-04-08,Fashion_20250408,Fashion,13.76
2025-04-08,Grocery_20250408,Grocery,0.0
2025-04-08,Home_Kitchen_20250408,Home & Kitchen,108.87
2025-04-08,Sports_20250408,Sports,0.0
2025-04-08,Toys_20250408,Toys,21.21
2025-04-09,Beauty_20250409,Beauty,9.03
2025-04-09,Books_20250409,Books,27.35
2025-04-09,Electronics_20250409,Electronics,0.0
2025-04-09,Fashion_20250409,Fashion,176.51
2025-04-09,Grocery_20250409,Grocery,76.52
2025-04-09,Home_Kitchen_20250409,Home & Kitchen,162.88
2025-04-09,Sports_20250409,Sports,127.82
2025-04-09,Toys_20250409,Toys,85.16
2025-04-10,Beauty_20250410,Beauty,36.06
2025-04-10,Books_20250410,Books,41.36
2025-04-10,Electronics_20250410,Electronics,151.51
2025-04-10,Fashion_20250410,Fashion,0.0
2025-04-10,Grocery_20250410,Grocery,8.52
2025-04-10,Home_Kitchen_20250410,Home & Kitchen,29.15
2025-04-10,Sports_20250410,Sports,0.0
2025-04-10,Toys_20250410,Toys,79.39
2025-04-11,Beauty_20250411,Beauty,0.0
2025-04-11,Books_20250411,Books,4.64
2025-04-11,Electronics_20250411,Electronics,0.0
2025-04-11,Fashion_20250411,Fashion,114.62
2025-04-11,Grocery_20250411,Grocery,6.72
2025-04-11,Home_Kitchen_20250411,Home & Kitchen,122.3
2025-04-11,Sports_20250411,Sports,57.86
2025-04-11,Toys_20250411,Toys,186.98
2025-04-12,Beauty_20250412,Beauty,0.0
2025-04-12,Books_20250412,Books,12.01
2025-04-12,Electronics_20250412,Electronics,317.1
2025-04-12,Fashion_20250412,Fashion,31.59
2025-04-12,Grocery_20250412,Grocery,5.23
2025-04-12,Home_Kitchen_20250412,Home & Kitchen,25.37
2025-04-12,Sports_20250412,Sports,0.0
2025-04-12,Toys_20250412,Toys,57.21
2025-04-13,Beauty_20250413,Beauty,74.06
2025-04-13,Books_20250413,Books,51.83
2025-04-13,Electronics_20250413,Electronics,124.66
2025-04-13,Fashion_20250413,Fashion,42.68
2025-04-13,Grocery_20250413,Grocery,0.0
2025-04-13,Home_Kitchen_20250413,Home & Kitchen,0.0
2025-04-13,Sports_20250413,Sports,22.54
2025-04-13,Toys_20250413,Toys,149.78
2025-04-14,Beauty_20250414,Beauty,44.02
2025-04-14,Books_20250414,Books,32.86
2025-04-14,Electronics_20250414,Electronics,0.0
2025-04-14,Fashion_20250414,Fashion,156.79
2025-04-14,Grocery_20250414,Grocery,0.0
2025-04-14,Home_Kitchen_20250414,Home & Kitchen,122.88
2025-04-14,Sports_20250414,Sports,0.0
2025-04-14,Toys_20250414,Toys,0.0
2025-04-15,Beauty_20250415,Beauty,5.97
2025-04-15,Books_20250415,Books,12.4
2025-04-15,Electronics_20250415,Electronics,206.53
2025-04-15,Fashion_20250415,Fashion,81.13
2025-04-15,Grocery_20250415,Grocery,48.81
2025-04-15,Home_Kitchen_20250415,Home & Kitchen,84.85
2025-04-15,Sports_20250415,Sports,0.0
2025-04-15,Toys_20250415,Toys,0.0
2025-04-16,Beauty_20250416,Beauty,8.86
2025-04-16,Books_20250416,Books,0.0
2025-04-16,Electronics_20250416,Electronics,221.27
2025-04-16,Fashion_20250416,Fashion,8.49
2025-04-16,Grocery_20250416,Grocery,0.0
2025-04-16,Home_Kitchen_20250416,Home & Kitchen,37.18
2025-04-16,Sports_20250416,Sports,34.25
2025-04-16,Toys_20250416,Toys,7.99
2025-04-17,Beauty_20250417,Beauty,32.41
2025-04-17,Books_20250417,Books,0.0
2025-04-17,Electronics_20250417,Electronics,71.21
2025-04-17,Fashion_20250417,Fashion,69.65
2025-04-17,Grocery_20250417,Grocery,3.69
2025-04-17,Home_Kitchen_20250417,Home & Kitchen,24.41
2025-04-17,Sports_20250417,Sports,0.0
2025-04-17,Toys_20250417,Toys,11.24
2025-04-18,Beauty_20250418,Beauty,0.0
2025-04-18,Books_20250418,Books,17.92
2025-04-18,Electronics_20250418,Electronics,167.44
2025-04-18,Fashion_20250418,Fashion,17.81
2025-04-18,Grocery_20250418,Grocery,18.03
2025-04-18,Home_Kitchen_20250418,Home & Kitchen,49.6
2025-04-18,Sports_20250418,Sports,72.02
2025-04-18,Toys_20250418,Toys,26.99
2025-04-19,Beauty_20250419,Beauty,0.0
2025-04-19,Books_20250419,Books,0.0
2025-04-19,Electronics_20250419,Electronics,233.56
2025-04-19,Fashion_20250419,Fashion,0.0
2025-04-19,Grocery_20250419,Grocery,8.03
2025-04-19,Home_Kitchen_20250419,Home & Kitchen,176.83
2025-04-19,Sports_20250419,Sports,430.02
2025-04-19,Toys_20250419,Toys,24.56
2025-04-20,Beauty_20250420,Beauty,19.64
2025-04-20,Books_20250420,Books,20.45
2025-04-20,Electronics_20250420,Electronics,100.33
2025-04-20,Fashion_20250420,Fashion,11.3
2025-04-20,Grocery_20250420,Grocery,0.0
2025-04-20,Home_Kitchen_20250420,Home & Kitchen,134.92
2025-04-20,Sports_20250420,Sports,13.66
2025-04-20,Toys_20250420,Toys,37.27
2025-04-21,Beauty_20250421,Beauty,0.0
2025-04-21,Books_20250421,Books,0.0
2025-04-21,Electronics_20250421,Electronics,197.72
2025-04-21,Fashion_20250421,Fashion,203.31
2025-04-21,Grocery_20250421,Grocery,4.28
2025-04-21,Home_Kitchen_20250421,Home & Kitchen,0.0
2025-04-21,Sports_20250421,Sports,125.92
2025-04-21,Toys_20250421,Toys,57.84
2025-04-22,Beauty_20250422,Beauty,0.0
2025-04-22,Books_20250422,Books,13.15
2025-04-22,Electronics_20250422,Electronics,0.0
2025-04-22,Fashion_20250422,Fashion,25.79
2025-04-22,Grocery_20250422,Grocery,22.03
2025-04-22,Home_Kitchen_20250422,Home & Kitchen,7.92
2025-04-22,Sports_20250422,Sports,138.78
2025-04-22,Toys_20250422,Toys,36.64
2025-04-23,Beauty_20250423,Beauty,0.0
2025-04-23,Books_20250423,Books,51.05
2025-04-23,Electronics_20250423,Electronics,130.98
2025-04-23,Fashion_20250423,Fashion,0.0
2025-04-23,Grocery_20250423,Grocery,17.21
2025-04-23,Home_Kitchen_20250423,Home & Kitchen,13.75
2025-04-23,Sports_20250423,Sports,104.22
2025-04-23,Toys_20250423,Toys,159.04
2025-04-24,Beauty_20250424,Beauty,0.0
2025-04-24,Books_20250424,Books,5.04
2025-04-24,Electronics_20250424,Electronics,63.6
2025-04-24,Fashion_20250424,Fashion,0.0
2025-04-24,Grocery_20250424,Grocery,4.17
2025-04-24,Home_Kitchen_20250424,Home & Kitchen,99.86
2025-04-24,Sports_20250424,Sports,0.0
2025-04-24,Toys_20250424,Toys,130.48
2025-04-25,Beauty_20250425,Beauty,0.0
2025-04-25,Books_20250425,Books,22.31
2025-04-25,Electronics_20250425,Electronics,0.0
2025-04-25,Fashion_20250425,Fashion,0.0
2025-04-25,Grocery_20250425,Grocery,11.2
2025-04-25,Home_Kitchen_20250425,Home & Kitchen,103.52
2025-04-25,Sports_20250425,Sports,39.67
2025-04-25,Toys_20250425,Toys,132.98
2025-04-26,Beauty_20250426,Beauty,5.79
2025-04-26,Books_20250426,Books,0.0
2025-04-26,Electronics_20250426,Electronics,0.0
2025-04-26,Fashion_20250426,Fashion,4.15
2025-04-26,Grocery_20250426,Grocery,0.0
2025-04-26,Home_Kitchen_20250426,Home & Kitchen,0.0
2025-04-26,Sports_20250426,Sports,101.26
2025-04-26,Toys_20250426,Toys,182.61
2025-04-27,Beauty_20250427,Beauty,5.42
2025-04-27,Books_20250427,Books,30.06
2025-04-27,Electronics_20250427,Electronics,57.33
2025-04-27,Fashion_20250427,Fashion,146.49
2025-04-27,Grocery_20250427,Grocery,10.57
2025-04-27,Home_Kitchen_20250427,Home & Kitchen,0.0
2025-04-27,Sports_20250427,Sports,0.0
2025-04-27,Toys_20250427,Toys,25.73
2025-04-28,Beauty_20250428,Beauty,17.78
2025-04-28,Books_20250428,Books,18.54
2025-04-28,Electronics_20250428,Electronics,24.38
2025-04-28,Fashion_20250428,Fashion,0.0
2025-04-28,Grocery_20250428,Grocery,3.42
2025-04-28,Home_Kitchen_20250428,Home & Kitchen,0.0
2025-04-28,Sports_20250428,Sports,0.0
2025-04-28,Toys_20250428,Toys,114.23
2025-04-29,Beauty_20250429,Beauty,27.11
2025-04-29,Books_20250429,Books,59.41
2025-04-29,Electronics_20250429,Electronics,104.94
2025-04-29,Fashion_20250429,Fashion,151.04
2025-04-29,Grocery_20250429,Grocery,26.77
2025-04-29,Home_Kitchen_20250429,Home & Kitchen,70.33
2025-04-29,Sports_20250429,Sports,29.21
2025-04-29,Toys_20250429,Toys,2.89
2025-04-30,Beauty_20250430,Beauty,79.38
2025-04-30,Books_20250430,Books,25.9
2025-04-30,Electronics_20250430,Electronics,0.0
2025-04-30,Fashion_20250430,Fashion,20.57
2025-04-30,Grocery_20250430,Grocery,0.0
2025-04-30,Home_Kitchen_20250430,Home & Kitchen,195.66
2025-04-30,Sports_20250430,Sports,35.52
2025-04-30,Toys_20250430,Toys,0.0
2025-05-01,Beauty_20250501,Beauty,36.51
2025-05-01,Books_20250501,Books,45.45
2025-05-01,Electronics_20250501,Electronics,0.0
2025-05-01,Fashion_20250501,Fashion,58.55
2025-05-01,Grocery_20250501,Grocery,0.0
2025-05-01,Home_Kitchen_20250501,Home & Kitchen,78.01
2025-05-01,Sports_20250501,Sports,84.05
2025-05-01,Toys_20250501,Toys,110.9
2025-05-02,Beauty_20250502,Beauty,0.0
2025-05-02,Books_20250502,Books,77.57
2025-05-02,Electronics_20250502,Electronics,91.48
2025-05-02,Fashion_20250502,Fashion,81.52
2025-05-02,Grocery_20250502,Grocery,14.31
2025-05-02,Home_Kitchen_20250502,Home & Kitchen,87.49
2025-05-02,Sports_20250502,Sports,45.0
2025-05-02,Toys_20250502,Toys,87.25
2025-05-03,Beauty_20250503,Beauty,64.69
2025-05-03,Books_20250503,Books,23.87
2025-05-03,Electronics_20250503,Electronics,137.0
2025-05-03,Fashion_20250503,Fashion,23.43
2025-05-03,Grocery_20250503,Grocery,25.18
2025-05-03,Home_Kitchen_20250503,Home & Kitchen,0.0
2025-05-03,Sports_20250503,Sports,0.0
2025-05-03,Toys_20250503,Toys,36.36
2025-05-04,Beauty_20250504,Beauty,14.86
2025-05-04,Books_20250504,Books,36.22
2025-05-04,Electronics_20250504,Electronics,64.54
2025-05-04,Fashion_20250504,Fashion,0.0
2025-05-04,Grocery_20250504,Grocery,0.0
2025-05-04,Home_Kitchen_20250504,Home & Kitchen,23.79
2025-05-04,Sports_20250504,Sports,74.93
2025-05-04,Toys_20250504,Toys,46.42
2025-05-05,Beauty_20250505,Beauty,36.06
2025-05-05,Books_20250505,Books,7.66
2025-05-05,Electronics_20250505,Electronics,0.0
2025-05-05,Fashion_20250505,Fashion,49.89
2025-05-05,Grocery_20250505,Grocery,7.02
2025-05-05,Home_Kitchen_20250505,Home & Kitchen,32.12
2025-05-05,Sports_20250505,Sports,73.28
2025-05-05,Toys_20250505,Toys,46.79
2025-05-06,Beauty_20250506,Beauty,58.22
2025-05-06,Books_20250506,Books,8.9
2025-05-06,Electronics_20250506,Electronics,6.58
2025-05-06,Fashion_20250506,Fashion,54.43
2025-05-06,Grocery_20250506,Grocery,26.04
2025-05-06,Home_Kitchen_20250506,Home & Kitchen,0.0
2025-05-06,Sports_20250506,Sports,45.21
2025-05-06,Toys_20250506,Toys,0.0
2025-05-07,Beauty_20250507,Beauty,0.0
2025-05-07,Books_20250507,Books,12.4
2025-05-07,Electronics_20250507,Electronics,35.55
2025-05-07,Fashion_20250507,Fashion,0.0
2025-05-07,Grocery_20250507,Grocery,14.42
2025-05-07,Home_Kitchen_20250507,Home & Kitchen,49.27
2025-05-07,Sports_20250507,Sports,0.0
2025-05-07,Toys_20250507,Toys,0.0
2025-05-08,Beauty_20250508,Beauty,12.79
2025-05-08,Books_20250508,Books,6.09
2025-05-08,Electronics_20250508,Electronics,0.0
2025-05-08,Fashion_20250508,Fashion,0.0
2025-05-08,Grocery_20250508,Grocery,3.5
2025-05-08,Home_Kitchen_20250508,Home & Kitchen,0.0
2025-05-08,Sports_20250508,Sports,137.4
2025-05-08,Toys_20250508,Toys,44.66
2025-05-09,Beauty_20250509,Beauty,10.82
2025-05-09,Books_20250509,Books,34.18
2025-05-09,Electronics_20250509,Electronics,206.68
2025-05-09,Fashion_20250509,Fashion,5.99
2025-05-09,Grocery_20250509,Grocery,0.0
2025-05-09,Home_Kitchen_20250509,Home & Kitchen,0.0
2025-05-09,Sports_20250509,Sports,0.0
2025-05-09,Toys_20250509,Toys,46.64
2025-05-10,Beauty_20250510,Beauty,5.12
2025-05-10,Books_20250510,Books,19.0
2025-05-10,Electronics_20250510,Electronics,234.47
2025-05-10,Fashion_20250510,Fashion,0.0
2025-05-10,Grocery_20250510,Grocery,11.64
2025-05-10,Home_Kitchen_20250510,Home & Kitchen,0.0
2025-05-10,Sports_20250510,Sports,110.86
2025-05-10,Toys_20250510,Toys,0.0
2025-05-11,Beauty_20250511,Beauty,34.0
2025-05-11,Books_20250511,Books,5.73
2025-05-11,Electronics_20250511,Electronics,0.0
2025-05-11,Fashion_20250511,Fashion,0.0
2025-05-11,Grocery_20250511,Grocery,0.0
2025-05-11,Home_Kitchen_20250511,Home & Kitchen,0.0
2025-05-11,Sports_20250511,Sports,0.0
2025-05-11,Toys_20250511,Toys,16.18
2025-05-12,Beauty_20250512,Beauty,6.08
2025-05-12,Books_20250512,Books,2.35
2025-05-12,Electronics_20250512,Electronics,299.64
2025-05-12,Fashion_20250512,Fashion,197.38
2025-05-12,Grocery_20250512,Grocery,46.55
2025-05-12,Home_Kitchen_20250512,Home & Kitchen,31.17
2025-05-12,Sports_20250512,Sports,36.7
2025-05-12,Toys_20250512,Toys,43.35
2025-05-13,Beauty_20250513,Beauty,157.88
2025-05-13,Books_20250513,Books,33.67
2025-05-13,Electronics_20250513,Electronics,282.73
2025-05-13,Fashion_20250513,Fashion,162.08
2025-05-13,Grocery_20250513,Grocery,4.38
2025-05-13,Home_Kitchen_20250513,Home & Kitchen,0.0
2025-05-13,Sports_20250513,Sports,69.1
2025-05-13,Toys_20250513,Toys,6.5
2025-05-14,Beauty_20250514,Beauty,27.57
2025-05-14,Books_20250514,Books,35.13
2025-05-14,Electronics_20250514,Electronics,0.0
2025-05-14,Fashion_20250514,Fashion,154.39
2025-05-14,Grocery_20250514,Grocery,8.31
2025-05-14,Home_Kitchen_20250514,Home & Kitchen,0.0
2025-05-14,Sports_20250514,Sports,14.9
2025-05-14,Toys_20250514,Toys,0.0
2025-05-15,Beauty_20250515,Beauty,16.51
2025-05-15,Books_20250515,Books,0.0
2025-05-15,Electronics_20250515,Electronics,117.47
2025-05-15,Fashion_20250515,Fashion,21.8
2025-05-15,Grocery_20250515,Grocery,0.0
2025-05-15,Home_Kitchen_20250515,Home & Kitchen,27.87
2025-05-15,Sports_20250515,Sports,102.75
2025-05-15,Toys_20250515,Toys,80.73
2025-05-16,Beauty_20250516,Beauty,0.0
2025-05-16,Books_20250516,Books,31.11
2025-05-16,Electronics_20250516,Electronics,313.95
2025-05-16,Fashion_20250516,Fashion,67.39
2025-05-16,Grocery_20250516,Grocery,0.0
2025-05-16,Home_Kitchen_20250516,Home & Kitchen,0.0
2025-05-16,Sports_20250516,Sports,0.0
2025-05-16,Toys_20250516,Toys,0.0
2025-05-17,Beauty_20250517,Beauty,31.92
2025-05-17,Books_20250517,Books,1.76
2025-05-17,Electronics_20250517,Electronics,329.4
2025-05-17,Fashion_20250517,Fashion,59.09
2025-05-17,Grocery_20250517,Grocery,24.18
2025-05-17,Home_Kitchen_20250517,Home & Kitchen,54.6
2025-05-17,Sports_20250517,Sports,79.03
2025-05-17,Toys_20250517,Toys,181.43
2025-05-18,Beauty_20250518,Beauty,17.72
2025-05-18,Books_20250518,Books,78.73
2025-05-18,Electronics_20250518,Electronics,50.74
2025-05-18,Fashion_20250518,Fashion,35.92
2025-05-18,Grocery_20250518,Grocery,4.83
2025-05-18,Home_Kitchen_20250518,Home & Kitchen,21.38
2025-05-18,Sports_20250518,Sports,80.69
2025-05-18,Toys_20250518,Toys,32.92
2025-05-19,Beauty_20250519,Beauty,78.34
2025-05-19,Books_20250519,Books,44.55
2025-05-19,Electronics_20250519,Electronics,484.21
2025-05-19,Fashion_20250519,Fashion,139.46
2025-05-19,Grocery_20250519,Grocery,3.61
2025-05-19,Home_Kitchen_20250519,Home & Kitchen,0.0
2025-05-19,Sports_20250519,Sports,51.99
2025-05-19,Toys_20250519,Toys,14.64
2025-05-20,Beauty_20250520,Beauty,2.85
2025-05-20,Books_20250520,Books,40.12
2025-05-20,Electronics_20250520,Electronics,148.45
2025-05-20,Fashion_20250520,Fashion,0.0
2025-05-20,Grocery_20250520,Grocery,7.23
2025-05-20,Home_Kitchen_20250520,Home & Kitchen,129.2
2025-05-20,Sports_20250520,Sports,79.53
2025-05-20,Toys_20250520,Toys,0.0
2025-05-21,Beauty_20250521,Beauty,37.69
2025-05-21,Books_20250521,Books,45.77
2025-05-21,Electronics_20250521,Electronics,0.0
2025-05-21,Fashion_20250521,Fashion,0.0
2025-05-21,Grocery_20250521,Grocery,0.0
2025-05-21,Home_Kitchen_20250521,Home & Kitchen,0.0
2025-05-21,Sports_20250521,Sports,0.0
2025-05-21,Toys_20250521,Toys,24.2
2025-05-22,Beauty_20250522,Beauty,20.24
2025-05-22,Books_20250522,Books,8.72
2025-05-22,Electronics_20250522,Electronics,0.0
2025-05-22,Fashion_20250522,Fashion,42.31
2025-05-22,Grocery_20250522,Grocery,21.62
2025-05-22,Home_Kitchen_20250522,Home & Kitchen,0.0
2025-05-22,Sports_20250522,Sports,68.29
2025-05-22,Toys_20250522,Toys,126.36
2025-05-23,Beauty_20250523,Beauty,31.07
2025-05-23,Books_20250523,Books,6.18
2025-05-23,Electronics_20250523,Electronics,59.94
2025-05-23,Fashion_20250523,Fashion,390.28
2025-05-23,Grocery_20250523,Grocery,0.0
2025-05-23,Home_Kitchen_20250523,Home & Kitchen,0.0
2025-05-23,Sports_20250523,Sports,20.89
2025-05-23,Toys_20250523,Toys,26.42
2025-05-24,Beauty_20250524,Beauty,85.39
2025-05-24,Books_20250524,Books,27.43
2025-05-24,Electronics_20250524,Electronics,0.0
2025-05-24,Fashion_20250524,Fashion,34.13
2025-05-24,Grocery_20250524,Grocery,17.18
2025-05-24,Home_Kitchen_20250524,Home & Kitchen,34.92
2025-05-24,Sports_20250524,Sports,110.27
2025-05-24,Toys_20250524,Toys,141.59
2025-05-25,Beauty_20250525,Beauty,18.64
2025-05-25,Books_20250525,Books,26.65
2025-05-25,Electronics_20250525,Electronics,93.97
2025-05-25,Fashion_20250525,Fashion,0.0
2025-05-25,Grocery_20250525,Grocery,11.34
2025-05-25,Home_Kitchen_20250525,Home & Kitchen,51.04
2025-05-25,Sports_20250525,Sports,64.67
2025-05-25,Toys_20250525,Toys,53.1
2025-05-26,Beauty_20250526,Beauty,32.48
2025-05-26,Books_20250526,Books,0.0
2025-05-26,Electronics_20250526,Electronics,14.51
2025-05-26,Fashion_20250526,Fashion,0.0
2025-05-26,Grocery_20250526,Grocery,41.92
2025-05-26,Home_Kitchen_20250526,Home & Kitchen,11.32
2025-05-26,Sports_20250526,Sports,134.68
2025-05-26,Toys_20250526,Toys,93.05
2025-05-27,Beauty_20250527,Beauty,13.16
2025-05-27,Books_20250527,Books,0.0
2025-05-27,Electronics_20250527,Electronics,20.76
2025-05-27,Fashion_20250527,Fashion,0.0
2025-05-27,Grocery_20250527,Grocery,0.0
2025-05-27,Home_Kitchen_20250527,Home & Kitchen,0.0
2025-05-27,Sports_20250527,Sports,64.41
2025-05-27,Toys_20250527,Toys,55.64
2025-05-28,Beauty_20250528,Beauty,49.32
2025-05-28,Books_20250528,Books,12.74
2025-05-28,Electronics_20250528,Electronics,24.62
2025-05-28,Fashion_20250528,Fashion,143.42
2025-05-28,Grocery_20250528,Grocery,40.02
2025-05-28,Home_Kitchen_20250528,Home & Kitchen,0.0
2025-05-28,Sports_20250528,Sports,43.86
2025-05-28,Toys_20250528,Toys,0.0
2025-05-29,Beauty_20250529,Beauty,20.57
2025-05-29,Books_20250529,Books,93.64
2025-05-29,Electronics_20250529,Electronics,70.73
2025-05-29,Fashion_20250529,Fashion,17.58
2025-05-29,Grocery_20250529,Grocery,16.86
2025-05-29,Home_Kitchen_20250529,Home & Kitchen,244.8
2025-05-29,Sports_20250529,Sports,41.66
2025-05-29,Toys_20250529,Toys,49.69
2025-05-30,Beauty_20250530,Beauty,0.0
2025-05-30,Books_20250530,Books,0.0
2025-05-30,Electronics_20250530,Electronics,139.75
2025-05-30,Fashion_20250530,Fashion,189.83
2025-05-30,Grocery_20250530,Grocery,0.0
2025-05-30,Home_Kitchen_20250530,Home & Kitchen,0.0
2025-05-30,Sports_20250530,Sports,37.35
2025-05-30,Toys_20250530,Toys,45.3
2025-05-31,Beauty_20250531,Beauty,14.16
2025-05-31,Books_20250531,Books,36.03
2025-05-31,Electronics_20250531,Electronics,247.73
2025-05-31,Fashion_20250531,Fashion,327.51
2025-05-31,Grocery_20250531,Grocery,18.71
2025-05-31,Home_Kitchen_20250531,Home & Kitchen,303.42
2025-05-31,Sports_20250531,Sports,52.14
2025-05-31,Toys_20250531,Toys,0.0
2025-06-01,Beauty_20250601,Beauty,36.72
2025-06-01,Books_20250601,Books,7.66
2025-06-01,Electronics_20250601,Electronics,75.18
2025-06-01,Fashion_20250601,Fashion,141.31
2025-06-01,Grocery_20250601,Grocery,24.65
2025-06-01,Home_Kitchen_20250601,Home & Kitchen,31.56
2025-06-01,Sports_20250601,Sports,0.0
2025-06-01,Toys_20250601,Toys,28.71
2025-06-02,Beauty_20250602,Beauty,56.79
2025-06-02,Books_20250602,Books,0.0
2025-06-02,Electronics_20250602,Electronics,38.43
2025-06-02,Fashion_20250602,Fashion,94.95
2025-06-02,Grocery_20250602,Grocery,0.0
2025-06-02,Home_Kitchen_20250602,Home & Kitchen,63.85
2025-06-02,Sports_20250602,Sports,0.0
2025-06-02,Toys_20250602,Toys,25.76
2025-06-03,Beauty_20250603,Beauty,35.14
2025-06-03,Books_20250603,Books,0.0
2025-06-03,Electronics_20250603,Electronics,326.27
2025-06-03,Fashion_20250603,Fashion,0.0
2025-06-03,Grocery_20250603,Grocery,0.0
2025-06-03,Home_Kitchen_20250603,Home & Kitchen,50.84
2025-06-03,Sports_20250603,Sports,0.0
2025-06-03,Toys_20250603,Toys,66.87
2025-06-04,Beauty_20250604,Beauty,49.91
2025-06-04,Books_20250604,Books,8.61
2025-06-04,Electronics_20250604,Electronics,0.0
2025-06-04,Fashion_20250604,Fashion,23.58
2025-06-04,Grocery_20250604,Grocery,20.46
2025-06-04,Home_Kitchen_20250604,Home & Kitchen,245.69
2025-06-04,Sports_20250604,Sports,0.0
2025-06-04,Toys_20250604,Toys,20.37
2025-06-05,Beauty_20250605,Beauty,3.07
2025-06-05,Books_20250605,Books,53.66
2025-06-05,Electronics_20250605,Electronics,105.88
2025-06-05,Fashion_20250605,Fashion,30.86
2025-06-05,Grocery_20250605,Grocery,41.49
2025-06-05,Home_Kitchen_20250605,Home & Kitchen,0.0
2025-06-05,Sports_20250605,Sports,0.0
2025-06-05,Toys_20250605,Toys,0.0
2025-06-06,Beauty_20250606,Beauty,16.03
2025-06-06,Books_20250606,Books,12.76
2025-06-06,Electronics_20250606,Electronics,168.44
2025-06-06,Fashion_20250606,Fashion,155.49
2025-06-06,Grocery_20250606,Grocery,82.5
2025-06-06,Home_Kitchen_20250606,Home & Kitchen,21.6
2025-06-06,Sports_20250606,Sports,0.0
2025-06-06,Toys_20250606,Toys,148.45
2025-06-07,Beauty_20250607,Beauty,32.89
2025-06-07,Books_20250607,Books,0.0
2025-06-07,Electronics_20250607,Electronics,9.62
2025-06-07,Fashion_20250607,Fashion,132.74
2025-06-07,Grocery_20250607,Grocery,17.57
2025-06-07,Home_Kitchen_20250607,Home & Kitchen,51.79
2025-06-07,Sports_20250607,Sports,27.94
2025-06-07,Toys_20250607,Toys,101.01
2025-06-08,Beauty_20250608,Beauty,47.97
2025-06-08,Books_20250608,Books,0.0
2025-06-08,Electronics_20250608,Electronics,0.0
2025-06-08,Fashion_20250608,Fashion,73.36
2025-06-08,Grocery_20250608,Grocery,15.55
2025-06-08,Home_Kitchen_20250608,Home & Kitchen,241.56
2025-06-08,Sports_20250608,Sports,204.09
2025-06-08,Toys_20250608,Toys,8.62
2025-06-09,Beauty_20250609,Beauty,33.27
2025-06-09,Books_20250609,Books,0.0
2025-06-09,Electronics_20250609,Electronics,0.0
2025-06-09,Fashion_20250609,Fashion,164.13
2025-06-09,Grocery_20250609,Grocery,16.94
2025-06-09,Home_Kitchen_20250609,Home & Kitchen,18.33
2025-06-09,Sports_20250609,Sports,95.5
2025-06-09,Toys_20250609,Toys,8.24
2025-06-10,Beauty_20250610,Beauty,26.93
2025-06-10,Books_20250610,Books,13.25
2025-06-10,Electronics_20250610,Electronics,92.91
2025-06-10,Fashion_20250610,Fashion,150.44
2025-06-10,Grocery_20250610,Grocery,50.18
2025-06-10,Home_Kitchen_20250610,Home & Kitchen,25.22
2025-06-10,Sports_20250610,Sports,0.0
2025-06-10,Toys_20250610,Toys,88.96
2025-06-11,Beauty_20250611,Beauty,0.0
2025-06-11,Books_20250611,Books,0.0
2025-06-11,Electronics_20250611,Electronics,285.85
2025-06-11,Fashion_20250611,Fashion,60.64
2025-06-11,Grocery_20250611,Grocery,41.28
2025-06-11,Home_Kitchen_20250611,Home & Kitchen,191.47
2025-06-11,Sports_20250611,Sports,38.66
2025-06-11,Toys_20250611,Toys,54.73
2025-06-12,Beauty_20250612,Beauty,0.0
2025-06-12,Books_20250612,Books,0.0
2025-06-12,Electronics_20250612,Electronics,14.48
2025-06-12,Fashion_20250612,Fashion,199.85
2025-06-12,Grocery_20250612,Grocery,30.75
2025-06-12,Home_Kitchen_20250612,Home & Kitchen,177.04
2025-06-12,Sports_20250612,Sports,73.04
2025-06-12,Toys_20250612,Toys,0.0
2025-06-13,Beauty_20250613,Beauty,44.24
2025-06-13,Books_20250613,Books,36.32
2025-06-13,Electronics_20250613,Electronics,0.0
2025-06-13,Fashion_20250613,Fashion,135.35
2025-06-13,Grocery_20250613,Grocery,0.0
2025-06-13,Home_Kitchen_20250613,Home & Kitchen,0.0
2025-06-13,Sports_20250613,Sports,0.0
2025-06-13,Toys_20250613,Toys,35.38
2025-06-14,Beauty_20250614,Beauty,24.14
2025-06-14,Books_20250614,Books,53.74
2025-06-14,Electronics_20250614,Electronics,218.39
2025-06-14,Fashion_20250614,Fashion,39.88
2025-06-14,Grocery_20250614,Grocery,56.73
2025-06-14,Home_Kitchen_20250614,Home & Kitchen,0.0
2025-06-14,Sports_20250614,Sports,4.76
2025-06-14,Toys_20250614,Toys,16.64
2025-06-15,Beauty_20250615,Beauty,0.0
2025-06-15,Books_20250615,Books,11.84
2025-06-15,Electronics_20250615,Electronics,100.78
2025-06-15,Fashion_20250615,Fashion,69.99
2025-06-15,Grocery_20250615,Grocery,11.91
2025-06-15,Home_Kitchen_20250615,Home & Kitchen,66.68
2025-06-15,Sports_20250615,Sports,0.0
2025-06-15,Toys_20250615,Toys,0.0
2025-06-16,Beauty_20250616,Beauty,80.46
2025-06-16,Books_20250616,Books,0.0
2025-06-16,Electronics_20250616,Electronics,0.0
2025-06-16,Fashion_20250616,Fashion,128.71
2025-06-16,Grocery_20250616,Grocery,10.09
2025-06-16,Home_Kitchen_20250616,Home & Kitchen,0.0
2025-06-16,Sports_20250616,Sports,0.0
2025-06-16,Toys_20250616,Toys,0.0
2025-06-17,Beauty_20250617,Beauty,33.6
2025-06-17,Books_20250617,Books,2.3
2025-06-17,Electronics_20250617,Electronics,541.33
2025-06-17,Fashion_20250617,Fashion,57.24
2025-06-17,Grocery_20250617,Grocery,0.0
2025-06-17,Home_Kitchen_20250617,Home & Kitchen,77.91
2025-06-17,Sports_20250617,Sports,10.33
2025-06-17,Toys_20250617,Toys,248.06
2025-06-18,Beauty_20250618,Beauty,63.44
2025-06-18,Books_20250618,Books,0.0
2025-06-18,Electronics_20250618,Electronics,158.37
2025-06-18,Fashion_20250618,Fashion,99.77
2025-06-18,Grocery_20250618,Grocery,30.59
2025-06-18,Home_Kitchen_20250618,Home & Kitchen,86.12
2025-06-18,Sports_20250618,Sports,0.0
2025-06-18,Toys_20250618,Toys,47.52
2025-06-19,Beauty_20250619,Beauty,15.11
2025-06-19,Books_20250619,Books,110.78
2025-06-19,Electronics_20250619,Electronics,7.51
2025-06-19,Fashion_20250619,Fashion,7.43
2025-06-19,Grocery_20250619,Grocery,0.0
2025-06-19,Home_Kitchen_20250619,Home & Kitchen,36.42
2025-06-19,Sports_20250619,Sports,107.57
2025-06-19,Toys_20250619,Toys,87.01
2025-06-20,Beauty_20250620,Beauty,20.16
2025-06-20,Books_20250620,Books,0.0
2025-06-20,Electronics_20250620,Electronics,156.16
2025-06-20,Fashion_20250620,Fashion,84.67
2025-06-20,Grocery_20250620,Grocery,5.75
2025-06-20,Home_Kitchen_20250620,Home & Kitchen,127.62
2025-06-20,Sports_20250620,Sports,180.97
2025-06-20,Toys_20250620,Toys,12.58
2025-06-21,Beauty_20250621,Beauty,33.59
2025-06-21,Books_20250621,Books,53.89
2025-06-21,Electronics_20250621,Electronics,293.01
2025-06-21,Fashion_20250621,Fashion,0.0
2025-06-21,Grocery_20250621,Grocery,9.6
2025-06-21,Home_Kitchen_20250621,Home & Kitchen,75.49
2025-06-21,Sports_20250621,Sports,0.0
2025-06-21,Toys_20250621,Toys,0.0
2025-06-22,Beauty_20250622,Beauty,47.19
2025-06-22,Books_20250622,Books,20.74
2025-06-22,Electronics_20250622,Electronics,58.04
2025-06-22,Fashion_20250622,Fashion,0.0
2025-06-22,Grocery_20250622,Grocery,38.79
2025-06-22,Home_Kitchen_20250622,Home & Kitchen,0.0
2025-06-22,Sports_20250622,Sports,56.61
2025-06-22,Toys_20250622,Toys,128.76
2025-06-23,Beauty_20250623,Beauty,86.02
2025-06-23,Books_20250623,Books,0.0
2025-06-23,Electronics_20250623,Electronics,0.0
2025-06-23,Fashion_20250623,Fashion,0.0
2025-06-23,Grocery_20250623,Grocery,5.03
2025-06-23,Home_Kitchen_20250623,Home & Kitchen,52.3
2025-06-23,Sports_20250623,Sports,105.84
2025-06-23,Toys_20250623,Toys,94.92
2025-06-24,Beauty_20250624,Beauty,3.76
2025-06-24,Books_20250624,Books,0.0
2025-06-24,Electronics_20250624,Electronics,70.32
2025-06-24,Fashion_20250624,Fashion,0.0
2025-06-24,Grocery_20250624,Grocery,34.86
2025-06-24,Home_Kitchen_20250624,Home & Kitchen,51.82
2025-06-24,Sports_20250624,Sports,37.61
2025-06-24,Toys_20250624,Toys,38.93
2025-06-25,Beauty_20250625,Beauty,12.77
2025-06-25,Books_20250625,Books,70.71
2025-06-25,Electronics_20250625,Electronics,47.57
2025-06-25,Fashion_20250625,Fashion,261.78
2025-06-25,Grocery_20250625,Grocery,45.97
2025-06-25,Home_Kitchen_20250625,Home & Kitchen,172.59
2025-06-25,Sports_20250625,Sports,0.0
2025-06-25,Toys_20250625,Toys,37.14
2025-06-26,Beauty_20250626,Beauty,47.32
2025-06-26,Books_20250626,Books,16.88
2025-06-26,Electronics_20250626,Electronics,65.0
2025-06-26,Fashion_20250626,Fashion,133.68
2025-06-26,Grocery_20250626,Grocery,14.97
2025-06-26,Home_Kitchen_20250626,Home & Kitchen,115.34
2025-06-26,Sports_20250626,Sports,0.0
2025-06-26,Toys_20250626,Toys,106.85
2025-06-27,Beauty_20250627,Beauty,21.17
2025-06-27,Books_20250627,Books,11.79
2025-06-27,Electronics_20250627,Electronics,97.88
2025-06-27,Fashion_20250627,Fashion,0.0
2025-06-27,Grocery_20250627,Grocery,12.78
2025-06-27,Home_Kitchen_20250627,Home & Kitchen,112.95
2025-06-27,Sports_20250627,Sports,213.69
2025-06-27,Toys_20250627,Toys,67.32
2025-06-28,Beauty_20250628,Beauty,15.42
2025-06-28,Books_20250628,Books,5.87
2025-06-28,Electronics_20250628,Electronics,0.0
2025-06-28,Fashion_20250628,Fashion,17.21
2025-06-28,Grocery_20250628,Grocery,0.0
2025-06-28,Home_Kitchen_20250628,Home & Kitchen,159.28
2025-06-28,Sports_20250628,Sports,88.55
2025-06-28,Toys_20250628,Toys,0.0
2025-06-29,Beauty_20250629,Beauty,17.47
2025-06-29,Books_20250629,Books,0.0
2025-06-29,Electronics_20250629,Electronics,45.15
2025-06-29,Fashion_20250629,Fashion,58.45
2025-06-29,Grocery_20250629,Grocery,52.59
2025-06-29,Home_Kitchen_20250629,Home & Kitchen,166.95
2025-06-29,Sports_20250629,Sports,123.88
2025-06-29,Toys_20250629,Toys,0.0
2025-06-30,Beauty_20250630,Beauty,0.0
2025-06-30,Books_20250630,Books,0.0
2025-06-30,Electronics_20250630,Electronics,0.0
2025-06-30,Fashion_20250630,Fashion,105.25
2025-06-30,Grocery_20250630,Grocery,21.11
2025-06-30,Home_Kitchen_20250630,Home & Kitchen,77.96
2025-06-30,Sports_20250630,Sports,0.0
2025-06-30,Toys_20250630,Toys,97.06
2025-07-01,Beauty_20250701,Beauty,49.39
2025-07-01,Books_20250701,Books,9.28
2025-07-01,Electronics_20250701,Electronics,0.0
2025-07-01,Fashion_20250701,Fashion,77.15
2025-07-01,Grocery_20250701,Grocery,0.0
2025-07-01,Home_Kitchen_20250701,Home & Kitchen,151.56
2025-07-01,Sports_20250701,Sports,32.21
2025-07-01,Toys_20250701,Toys,130.91
2025-07-02,Beauty_20250702,Beauty,86.7
2025-07-02,Books_20250702,Books,5.76
2025-07-02,Electronics_20250702,Electronics,8.89
2025-07-02,Fashion_20250702,Fashion,89.41
2025-07-02,Grocery_20250702,Grocery,24.35
2025-07-02,Home_Kitchen_20250702,Home & Kitchen,36.56
2025-07-02,Sports_20250702,Sports,184.25
2025-07-02,Toys_20250702,Toys,89.77
2025-07-03,Beauty_20250703,Beauty,18.89
2025-07-03,Books_20250703,Books,73.2
2025-07-03,Electronics_20250703,Electronics,54.85
2025-07-03,Fashion_20250703,Fashion,250.79
2025-07-03,Grocery_20250703,Grocery,4.37
2025-07-03,Home_Kitchen_20250703,Home & Kitchen,0.0
2025-07-03,Sports_20250703,Sports,15.42
2025-07-03,Toys_20250703,Toys,59.17
2025-07-04,Beauty_20250704,Beauty,0.0
2025-07-04,Books_20250704,Books,6.23
2025-07-04,Electronics_20250704,Electronics,377.3
2025-07-04,Fashion_20250704,Fashion,24.01
2025-07-04,Grocery_20250704,Grocery,18.9
2025-07-04,Home_Kitchen_20250704,Home & Kitchen,71.15
2025-07-04,Sports_20250704,Sports,54.22
2025-07-04,Toys_20250704,Toys,286.28
2025-07-05,Beauty_20250705,Beauty,0.0
2025-07-05,Books_20250705,Books,51.89
2025-07-05,Electronics_20250705,Electronics,0.0
2025-07-05,Fashion_20250705,Fashion,0.0
2025-07-05,Grocery_20250705,Grocery,10.27
2025-07-05,Home_Kitchen_20250705,Home & Kitchen,95.4
2025-07-05,Sports_20250705,Sports,96.88
2025-07-05,Toys_20250705,Toys,90.02
2025-07-06,Beauty_20250706,Beauty,74.32
2025-07-06,Books_20250706,Books,14.63
2025-07-06,Electronics_20250706,Electronics,0.0
2025-07-06,Fashion_20250706,Fashion,0.0
2025-07-06,Grocery_20250706,Grocery,8.73
2025-07-06,Home_Kitchen_20250706,Home & Kitchen,170.43
2025-07-06,Sports_20250706,Sports,0.0
2025-07-06,Toys_20250706,Toys,0.0
2025-07-07,Beauty_20250707,Beauty,17.42
2025-07-07,Books_20250707,Books,14.5
2025-07-07,Electronics_20250707,Electronics,68.42
2025-07-07,Fashion_20250707,Fashion,0.0
2025-07-07,Grocery_20250707,Grocery,16.23
2025-07-07,Home_Kitchen_20250707,Home & Kitchen,245.03
2025-07-07,Sports_20250707,Sports,30.62
2025-07-07,Toys_20250707,Toys,102.0
2025-07-08,Beauty_20250708,Beauty,29.81
2025-07-08,Books_20250708,Books,9.81
2025-07-08,Electronics_20250708,Electronics,0.0
2025-07-08,Fashion_20250708,Fashion,32.42
2025-07-08,Grocery_20250708,Grocery,36.77
2025-07-08,Home_Kitchen_20250708,Home & Kitchen,327.88
2025-07-08,Sports_20250708,Sports,0.0
2025-07-08,Toys_20250708,Toys,61.96
2025-07-09,Beauty_20250709,Beauty,0.0
2025-07-09,Books_20250709,Books,9.04
2025-07-09,Electronics_20250709,Electronics,148.78
2025-07-09,Fashion_20250709,Fashion,37.65
2025-07-09,Grocery_20250709,Grocery,25.67
2025-07-09,Home_Kitchen_20250709,Home & Kitchen,55.62
2025-07-09,Sports_20250709,Sports,44.54
2025-07-09,Toys_20250709,Toys,17.84
2025-07-10,Beauty_20250710,Beauty,87.61
2025-07-10,Books_20250710,Books,0.0
2025-07-10,Electronics_20250710,Electronics,0.0
2025-07-10,Fashion_20250710,Fashion,69.34
2025-07-10,Grocery_20250710,Grocery,43.66
2025-07-10,Home_Kitchen_20250710,Home & Kitchen,0.0
2025-07-10,Sports_20250710,Sports,0.0
2025-07-10,Toys_20250710,Toys,13.63
2025-07-11,Beauty_20250711,Beauty,27.05
2025-07-11,Books_20250711,Books,0.0
2025-07-11,Electronics_20250711,Electronics,211.75
2025-07-11,Fashion_20250711,Fashion,0.0
2025-07-11,Grocery_20250711,Grocery,34.31
2025-07-11,Home_Kitchen_20250711,Home & Kitchen,11.61
2025-07-11,Sports_20250711,Sports,204.41
2025-07-11,Toys_20250711,Toys,0.0
2025-07-12,Beauty_20250712,Beauty,131.4
2025-07-12,Books_20250712,Books,20.07
2025-07-12,Electronics_20250712,Electronics,83.02
2025-07-12,Fashion_20250712,Fashion,84.62
2025-07-12,Grocery_20250712,Grocery,0.0
2025-07-12,Home_Kitchen_20250712,Home & Kitchen,0.0
2025-07-12,Sports_20250712,Sports,0.0
2025-07-12,Toys_20250712,Toys,40.87
2025-07-13,Beauty_20250713,Beauty,0.0
2025-07-13,Books_20250713,Books,0.0
2025-07-13,Electronics_20250713,Electronics,0.0
2025-07-13,Fashion_20250713,Fashion,38.29
2025-07-13,Grocery_20250713,Grocery,42.49
2025-07-13,Home_Kitchen_20250713,Home & Kitchen,0.0
2025-07-13,Sports_20250713,Sports,34.14
2025-07-13,Toys_20250713,Toys,54.0
2025-07-14,Beauty_20250714,Beauty,130.3
2025-07-14,Books_20250714,Books,0.0
2025-07-14,Electronics_20250714,Electronics,168.75
2025-07-14,Fashion_20250714,Fashion,33.38
2025-07-14,Grocery_20250714,Grocery,0.0
2025-07-14,Home_Kitchen_20250714,Home & Kitchen,97.45
2025-07-14,Sports_20250714,Sports,11.11
2025-07-14,Toys_20250714,Toys,21.53
2025-07-15,Beauty_20250715,Beauty,16.17
2025-07-15,Books_20250715,Books,35.1
2025-07-15,Electronics_20250715,Electronics,172.27
2025-07-15,Fashion_20250715,Fashion,0.0
2025-07-15,Grocery_20250715,Grocery,0.0
2025-07-15,Home_Kitchen_20250715,Home & Kitchen,208.18
2025-07-15,Sports_20250715,Sports,0.0
2025-07-15,Toys_20250715,Toys,120.66
2025-07-16,Beauty_20250716,Beauty,118.92
2025-07-16,Books_20250716,Books,5.01
2025-07-16,Electronics_20250716,Electronics,0.0
2025-07-16,Fashion_20250716,Fashion,266.45
2025-07-16,Grocery_20250716,Grocery,16.99
2025-07-16,Home_Kitchen_20250716,Home & Kitchen,212.97
2025-07-16,Sports_20250716,Sports,55.43
2025-07-16,Toys_20250716,Toys,21.69
2025-07-17,Beauty_20250717,Beauty,41.36
2025-07-17,Books_20250717,Books,0.0
2025-07-17,Electronics_20250717,Electronics,253.65
2025-07-17,Fashion_20250717,Fashion,184.3
2025-07-17,Grocery_20250717,Grocery,66.13
2025-07-17,Home_Kitchen_20250717,Home & Kitchen,165.23
2025-07-17,Sports_20250717,Sports,142.47
2025-07-17,Toys_20250717,Toys,43.15
2025-07-18,Beauty_20250718,Beauty,26.62
2025-07-18,Books_20250718,Books,8.1
2025-07-18,Electronics_20250718,Electronics,79.33
2025-07-18,Fashion_20250718,Fashion,0.0
2025-07-18,Grocery_20250718,Grocery,5.12
2025-07-18,Home_Kitchen_20250718,Home & Kitchen,60.38
2025-07-18,Sports_20250718,Sports,0.0
2025-07-18,Toys_20250718,Toys,49.47
2025-07-19,Beauty_20250719,Beauty,0.0
2025-07-19,Books_20250719,Books,0.0
2025-07-19,Electronics_20250719,Electronics,13.45
2025-07-19,Fashion_20250719,Fashion,122.14
2025-07-19,Grocery_20250719,Grocery,10.04
2025-07-19,Home_Kitchen_20250719,Home & Kitchen,8.62
2025-07-19,Sports_20250719,Sports,0.0
2025-07-19,Toys_20250719,Toys,62.19
2025-07-20,Beauty_20250720,Beauty,11.98
2025-07-20,Books_20250720,Books,3.63
2025-07-20,Electronics_20250720,Electronics,117.7
2025-07-20,Fashion_20250720,Fashion,13.31
2025-07-20,Grocery_20250720,Grocery,8.69
2025-07-20,Home_Kitchen_20250720,Home & Kitchen,119.28
2025-07-20,Sports_20250720,Sports,0.0
2025-07-20,Toys_20250720,Toys,29.89
2025-07-21,Beauty_20250721,Beauty,60.53
2025-07-21,Books_20250721,Books,12.87
2025-07-21,Electronics_20250721,Electronics,79.44
2025-07-21,Fashion_20250721,Fashion,39.07
2025-07-21,Grocery_20250721,Grocery,3.72
2025-07-21,Home_Kitchen_20250721,Home & Kitchen,0.0
2025-07-21,Sports_20250721,Sports,63.16
2025-07-21,Toys_20250721,Toys,137.56
2025-07-22,Beauty_20250722,Beauty,73.86
2025-07-22,Books_20250722,Books,38.6
2025-07-22,Electronics_20250722,Electronics,282.45
2025-07-22,Fashion_20250722,Fashion,0.0
2025-07-22,Grocery_20250722,Grocery,0.0
2025-07-22,Home_Kitchen_20250722,Home & Kitchen,87.4
2025-07-22,Sports_20250722,Sports,60.73
2025-07-22,Toys_20250722,Toys,56.19
2025-07-23,Beauty_20250723,Beauty,14.0
2025-07-23,Books_20250723,Books,9.5
2025-07-23,Electronics_20250723,Electronics,94.25
2025-07-23,Fashion_20250723,Fashion,35.98
2025-07-23,Grocery_20250723,Grocery,0.0
2025-07-23,Home_Kitchen_20250723,Home & Kitchen,0.0
2025-07-23,Sports_20250723,Sports,0.0
2025-07-23,Toys_20250723,Toys,25.92
2025-07-24,Beauty_20250724,Beauty,0.0
2025-07-24,Books_20250724,Books,14.72
2025-07-24,Electronics_20250724,Electronics,97.66
2025-07-24,Fashion_20250724,Fashion,19.34
2025-07-24,Grocery_20250724,Grocery,0.0
2025-07-24,Home_Kitchen_20250724,Home & Kitchen,0.0
2025-07-24,Sports_20250724,Sports,339.59
2025-07-24,Toys_20250724,Toys,91.48
2025-07-25,Beauty_20250725,Beauty,0.0
2025-07-25,Books_20250725,Books,6.59
2025-07-25,Electronics_20250725,Electronics,33.78
2025-07-25,Fashion_20250725,Fashion,56.59
2025-07-25,Grocery_20250725,Grocery,28.48
2025-07-25,Home_Kitchen_20250725,Home & Kitchen,81.22
2025-07-25,Sports_20250725,Sports,37.99
2025-07-25,Toys_20250725,Toys,0.0
2025-07-26,Beauty_20250726,Beauty,58.38
2025-07-26,Books_20250726,Books,14.34
2025-07-26,Electronics_20250726,Electronics,207.14
2025-07-26,Fashion_20250726,Fashion,0.0
2025-07-26,Grocery_20250726,Grocery,18.43
2025-07-26,Home_Kitchen_20250726,Home & Kitchen,33.59
2025-07-26,Sports_20250726,Sports,26.22
2025-07-26,Toys_20250726,Toys,74.52
2025-07-27,Beauty_20250727,Beauty,60.83
2025-07-27,Books_20250727,Books,30.65
2025-07-27,Electronics_20250727,Electronics,69.69
2025-07-27,Fashion_20250727,Fashion,6.54
2025-07-27,Grocery_20250727,Grocery,20.11
2025-07-27,Home_Kitchen_20250727,Home & Kitchen,80.67
2025-07-27,Sports_20250727,Sports,24.74
2025-07-27,Toys_20250727,Toys,82.01
2025-07-28,Beauty_20250728,Beauty,0.0
2025-07-28,Books_20250728,Books,43.29
2025-07-28,Electronics_20250728,Electronics,0.0
2025-07-28,Fashion_20250728,Fashion,22.24
2025-07-28,Grocery_20250728,Grocery,9.69
2025-07-28,Home_Kitchen_20250728,Home & Kitchen,0.0
2025-07-28,Sports_20250728,Sports,0.0
2025-07-28,Toys_20250728,Toys,133.51
2025-07-29,Beauty_20250729,Beauty,4.01
2025-07-29,Books_20250729,Books,4.46
2025-07-29,Electronics_20250729,Electronics,0.0
2025-07-29,Fashion_20250729,Fashion,0.0
2025-07-29,Grocery_20250729,Grocery,20.36
2025-07-29,Home_Kitchen_20250729,Home & Kitchen,255.17
2025-07-29,Sports_20250729,Sports,0.0
2025-07-29,Toys_20250729,Toys,42.93
2025-07-30,Beauty_20250730,Beauty,31.8
2025-07-30,Books_20250730,Books,34.22
2025-07-30,Electronics_20250730,Electronics,35.12
2025-07-30,Fashion_20250730,Fashion,37.35
2025-07-30,Grocery_20250730,Grocery,31.92
2025-07-30,Home_Kitchen_20250730,Home & Kitchen,103.4
2025-07-30,Sports_20250730,Sports,75.13
2025-07-30,Toys_20250730,Toys,25.04
2025-07-31,Beauty_20250731,Beauty,54.5
2025-07-31,Books_20250731,Books,74.87
2025-07-31,Electronics_20250731,Electronics,100.05
2025-07-31,Fashion_20250731,Fashion,123.6
2025-07-31,Grocery_20250731,Grocery,42.68
2025-07-31,Home_Kitchen_20250731,Home & Kitchen,0.0
2025-07-31,Sports_20250731,Sports,0.0
2025-07-31,Toys_20250731,Toys,0.0
2025-08-01,Beauty_20250801,Beauty,14.31
2025-08-01,Books_20250801,Books,54.26
2025-08-01,Electronics_20250801,Electronics,223.51
2025-08-01,Fashion_20250801,Fashion,89.01
2025-08-01,Grocery_20250801,Grocery,27.36
2025-08-01,Home_Kitchen_20250801,Home & Kitchen,61.91
2025-08-01,Sports_20250801,Sports,106.07
2025-08-01,Toys_20250801,Toys,32.61
2025-08-02,Beauty_20250802,Beauty,0.0
2025-08-02,Books_20250802,Books,10.19
2025-08-02,Electronics_20250802,Electronics,126.05
2025-08-02,Fashion_20250802,Fashion,93.84
2025-08-02,Grocery_20250802,Grocery,13.98
2025-08-02,Home_Kitchen_20250802,Home & Kitchen,16.3
2025-08-02,Sports_20250802,Sports,120.72
2025-08-02,Toys_20250802,Toys,0.0
2025-08-03,Beauty_20250803,Beauty,1.91
2025-08-03,Books_20250803,Books,25.42
2025-08-03,Electronics_20250803,Electronics,41.01
2025-08-03,Fashion_20250803,Fashion,85.6
2025-08-03,Grocery_20250803,Grocery,0.0
2025-08-03,Home_Kitchen_20250803,Home & Kitchen,68.91
2025-08-03,Sports_20250803,Sports,0.0
2025-08-03,Toys_20250803,Toys,59.67
2025-08-04,Beauty_20250804,Beauty,37.26
2025-08-04,Books_20250804,Books,0.0
2025-08-04,Electronics_20250804,Electronics,75.0
2025-08-04,Fashion_20250804,Fashion,40.17
2025-08-04,Grocery_20250804,Grocery,58.92
2025-08-04,Home_Kitchen_20250804,Home & Kitchen,226.8
2025-08-04,Sports_20250804,Sports,65.82
2025-08-04,Toys_20250804,Toys,155.49
2025-08-05,Beauty_20250805,Beauty,0.0
2025-08-05,Books_20250805,Books,53.09
2025-08-05,Electronics_20250805,Electronics,205.88
2025-08-05,Fashion_20250805,Fashion,0.0
2025-08-05,Grocery_20250805,Grocery,0.0
2025-08-05,Home_Kitchen_20250805,Home & Kitchen,0.0
2025-08-05,Sports_20250805,Sports,43.96
2025-08-05,Toys_20250805,Toys,35.1
2025-08-06,Beauty_20250806,Beauty,12.33
2025-08-06,Books_20250806,Books,25.97
2025-08-06,Electronics_20250806,Electronics,60.62
2025-08-06,Fashion_20250806,Fashion,0.0
2025-08-06,Grocery_20250806,Grocery,8.1
2025-08-06,Home_Kitchen_20250806,Home & Kitchen,0.0
2025-08-06,Sports_20250806,Sports,209.66
2025-08-06,Toys_20250806,Toys,55.63
2025-08-07,Beauty_20250807,Beauty,0.0
2025-08-07,Books_20250807,Books,20.43
2025-08-07,Electronics_20250807,Electronics,157.02
2025-08-07,Fashion_20250807,Fashion,0.0
2025-08-07,Grocery_20250807,Grocery,7.67
2025-08-07,Home_Kitchen_20250807,Home & Kitchen,0.0
2025-08-07,Sports_20250807,Sports,118.78
2025-08-07,Toys_20250807,Toys,15.66
2025-08-08,Beauty_20250808,Beauty,0.0
2025-08-08,Books_20250808,Books,0.0
2025-08-08,Electronics_20250808,Electronics,0.0
2025-08-08,Fashion_20250808,Fashion,164.5
2025-08-08,Grocery_20250808,Grocery,9.01
2025-08-08,Home_Kitchen_20250808,Home & Kitchen,144.64
2025-08-08,Sports_20250808,Sports,129.85
2025-08-08,Toys_20250808,Toys,0.0
2025-08-09,Beauty_20250809,Beauty,30.95
2025-08-09,Books_20250809,Books,63.32
2025-08-09,Electronics_20250809,Electronics,172.61
2025-08-09,Fashion_20250809,Fashion,0.0
2025-08-09,Grocery_20250809,Grocery,22.18
2025-08-09,Home_Kitchen_20250809,Home & Kitchen,48.95
2025-08-09,Sports_20250809,Sports,0.0
2025-08-09,Toys_20250809,Toys,0.0
2025-08-10,Beauty_20250810,Beauty,0.0
2025-08-10,Books_20250810,Books,23.08
2025-08-10,Electronics_20250810,Electronics,369.13
2025-08-10,Fashion_20250810,Fashion,61.11
2025-08-10,Grocery_20250810,Grocery,24.2
2025-08-10,Home_Kitchen_20250810,Home & Kitchen,36.95
2025-08-10,Sports_20250810,Sports,0.0
2025-08-10,Toys_20250810,Toys,16.82
2025-08-11,Beauty_20250811,Beauty,20.37
2025-08-11,Books_20250811,Books,7.66
2025-08-11,Electronics_20250811,Electronics,118.17
2025-08-11,Fashion_20250811,Fashion,27.71
2025-08-11,Grocery_20250811,Grocery,7.07
2025-08-11,Home_Kitchen_20250811,Home & Kitchen,243.54
2025-08-11,Sports_20250811,Sports,29.58
2025-08-11,Toys_20250811,Toys,24.43
2025-08-12,Beauty_20250812,Beauty,0.0
2025-08-12,Books_20250812,Books,18.79
2025-08-12,Electronics_20250812,Electronics,76.88
2025-08-12,Fashion_20250812,Fashion,20.26
2025-08-12,Grocery_20250812,Grocery,4.83
2025-08-12,Home_Kitchen_20250812,Home & Kitchen,0.0
2025-08-12,Sports_20250812,Sports,126.27
2025-08-12,Toys_20250812,Toys,96.7
2025-08-13,Beauty_20250813,Beauty,6.02
2025-08-13,Books_20250813,Books,0.0
2025-08-13,Electronics_20250813,Electronics,322.01
2025-08-13,Fashion_20250813,Fashion,59.56
2025-08-13,Grocery_20250813,Grocery,11.8
2025-08-13,Home_Kitchen_20250813,Home & Kitchen,0.0
2025-08-13,Sports_20250813,Sports,40.02
2025-08-13,Toys_20250813,Toys,86.42
2025-08-14,Beauty_20250814,Beauty,20.99
2025-08-14,Books_20250814,Books,2.97
2025-08-14,Electronics_20250814,Electronics,0.0
2025-08-14,Fashion_20250814,Fashion,0.0
2025-08-14,Grocery_20250814,Grocery,0.0
2025-08-14,Home_Kitchen_20250814,Home & Kitchen,248.25
2025-08-14,Sports_20250814,Sports,79.75
2025-08-14,Toys_20250814,Toys,60.58
2025-08-15,Beauty_20250815,Beauty,30.57
2025-08-15,Books_20250815,Books,0.0
2025-08-15,Electronics_20250815,Electronics,0.0
2025-08-15,Fashion_20250815,Fashion,0.0
2025-08-15,Grocery_20250815,Grocery,18.54
2025-08-15,Home_Kitchen_20250815,Home & Kitchen,55.96
2025-08-15,Sports_20250815,Sports,34.72
2025-08-15,Toys_20250815,Toys,37.16
2025-08-16,Beauty_20250816,Beauty,4.89
2025-08-16,Books_20250816,Books,24.43
2025-08-16,Electronics_20250816,Electronics,165.61
2025-08-16,Fashion_20250816,Fashion,143.31
2025-08-16,Grocery_20250816,Grocery,103.9
2025-08-16,Home_Kitchen_20250816,Home & Kitchen,104.69
2025-08-16,Sports_20250816,Sports,72.38
2025-08-16,Toys_20250816,Toys,99.39
2025-08-17,Beauty_20250817,Beauty,0.0
2025-08-17,Books_20250817,Books,15.8
2025-08-17,Electronics_20250817,Electronics,0.0
2025-08-17,Fashion_20250817,Fashion,102.17
2025-08-17,Grocery_20250817,Grocery,0.0
2025-08-17,Home_Kitchen_20250817,Home & Kitchen,76.0
2025-08-17,Sports_20250817,Sports,97.02
2025-08-17,Toys_20250817,Toys,55.49
2025-08-18,Beauty_20250818,Beauty,22.54
2025-08-18,Books_20250818,Books,0.0
2025-08-18,Electronics_20250818,Electronics,229.92
2025-08-18,Fashion_20250818,Fashion,29.27
2025-08-18,Grocery_20250818,Grocery,16.21
2025-08-18,Home_Kitchen_20250818,Home & Kitchen,96.84
2025-08-18,Sports_20250818,Sports,256.32
2025-08-18,Toys_20250818,Toys,0.0
2025-08-19,Beauty_20250819,Beauty,26.04
2025-08-19,Books_20250819,Books,32.47
2025-08-19,Electronics_20250819,Electronics,0.0
2025-08-19,Fashion_20250819,Fashion,17.94
2025-08-19,Grocery_20250819,Grocery,16.9
2025-08-19,Home_Kitchen_20250819,Home & Kitchen,29.57
2025-08-19,Sports_20250819,Sports,0.0
2025-08-19,Toys_20250819,Toys,10.19
2025-08-20,Beauty_20250820,Beauty,0.0
2025-08-20,Books_20250820,Books,51.9
2025-08-20,Electronics_20250820,Electronics,131.2
2025-08-20,Fashion_20250820,Fashion,43.98
2025-08-20,Grocery_20250820,Grocery,17.4
2025-08-20,Home_Kitchen_20250820,Home & Kitchen,54.45
2025-08-20,Sports_20250820,Sports,179.36
2025-08-20,Toys_20250820,Toys,165.76
2025-08-21,Beauty_20250821,Beauty,12.35
2025-08-21,Books_20250821,Books,33.67
2025-08-21,Electronics_20250821,Electronics,228.6
2025-08-21,Fashion_20250821,Fashion,29.7
2025-08-21,Grocery_20250821,Grocery,23.15
2025-08-21,Home_Kitchen_20250821,Home & Kitchen,428.1
2025-08-21,Sports_20250821,Sports,91.6
2025-08-21,Toys_20250821,Toys,43.54
2025-08-22,Beauty_20250822,Beauty,9.16
2025-08-22,Books_20250822,Books,0.0
2025-08-22,Electronics_20250822,Electronics,98.94
2025-08-22,Fashion_20250822,Fashion,141.1
2025-08-22,Grocery_20250822,Grocery,7.31
2025-08-22,Home_Kitchen_20250822,Home & Kitchen,66.3
2025-08-22,Sports_20250822,Sports,237.81
2025-08-22,Toys_20250822,Toys,0.0
2025-08-23,Beauty_20250823,Beauty,0.0
2025-08-23,Books_20250823,Books,31.07
2025-08-23,Electronics_20250823,Electronics,218.23
2025-08-23,Fashion_20250823,Fashion,27.24
2025-08-23,Grocery_20250823,Grocery,15.86
2025-08-23,Home_Kitchen_20250823,Home & Kitchen,117.64
2025-08-23,Sports_20250823,Sports,0.0
2025-08-23,Toys_20250823,Toys,99.7
2025-08-24,Beauty_20250824,Beauty,129.51
2025-08-24,Books_20250824,Books,7.52
2025-08-24,Electronics_20250824,Electronics,0.0
2025-08-24,Fashion_20250824,Fashion,26.7
2025-08-24,Grocery_20250824,Grocery,0.0
2025-08-24,Home_Kitchen_20250824,Home & Kitchen,11.47
2025-08-24,Sports_20250824,Sports,396.04
2025-08-24,Toys_20250824,Toys,0.0
2025-08-25,Beauty_20250825,Beauty,31.23
2025-08-25,Books_20250825,Books,38.01
2025-08-25,Electronics_20250825,Electronics,115.86
2025-08-25,Fashion_20250825,Fashion,158.96
2025-08-25,Grocery_20250825,Grocery,0.0
2025-08-25,Home_Kitchen_20250825,Home & Kitchen,0.0
2025-08-25,Sports_20250825,Sports,169.0
2025-08-25,Toys_20250825,Toys,107.08
2025-08-26,Beauty_20250826,Beauty,2.47
2025-08-26,Books_20250826,Books,21.52
2025-08-26,Electronics_20250826,Electronics,0.0
2025-08-26,Fashion_20250826,Fashion,0.0
2025-08-26,Grocery_20250826,Grocery,18.23
2025-08-26,Home_Kitchen_20250826,Home & Kitchen,0.0
2025-08-26,Sports_20250826,Sports,253.18
2025-08-26,Toys_20250826,Toys,26.37
2025-08-27,Beauty_20250827,Beauty,14.6
2025-08-27,Books_20250827,Books,0.0
2025-08-27,Electronics_20250827,Electronics,0.0
2025-08-27,Fashion_20250827,Fashion,14.83
2025-08-27,Grocery_20250827,Grocery,0.0
2025-08-27,Home_Kitchen_20250827,Home & Kitchen,171.34
2025-08-27,Sports_20250827,Sports,168.64
2025-08-27,Toys_20250827,Toys,0.0
2025-08-28,Beauty_20250828,Beauty,97.64
2025-08-28,Books_20250828,Books,0.0
2025-08-28,Electronics_20250828,Electronics,383.31
2025-08-28,Fashion_20250828,Fashion,0.0
2025-08-28,Grocery_20250828,Grocery,0.0
2025-08-28,Home_Kitchen_20250828,Home & Kitchen,0.0
2025-08-28,Sports_20250828,Sports,34.98
2025-08-28,Toys_20250828,Toys,0.0
2025-08-29,Beauty_20250829,Beauty,12.98
2025-08-29,Books_20250829,Books,8.01
2025-08-29,Electronics_20250829,Electronics,0.0
2025-08-29,Fashion_20250829,Fashion,75.56
2025-08-29,Grocery_20250829,Grocery,8.81
2025-08-29,Home_Kitchen_20250829,Home & Kitchen,73.67
2025-08-29,Sports_20250829,Sports,38.51
2025-08-29,Toys_20250829,Toys,0.0
2025-08-30,Beauty_20250830,Beauty,3.87
2025-08-30,Books_20250830,Books,107.0
2025-08-30,Electronics_20250830,Electronics,123.98
2025-08-30,Fashion_20250830,Fashion,0.0
2025-08-30,Grocery_20250830,Grocery,32.83
2025-08-30,Home_Kitchen_20250830,Home & Kitchen,0.0
2025-08-30,Sports_20250830,Sports,85.53
2025-08-30,Toys_20250830,Toys,147.72
2025-08-31,Beauty_20250831,Beauty,15.41
2025-08-31,Books_20250831,Books,53.63
2025-08-31,Electronics_20250831,Electronics,119.67
2025-08-31,Fashion_20250831,Fashion,36.93
2025-08-31,Grocery_20250831,Grocery,22.16
2025-08-31,Home_Kitchen_20250831,Home & Kitchen,136.16
2025-08-31,Sports_20250831,Sports,44.5
2025-08-31,Toys_20250831,Toys,88.28
2025-09-01,Beauty_20250901,Beauty,55.13
2025-09-01,Books_20250901,Books,39.15
2025-09-01,Electronics_20250901,Electronics,147.46
2025-09-01,Fashion_20250901,Fashion,0.0
2025-09-01,Grocery_20250901,Grocery,15.37
2025-09-01,Home_Kitchen_20250901,Home & Kitchen,0.0
2025-09-01,Sports_20250901,Sports,119.56
2025-09-01,Toys_20250901,Toys,31.87
2025-09-02,Beauty_20250902,Beauty,7.54
2025-09-02,Books_20250902,Books,68.25
2025-09-02,Electronics_20250902,Electronics,270.3
2025-09-02,Fashion_20250902,Fashion,0.0
2025-09-02,Grocery_20250902,Grocery,45.14
2025-09-02,Home_Kitchen_20250902,Home & Kitchen,201.85
2025-09-02,Sports_20250902,Sports,175.95
2025-09-02,Toys_20250902,Toys,0.0
2025-09-03,Beauty_20250903,Beauty,0.0
2025-09-03,Books_20250903,Books,30.73
2025-09-03,Electronics_20250903,Electronics,188.37
2025-09-03,Fashion_20250903,Fashion,40.92
2025-09-03,Grocery_20250903,Grocery,11.06
2025-09-03,Home_Kitchen_20250903,Home & Kitchen,43.84
2025-09-03,Sports_20250903,Sports,66.7
2025-09-03,Toys_20250903,Toys,67.11
2025-09-04,Beauty_20250904,Beauty,6.1
2025-09-04,Books_20250904,Books,46.55
2025-09-04,Electronics_20250904,Electronics,0.0
2025-09-04,Fashion_20250904,Fashion,7.42
2025-09-04,Grocery_20250904,Grocery,31.7
2025-09-04,Home_Kitchen_20250904,Home & Kitchen,70.89
2025-09-04,Sports_20250904,Sports,33.3
2025-09-04,Toys_20250904,Toys,4.78
2025-09-05,Beauty_20250905,Beauty,49.37
2025-09-05,Books_20250905,Books,0.0
2025-09-05,Electronics_20250905,Electronics,40.11
2025-09-05,Fashion_20250905,Fashion,7.11
2025-09-05,Grocery_20250905,Grocery,38.59
2025-09-05,Home_Kitchen_20250905,Home & Kitchen,253.1
2025-09-05,Sports_20250905,Sports,14.04
2025-09-05,Toys_20250905,Toys,19.52
2025-09-06,Beauty_20250906,Beauty,42.01
2025-09-06,Books_20250906,Books,24.74
2025-09-06,Electronics_20250906,Electronics,0.0
2025-09-06,Fashion_20250906,Fashion,0.0
2025-09-06,Grocery_20250906,Grocery,1.4
2025-09-06,Home_Kitchen_20250906,Home & Kitchen,0.0
2025-09-06,Sports_20250906,Sports,0.0
2025-09-06,Toys_20250906,Toys,12.47
2025-09-07,Beauty_20250907,Beauty,0.0
2025-09-07,Books_20250907,Books,43.25
2025-09-07,Electronics_20250907,Electronics,32.11
2025-09-07,Fashion_20250907,Fashion,16.46
2025-09-07,Grocery_20250907,Grocery,0.0
2025-09-07,Home_Kitchen_20250907,Home & Kitchen,229.29
2025-09-07,Sports_20250907,Sports,117.66
2025-09-07,Toys_20250907,Toys,85.88
2025-09-08,Beauty_20250908,Beauty,17.36
2025-09-08,Books_20250908,Books,0.0
2025-09-08,Electronics_20250908,Electronics,0.0
2025-09-08,Fashion_20250908,Fashion,0.0
2025-09-08,Grocery_20250908,Grocery,25.51
2025-09-08,Home_Kitchen_20250908,Home & Kitchen,77.66
2025-09-08,Sports_20250908,Sports,51.56
2025-09-08,Toys_20250908,Toys,77.24
2025-09-09,Beauty_20250909,Beauty,26.7
2025-09-09,Books_20250909,Books,6.18
2025-09-09,Electronics_20250909,Electronics,0.0
2025-09-09,Fashion_20250909,Fashion,212.44
2025-09-09,Grocery_20250909,Grocery,0.0
2025-09-09,Home_Kitchen_20250909,Home & Kitchen,39.82
2025-09-09,Sports_20250909,Sports,0.0
2025-09-09,Toys_20250909,Toys,65.54
2025-09-10,Beauty_20250910,Beauty,10.56
2025-09-10,Books_20250910,Books,0.0
2025-09-10,Electronics_20250910,Electronics,101.09
2025-09-10,Fashion_20250910,Fashion,212.11
2025-09-10,Grocery_20250910,Grocery,8.68
2025-09-10,Home_Kitchen_20250910,Home & Kitchen,239.19
2025-09-10,Sports_20250910,Sports,77.83
2025-09-10,Toys_20250910,Toys,5.81
2025-09-11,Beauty_20250911,Beauty,52.8
2025-09-11,Books_20250911,Books,22.14
2025-09-11,Electronics_20250911,Electronics,62.52
2025-09-11,Fashion_20250911,Fashion,0.0
2025-09-11,Grocery_20250911,Grocery,18.57
2025-09-11,Home_Kitchen_20250911,Home & Kitchen,29.56
2025-09-11,Sports_20250911,Sports,101.05
2025-09-11,Toys_20250911,Toys,125.1
2025-09-12,Beauty_20250912,Beauty,7.47
2025-09-12,Books_20250912,Books,10.14
2025-09-12,Electronics_20250912,Electronics,0.0
2025-09-12,Fashion_20250912,Fashion,0.0
2025-09-12,Grocery_20250912,Grocery,0.0
2025-09-12,Home_Kitchen_20250912,Home & Kitchen,267.99
2025-09-12,Sports_20250912,Sports,0.0
2025-09-12,Toys_20250912,Toys,2.97
2025-09-13,Beauty_20250913,Beauty,20.59
2025-09-13,Books_20250913,Books,26.48
2025-09-13,Electronics_20250913,Electronics,193.61
2025-09-13,Fashion_20250913,Fashion,0.0
2025-09-13,Grocery_20250913,Grocery,0.0
2025-09-13,Home_Kitchen_20250913,Home & Kitchen,119.54
2025-09-13,Sports_20250913,Sports,0.0
2025-09-13,Toys_20250913,Toys,52.37
2025-09-14,Beauty_20250914,Beauty,23.94
2025-09-14,Books_20250914,Books,0.0
2025-09-14,Electronics_20250914,Electronics,65.02
2025-09-14,Fashion_20250914,Fashion,0.0
2025-09-14,Grocery_20250914,Grocery,8.4
2025-09-14,Home_Kitchen_20250914,Home & Kitchen,41.58
2025-09-14,Sports_20250914,Sports,25.73
2025-09-14,Toys_20250914,Toys,44.18
2025-09-15,Beauty_20250915,Beauty,0.0
2025-09-15,Books_20250915,Books,4.39
2025-09-15,Electronics_20250915,Electronics,151.14
2025-09-15,Fashion_20250915,Fashion,190.07
2025-09-15,Grocery_20250915,Grocery,0.0
2025-09-15,Home_Kitchen_20250915,Home & Kitchen,39.55
2025-09-15,Sports_20250915,Sports,0.0
2025-09-15,Toys_20250915,Toys,24.83
2025-09-16,Beauty_20250916,Beauty,9.75
2025-09-16,Books_20250916,Books,23.96
2025-09-16,Electronics_20250916,Electronics,0.0
2025-09-16,Fashion_20250916,Fashion,170.33
2025-09-16,Grocery_20250916,Grocery,11.61
2025-09-16,Home_Kitchen_20250916,Home & Kitchen,0.0
2025-09-16,Sports_20250916,Sports,264.45
2025-09-16,Toys_20250916,Toys,27.94
2025-09-17,Beauty_20250917,Beauty,14.6
2025-09-17,Books_20250917,Books,0.0
2025-09-17,Electronics_20250917,Electronics,0.0
2025-09-17,Fashion_20250917,Fashion,0.0
2025-09-17,Grocery_20250917,Grocery,33.49
2025-09-17,Home_Kitchen_20250917,Home & Kitchen,0.0
2025-09-17,Sports_20250917,Sports,131.53
2025-09-17,Toys_20250917,Toys,0.0
2025-09-18,Beauty_20250918,Beauty,46.37
2025-09-18,Books_20250918,Books,15.14
2025-09-18,Electronics_20250918,Electronics,40.83
2025-09-18,Fashion_20250918,Fashion,135.21
2025-09-18,Grocery_20250918,Grocery,55.47
2025-09-18,Home_Kitchen_20250918,Home & Kitchen,0.0
2025-09-18,Sports_20250918,Sports,101.21
2025-09-18,Toys_20250918,Toys,205.99
2025-09-19,Beauty_20250919,Beauty,0.0
2025-09-19,Books_20250919,Books,10.42
2025-09-19,Electronics_20250919,Electronics,0.0
2025-09-19,Fashion_20250919,Fashion,0.0
2025-09-19,Grocery_20250919,Grocery,0.0
2025-09-19,Home_Kitchen_20250919,Home & Kitchen,0.0
2025-09-19,Sports_20250919,Sports,7.23
2025-09-19,Toys_20250919,Toys,0.0
2025-09-20,Beauty_20250920,Beauty,0.0
2025-09-20,Books_20250920,Books,11.93
2025-09-20,Electronics_20250920,Electronics,92.04
2025-09-20,Fashion_20250920,Fashion,133.67
2025-09-20,Grocery_20250920,Grocery,0.0
2025-09-20,Home_Kitchen_20250920,Home & Kitchen,17.14
2025-09-20,Sports_20250920,Sports,56.7
2025-09-20,Toys_20250920,Toys,239.95
2025-09-21,Beauty_20250921,Beauty,16.65
2025-09-21,Books_20250921,Books,0.0
2025-09-21,Electronics_20250921,Electronics,0.0
2025-09-21,Fashion_20250921,Fashion,23.55
2025-09-21,Grocery_20250921,Grocery,43.99
2025-09-21,Home_Kitchen_20250921,Home & Kitchen,103.21
2025-09-21,Sports_20250921,Sports,41.22
2025-09-21,Toys_20250921,Toys,0.0
2025-09-22,Beauty_20250922,Beauty,13.96
2025-09-22,Books_20250922,Books,19.28
2025-09-22,Electronics_20250922,Electronics,67.12
2025-09-22,Fashion_20250922,Fashion,17.65
2025-09-22,Grocery_20250922,Grocery,10.93
2025-09-22,Home_Kitchen_20250922,Home & Kitchen,58.48
2025-09-22,Sports_20250922,Sports,38.11
2025-09-22,Toys_20250922,Toys,119.76
2025-09-23,Beauty_20250923,Beauty,110.83
2025-09-23,Books_20250923,Books,13.81
2025-09-23,Electronics_20250923,Electronics,132.04
2025-09-23,Fashion_20250923,Fashion,165.67
2025-09-23,Grocery_20250923,Grocery,11.46
2025-09-23,Home_Kitchen_20250923,Home & Kitchen,36.9
2025-09-23,Sports_20250923,Sports,36.01
2025-09-23,Toys_20250923,Toys,0.0
2025-09-24,Beauty_20250924,Beauty,8.21
2025-09-24,Books_20250924,Books,0.0
2025-09-24,Electronics_20250924,Electronics,123.27
2025-09-24,Fashion_20250924,Fashion,0.0
2025-09-24,Grocery_20250924,Grocery,0.0
2025-09-24,Home_Kitchen_20250924,Home & Kitchen,0.0
2025-09-24,Sports_20250924,Sports,176.87
2025-09-24,Toys_20250924,Toys,0.0
2025-09-25,Beauty_20250925,Beauty,47.84
2025-09-25,Books_20250925,Books,0.0
2025-09-25,Electronics_20250925,Electronics,86.99
2025-09-25,Fashion_20250925,Fashion,110.92
2025-09-25,Grocery_20250925,Grocery,9.13
2025-09-25,Home_Kitchen_20250925,Home & Kitchen,151.24
2025-09-25,Sports_20250925,Sports,0.0
2025-09-25,Toys_20250925,Toys,78.83
2025-09-26,Beauty_20250926,Beauty,25.04
2025-09-26,Books_20250926,Books,35.55
2025-09-26,Electronics_20250926,Electronics,78.62
2025-09-26,Fashion_20250926,Fashion,168.1
2025-09-26,Grocery_20250926,Grocery,30.98
2025-09-26,Home_Kitchen_20250926,Home & Kitchen,0.0
2025-09-26,Sports_20250926,Sports,151.41
2025-09-26,Toys_20250926,Toys,0.0
2025-09-27,Beauty_20250927,Beauty,60.24
2025-09-27,Books_20250927,Books,21.14
2025-09-27,Electronics_20250927,Electronics,216.26
2025-09-27,Fashion_20250927,Fashion,31.08
2025-09-27,Grocery_20250927,Grocery,4.1
2025-09-27,Home_Kitchen_20250927,Home & Kitchen,306.61
2025-09-27,Sports_20250927,Sports,0.0
2025-09-27,Toys_20250927,Toys,95.4
2025-09-28,Beauty_20250928,Beauty,37.08
2025-09-28,Books_20250928,Books,13.92
2025-09-28,Electronics_20250928,Electronics,0.0
2025-09-28,Fashion_20250928,Fashion,89.59
2025-09-28,Grocery_20250928,Grocery,25.01
2025-09-28,Home_Kitchen_20250928,Home & Kitchen,266.04
2025-09-28,Sports_20250928,Sports,0.0
2025-09-28,Toys_20250928,Toys,0.0
2025-09-29,Beauty_20250929,Beauty,0.0
2025-09-29,Books_20250929,Books,15.56
2025-09-29,Electronics_20250929,Electronics,0.0
2025-09-29,Fashion_20250929,Fashion,56.4
2025-09-29,Grocery_20250929,Grocery,0.0
2025-09-29,Home_Kitchen_20250929,Home & Kitchen,208.85
2025-09-29,Sports_20250929,Sports,141.29
2025-09-29,Toys_20250929,Toys,0.0
2025-09-30,Beauty_20250930,Beauty,32.58
2025-09-30,Books_20250930,Books,0.0
2025-09-30,Electronics_20250930,Electronics,0.0
2025-09-30,Fashion_20250930,Fashion,31.99
2025-09-30,Grocery_20250930,Grocery,34.47
2025-09-30,Home_Kitchen_20250930,Home & Kitchen,574.59
2025-09-30,Sports_20250930,Sports,0.0
2025-09-30,Toys_20250930,Toys,0.0
2025-10-01,Beauty_20251001,Beauty,19.99
2025-10-01,Books_20251001,Books,27.92
2025-10-01,Electronics_20251001,Electronics,199.3
2025-10-01,Fashion_20251001,Fashion,25.88
2025-10-01,Grocery_20251001,Grocery,36.46
2025-10-01,Home_Kitchen_20251001,Home & Kitchen,68.11
2025-10-01,Sports_20251001,Sports,0.0
2025-10-01,Toys_20251001,Toys,0.0
2025-10-02,Beauty_20251002,Beauty,36.36
2025-10-02,Books_20251002,Books,19.94
2025-10-02,Electronics_20251002,Electronics,310.63
2025-10-02,Fashion_20251002,Fashion,133.6
2025-10-02,Grocery_20251002,Grocery,50.5
2025-10-02,Home_Kitchen_20251002,Home & Kitchen,0.0
2025-10-02,Sports_20251002,Sports,240.51
2025-10-02,Toys_20251002,Toys,112.21
2025-10-03,Beauty_20251003,Beauty,14.7
2025-10-03,Books_20251003,Books,56.73
2025-10-03,Electronics_20251003,Electronics,256.1
2025-10-03,Fashion_20251003,Fashion,18.87
2025-10-03,Grocery_20251003,Grocery,47.43
2025-10-03,Home_Kitchen_20251003,Home & Kitchen,240.72
2025-10-03,Sports_20251003,Sports,0.0
2025-10-03,Toys_20251003,Toys,56.35
2025-10-04,Beauty_20251004,Beauty,89.42
2025-10-04,Books_20251004,Books,52.94
2025-10-04,Electronics_20251004,Electronics,0.0
2025-10-04,Fashion_20251004,Fashion,5.47
2025-10-04,Grocery_20251004,Grocery,23.73
2025-10-04,Home_Kitchen_20251004,Home & Kitchen,0.0
2025-10-04,Sports_20251004,Sports,128.65
2025-10-04,Toys_20251004,Toys,46.8
2025-10-05,Beauty_20251005,Beauty,6.0
2025-10-05,Books_20251005,Books,0.0
2025-10-05,Electronics_20251005,Electronics,123.89
2025-10-05,Fashion_20251005,Fashion,303.31
2025-10-05,Grocery_20251005,Grocery,27.89
2025-10-05,Home_Kitchen_20251005,Home & Kitchen,0.0
2025-10-05,Sports_20251005,Sports,0.0
2025-10-05,Toys_20251005,Toys,47.2
2025-10-06,Beauty_20251006,Beauty,79.76
2025-10-06,Books_20251006,Books,0.0
2025-10-06,Electronics_20251006,Electronics,0.0
2025-10-06,Fashion_20251006,Fashion,0.0
2025-10-06,Grocery_20251006,Grocery,39.52
2025-10-06,Home_Kitchen_20251006,Home & Kitchen,102.48
2025-10-06,Sports_20251006,Sports,205.22
2025-10-06,Toys_20251006,Toys,65.6
2025-10-07,Beauty_20251007,Beauty,11.69
2025-10-07,Books_20251007,Books,35.07
2025-10-07,Electronics_20251007,Electronics,0.0
2025-10-07,Fashion_20251007,Fashion,91.05
2025-10-07,Grocery_20251007,Grocery,5.17
2025-10-07,Home_Kitchen_20251007,Home & Kitchen,129.69
2025-10-07,Sports_20251007,Sports,0.0
2025-10-07,Toys_20251007,Toys,6.4
2025-10-08,Beauty_20251008,Beauty,23.35
2025-10-08,Books_20251008,Books,50.12
2025-10-08,Electronics_20251008,Electronics,143.28
2025-10-08,Fashion_20251008,Fashion,32.76
2025-10-08,Grocery_20251008,Grocery,10.88
2025-10-08,Home_Kitchen_20251008,Home & Kitchen,20.48
2025-10-08,Sports_20251008,Sports,127.47
2025-10-08,Toys_20251008,Toys,37.0
2025-10-09,Beauty_20251009,Beauty,0.0
2025-10-09,Books_20251009,Books,7.43
2025-10-09,Electronics_20251009,Electronics,316.9
2025-10-09,Fashion_20251009,Fashion,43.08
2025-10-09,Grocery_20251009,Grocery,49.53
2025-10-09,Home_Kitchen_20251009,Home & Kitchen,51.86
2025-10-09,Sports_20251009,Sports,0.0
2025-10-09,Toys_20251009,Toys,0.0
2025-10-10,Beauty_20251010,Beauty,20.4
2025-10-10,Books_20251010,Books,47.33
2025-10-10,Electronics_20251010,Electronics,319.34
2025-10-10,Fashion_20251010,Fashion,27.19
2025-10-10,Grocery_20251010,Grocery,0.0
2025-10-10,Home_Kitchen_20251010,Home & Kitchen,100.93
2025-10-10,Sports_20251010,Sports,71.51
2025-10-10,Toys_20251010,Toys,147.0
2025-10-11,Beauty_20251011,Beauty,4.89
2025-10-11,Books_20251011,Books,0.0
2025-10-11,Electronics_20251011,Electronics,244.09
2025-10-11,Fashion_20251011,Fashion,49.0
2025-10-11,Grocery_20251011,Grocery,29.9
2025-10-11,Home_Kitchen_20251011,Home & Kitchen,12.68
2025-10-11,Sports_20251011,Sports,0.0
2025-10-11,Toys_20251011,Toys,40.46
2025-10-12,Beauty_20251012,Beauty,13.95
2025-10-12,Books_20251012,Books,44.34
2025-10-12,Electronics_20251012,Electronics,152.41
2025-10-12,Fashion_20251012,Fashion,84.24
2025-10-12,Grocery_20251012,Grocery,7.99
2025-10-12,Home_Kitchen_20251012,Home & Kitchen,86.78
2025-10-12,Sports_20251012,Sports,19.01
2025-10-12,Toys_20251012,Toys,48.53
2025-10-13,Beauty_20251013,Beauty,70.36
2025-10-13,Books_20251013,Books,37.79
2025-10-13,Electronics_20251013,Electronics,0.0
2025-10-13,Fashion_20251013,Fashion,101.61
2025-10-13,Grocery_20251013,Grocery,29.31
2025-10-13,Home_Kitchen_20251013,Home & Kitchen,220.72
2025-10-13,Sports_20251013,Sports,12.36
2025-10-13,Toys_20251013,Toys,21.69
2025-10-14,Beauty_20251014,Beauty,32.81
2025-10-14,Books_20251014,Books,50.19
2025-10-14,Electronics_20251014,Electronics,44.11
2025-10-14,Fashion_20251014,Fashion,43.14
2025-10-14,Grocery_20251014,Grocery,30.35
2025-10-14,Home_Kitchen_20251014,Home & Kitchen,82.62
2025-10-14,Sports_20251014,Sports,18.81
2025-10-14,Toys_20251014,Toys,105.39
2025-10-15,Beauty_20251015,Beauty,0.0
2025-10-15,Books_20251015,Books,37.39
2025-10-15,Electronics_20251015,Electronics,107.84
2025-10-15,Fashion_20251015,Fashion,189.52
2025-10-15,Grocery_20251015,Grocery,15.06
2025-10-15,Home_Kitchen_20251015,Home & Kitchen,24.73
2025-10-15,Sports_20251015,Sports,32.35
2025-10-15,Toys_20251015,Toys,144.55
2025-10-16,Beauty_20251016,Beauty,21.83
2025-10-16,Books_20251016,Books,20.56
2025-10-16,Electronics_20251016,Electronics,180.65
2025-10-16,Fashion_20251016,Fashion,31.42
2025-10-16,Grocery_20251016,Grocery,0.0
2025-10-16,Home_Kitchen_20251016,Home & Kitchen,123.31
2025-10-16,Sports_20251016,Sports,0.0
2025-10-16,Toys_20251016,Toys,3.7
2025-10-17,Beauty_20251017,Beauty,15.09
2025-10-17,Books_20251017,Books,0.0
2025-10-17,Electronics_20251017,Electronics,67.58
2025-10-17,Fashion_20251017,Fashion,189.88
2025-10-17,Grocery_20251017,Grocery,0.0
2025-10-17,Home_Kitchen_20251017,Home & Kitchen,76.35
2025-10-17,Sports_20251017,Sports,0.0
2025-10-17,Toys_20251017,Toys,0.0
2025-10-18,Beauty_20251018,Beauty,9.86
2025-10-18,Books_20251018,Books,27.01
2025-10-18,Electronics_20251018,Electronics,164.21
2025-10-18,Fashion_20251018,Fashion,146.79
2025-10-18,Grocery_20251018,Grocery,50.0
2025-10-18,Home_Kitchen_20251018,Home & Kitchen,22.0
2025-10-18,Sports_20251018,Sports,122.33
2025-10-18,Toys_20251018,Toys,0.0
2025-10-19,Beauty_20251019,Beauty,59.94
2025-10-19,Books_20251019,Books,0.0
2025-10-19,Electronics_20251019,Electronics,305.28
2025-10-19,Fashion_20251019,Fashion,182.59
2025-10-19,Grocery_20251019,Grocery,105.94
2025-10-19,Home_Kitchen_20251019,Home & Kitchen,79.3
2025-10-19,Sports_20251019,Sports,103.81
2025-10-19,Toys_20251019,Toys,0.0
2025-10-20,Beauty_20251020,Beauty,82.72
2025-10-20,Books_20251020,Books,0.0
2025-10-20,Electronics_20251020,Electronics,0.0
2025-10-20,Fashion_20251020,Fashion,7.36
2025-10-20,Grocery_20251020,Grocery,5.47
2025-10-20,Home_Kitchen_20251020,Home & Kitchen,0.0
2025-10-20,Sports_20251020,Sports,0.0
2025-10-20,Toys_20251020,Toys,30.25
2025-10-21,Beauty_20251021,Beauty,13.24
2025-10-21,Books_20251021,Books,0.0
2025-10-21,Electronics_20251021,Electronics,0.0
2025-10-21,Fashion_20251021,Fashion,8.23
2025-10-21,Grocery_20251021,Grocery,29.53
2025-10-21,Home_Kitchen_20251021,Home & Kitchen,13.36
2025-10-21,Sports_20251021,Sports,87.35
2025-10-21,Toys_20251021,Toys,0.0
2025-10-22,Beauty_20251022,Beauty,0.0
2025-10-22,Books_20251022,Books,8.78
2025-10-22,Electronics_20251022,Electronics,0.0
2025-10-22,Fashion_20251022,Fashion,117.36
2025-10-22,Grocery_20251022,Grocery,67.52
2025-10-22,Home_Kitchen_20251022,Home & Kitchen,42.4
2025-10-22,Sports_20251022,Sports,65.43
2025-10-22,Toys_20251022,Toys,84.31
2025-10-23,Beauty_20251023,Beauty,7.89
2025-10-23,Books_20251023,Books,0.0
2025-10-23,Electronics_20251023,Electronics,0.0
2025-10-23,Fashion_20251023,Fashion,8.26
2025-10-23,Grocery_20251023,Grocery,26.3
2025-10-23,Home_Kitchen_20251023,Home & Kitchen,35.76
2025-10-23,Sports_20251023,Sports,0.0
2025-10-23,Toys_20251023,Toys,133.03
2025-10-24,Beauty_20251024,Beauty,46.66
2025-10-24,Books_20251024,Books,18.76
2025-10-24,Electronics_20251024,Electronics,320.65
2025-10-24,Fashion_20251024,Fashion,0.0
2025-10-24,Grocery_20251024,Grocery,10.56
2025-10-24,Home_Kitchen_20251024,Home & Kitchen,327.29
2025-10-24,Sports_20251024,Sports,112.27
2025-10-24,Toys_20251024,Toys,27.48
2025-10-25,Beauty_20251025,Beauty,85.7
2025-10-25,Books_20251025,Books,12.43
2025-10-25,Electronics_20251025,Electronics,246.54
2025-10-25,Fashion_20251025,Fashion,28.84
2025-10-25,Grocery_20251025,Grocery,9.48
2025-10-25,Home_Kitchen_20251025,Home & Kitchen,103.44
2025-10-25,Sports_20251025,Sports,20.35
2025-10-25,Toys_20251025,Toys,247.34
2025-10-26,Beauty_20251026,Beauty,46.65
2025-10-26,Books_20251026,Books,29.99
2025-10-26,Electronics_20251026,Electronics,0.0
2025-10-26,Fashion_20251026,Fashion,62.56
2025-10-26,Grocery_20251026,Grocery,0.0
2025-10-26,Home_Kitchen_20251026,Home & Kitchen,138.88
2025-10-26,Sports_20251026,Sports,0.0
2025-10-26,Toys_20251026,Toys,38.04
2025-10-27,Beauty_20251027,Beauty,11.03
2025-10-27,Books_20251027,Books,8.62
2025-10-27,Electronics_20251027,Electronics,0.0
2025-10-27,Fashion_20251027,Fashion,12.23
2025-10-27,Grocery_20251027,Grocery,0.0
2025-10-27,Home_Kitchen_20251027,Home & Kitchen,406.95
2025-10-27,Sports_20251027,Sports,268.17
2025-10-27,Toys_20251027,Toys,100.46
2025-10-28,Beauty_20251028,Beauty,90.73
2025-10-28,Books_20251028,Books,0.0
2025-10-28,Electronics_20251028,Electronics,0.0
2025-10-28,Fashion_20251028,Fashion,17.53
2025-10-28,Grocery_20251028,Grocery,23.16
2025-10-28,Home_Kitchen_20251028,Home & Kitchen,115.29
2025-10-28,Sports_20251028,Sports,0.0
2025-10-28,Toys_20251028,Toys,96.72
2025-10-29,Beauty_20251029,Beauty,0.0
2025-10-29,Books_20251029,Books,0.0
2025-10-29,Electronics_20251029,Electronics,0.0
2025-10-29,Fashion_20251029,Fashion,153.07
2025-10-29,Grocery_20251029,Grocery,0.0
2025-10-29,Home_Kitchen_20251029,Home & Kitchen,347.13
2025-10-29,Sports_20251029,Sports,75.99
2025-10-29,Toys_20251029,Toys,28.12
2025-10-30,Beauty_20251030,Beauty,39.11
2025-10-30,Books_20251030,Books,0.0
2025-10-30,Electronics_20251030,Electronics,53.83
2025-10-30,Fashion_20251030,Fashion,0.0
2025-10-30,Grocery_20251030,Grocery,7.0
2025-10-30,Home_Kitchen_20251030,Home & Kitchen,99.2
2025-10-30,Sports_20251030,Sports,0.0
2025-10-30,Toys_20251030,Toys,35.78
2025-10-31,Beauty_20251031,Beauty,73.5
2025-10-31,Books_20251031,Books,14.8
2025-10-31,Electronics_20251031,Electronics,211.42
2025-10-31,Fashion_20251031,Fashion,19.32
2025-10-31,Grocery_20251031,Grocery,8.23
2025-10-31,Home_Kitchen_20251031,Home & Kitchen,79.27
2025-10-31,Sports_20251031,Sports,45.05
2025-10-31,Toys_20251031,Toys,0.0
2025-11-01,Beauty_20251101,Beauty,21.23
2025-11-01,Books_20251101,Books,54.24
2025-11-01,Electronics_20251101,Electronics,258.8
2025-11-01,Fashion_20251101,Fashion,141.09
2025-11-01,Grocery_20251101,Grocery,0.0
2025-11-01,Home_Kitchen_20251101,Home & Kitchen,0.0
2025-11-01,Sports_20251101,Sports,126.58
2025-11-01,Toys_20251101,Toys,83.27
2025-11-02,Beauty_20251102,Beauty,0.0
2025-11-02,Books_20251102,Books,2.96
2025-11-02,Electronics_20251102,Electronics,85.22
2025-11-02,Fashion_20251102,Fashion,66.45
2025-11-02,Grocery_20251102,Grocery,16.62
2025-11-02,Home_Kitchen_20251102,Home & Kitchen,22.82
2025-11-02,Sports_20251102,Sports,18.58
2025-11-02,Toys_20251102,Toys,97.28
2025-11-03,Beauty_20251103,Beauty,0.0
2025-11-03,Books_20251103,Books,56.01
2025-11-03,Electronics_20251103,Electronics,0.0
2025-11-03,Fashion_20251103,Fashion,57.71
2025-11-03,Grocery_20251103,Grocery,24.19
2025-11-03,Home_Kitchen_20251103,Home & Kitchen,12.51
2025-11-03,Sports_20251103,Sports,106.08
2025-11-03,Toys_20251103,Toys,70.65
2025-11-04,Beauty_20251104,Beauty,8.29
2025-11-04,Books_20251104,Books,9.31
2025-11-04,Electronics_20251104,Electronics,0.0
2025-11-04,Fashion_20251104,Fashion,13.35
2025-11-04,Grocery_20251104,Grocery,0.0
2025-11-04,Home_Kitchen_20251104,Home & Kitchen,41.44
2025-11-04,Sports_20251104,Sports,39.6
2025-11-04,Toys_20251104,Toys,106.03
2025-11-05,Beauty_20251105,Beauty,0.0
2025-11-05,Books_20251105,Books,12.22
2025-11-05,Electronics_20251105,Electronics,139.26
2025-11-05,Fashion_20251105,Fashion,204.98
2025-11-05,Grocery_20251105,Grocery,24.86
2025-11-05,Home_Kitchen_20251105,Home & Kitchen,238.21
2025-11-05,Sports_20251105,Sports,115.29
2025-11-05,Toys_20251105,Toys,0.0
2025-11-06,Beauty_20251106,Beauty,0.0
2025-11-06,Books_20251106,Books,0.0
2025-11-06,Electronics_20251106,Electronics,0.0
2025-11-06,Fashion_20251106,Fashion,85.59
2025-11-06,Grocery_20251106,Grocery,0.0
2025-11-06,Home_Kitchen_20251106,Home & Kitchen,329.62
2025-11-06,Sports_20251106,Sports,25.01
2025-11-06,Toys_20251106,Toys,23.69
2025-11-07,Beauty_20251107,Beauty,32.05
2025-11-07,Books_20251107,Books,41.03
2025-11-07,Electronics_20251107,Electronics,46.26
2025-11-07,Fashion_20251107,Fashion,44.1
2025-11-07,Grocery_20251107,Grocery,4.26
2025-11-07,Home_Kitchen_20251107,Home & Kitchen,0.0
2025-11-07,Sports_20251107,Sports,100.69
2025-11-07,Toys_20251107,Toys,3.32
2025-11-08,Beauty_20251108,Beauty,2.87
2025-11-08,Books_20251108,Books,112.72
2025-11-08,Electronics_20251108,Electronics,0.0
2025-11-08,Fashion_20251108,Fashion,67.15
2025-11-08,Grocery_20251108,Grocery,0.0
2025-11-08,Home_Kitchen_20251108,Home & Kitchen,53.0
2025-11-08,Sports_20251108,Sports,52.98
2025-11-08,Toys_20251108,Toys,93.31
2025-11-09,Beauty_20251109,Beauty,16.43
2025-11-09,Books_20251109,Books,10.76
2025-11-09,Electronics_20251109,Electronics,62.42
2025-11-09,Fashion_20251109,Fashion,13.38
2025-11-09,Grocery_20251109,Grocery,23.12
2025-11-09,Home_Kitchen_20251109,Home & Kitchen,58.04
2025-11-09,Sports_20251109,Sports,0.0
2025-11-09,Toys_20251109,Toys,13.02
2025-11-10,Beauty_20251110,Beauty,36.19
2025-11-10,Books_20251110,Books,30.81
2025-11-10,Electronics_20251110,Electronics,102.32
2025-11-10,Fashion_20251110,Fashion,72.17
2025-11-10,Grocery_20251110,Grocery,8.26
2025-11-10,Home_Kitchen_20251110,Home & Kitchen,194.22
2025-11-10,Sports_20251110,Sports,28.2
2025-11-10,Toys_20251110,Toys,178.37
2025-11-11,Beauty_20251111,Beauty,6.94
2025-11-11,Books_20251111,Books,0.0
2025-11-11,Electronics_20251111,Electronics,55.17
2025-11-11,Fashion_20251111,Fashion,16.49
2025-11-11,Grocery_20251111,Grocery,22.84
2025-11-11,Home_Kitchen_20251111,Home & Kitchen,449.67
2025-11-11,Sports_20251111,Sports,0.0
2025-11-11,Toys_20251111,Toys,28.61
2025-11-12,Beauty_20251112,Beauty,0.0
2025-11-12,Books_20251112,Books,6.18
2025-11-12,Electronics_20251112,Electronics,287.23
2025-11-12,Fashion_20251112,Fashion,29.96
2025-11-12,Grocery_20251112,Grocery,42.41
2025-11-12,Home_Kitchen_20251112,Home & Kitchen,261.54
2025-11-12,Sports_20251112,Sports,0.0
2025-11-12,Toys_20251112,Toys,26.44
2025-11-13,Beauty_20251113,Beauty,0.0
2025-11-13,Books_20251113,Books,24.96
2025-11-13,Electronics_20251113,Electronics,11.33
2025-11-13,Fashion_20251113,Fashion,51.25
2025-11-13,Grocery_20251113,Grocery,11.87
2025-11-13,Home_Kitchen_20251113,Home & Kitchen,14.81
2025-11-13,Sports_20251113,Sports,151.53
2025-11-13,Toys_20251113,Toys,57.79
2025-11-14,Beauty_20251114,Beauty,0.0
2025-11-14,Books_20251114,Books,0.0
2025-11-14,Electronics_20251114,Electronics,0.0
2025-11-14,Fashion_20251114,Fashion,0.0
2025-11-14,Grocery_20251114,Grocery,9.37
2025-11-14,Home_Kitchen_20251114,Home & Kitchen,0.0
2025-11-14,Sports_20251114,Sports,107.18
2025-11-14,Toys_20251114,Toys,0.0
2025-11-15,Beauty_20251115,Beauty,63.43
2025-11-15,Books_20251115,Books,26.08
2025-11-15,Electronics_20251115,Electronics,173.05
2025-11-15,Fashion_20251115,Fashion,43.63
2025-11-15,Grocery_20251115,Grocery,22.47
2025-11-15,Home_Kitchen_20251115,Home & Kitchen,24.39
2025-11-15,Sports_20251115,Sports,0.0
2025-11-15,Toys_20251115,Toys,24.67
2025-11-16,Beauty_20251116,Beauty,0.0
2025-11-16,Books_20251116,Books,9.01
2025-11-16,Electronics_20251116,Electronics,0.0
2025-11-16,Fashion_20251116,Fashion,29.31
2025-11-16,Grocery_20251116,Grocery,0.0
2025-11-16,Home_Kitchen_20251116,Home & Kitchen,0.0
2025-11-16,Sports_20251116,Sports,171.75
2025-11-16,Toys_20251116,Toys,103.51
2025-11-17,Beauty_20251117,Beauty,42.1
2025-11-17,Books_20251117,Books,10.53
2025-11-17,Electronics_20251117,Electronics,70.5
2025-11-17,Fashion_20251117,Fashion,0.0
2025-11-17,Grocery_20251117,Grocery,18.45
2025-11-17,Home_Kitchen_20251117,Home & Kitchen,340.63
2025-11-17,Sports_20251117,Sports,0.0
2025-11-17,Toys_20251117,Toys,26.71
2025-11-18,Beauty_20251118,Beauty,15.0
2025-11-18,Books_20251118,Books,13.11
2025-11-18,Electronics_20251118,Electronics,133.07
2025-11-18,Fashion_20251118,Fashion,16.48
2025-11-18,Grocery_20251118,Grocery,16.7
2025-11-18,Home_Kitchen_20251118,Home & Kitchen,0.0
2025-11-18,Sports_20251118,Sports,28.24
2025-11-18,Toys_20251118,Toys,0.0
2025-11-19,Beauty_20251119,Beauty,12.67
2025-11-19,Books_20251119,Books,12.8
2025-11-19,Electronics_20251119,Electronics,57.18
2025-11-19,Fashion_20251119,Fashion,254.17
2025-11-19,Grocery_20251119,Grocery,26.08
2025-11-19,Home_Kitchen_20251119,Home & Kitchen,12.15
2025-11-19,Sports_20251119,Sports,39.04
2025-11-19,Toys_20251119,Toys,36.93
2025-11-20,Beauty_20251120,Beauty,137.24
2025-11-20,Books_20251120,Books,0.0
2025-11-20,Electronics_20251120,Electronics,186.91
2025-11-20,Fashion_20251120,Fashion,0.0
2025-11-20,Grocery_20251120,Grocery,0.0
2025-11-20,Home_Kitchen_20251120,Home & Kitchen,0.0
2025-11-20,Sports_20251120,Sports,33.74
2025-11-20,Toys_20251120,Toys,21.86
2025-11-21,Beauty_20251121,Beauty,45.83
2025-11-21,Books_20251121,Books,44.88
2025-11-21,Electronics_20251121,Electronics,152.23
2025-11-21,Fashion_20251121,Fashion,37.7
2025-11-21,Grocery_20251121,Grocery,0.0
2025-11-21,Home_Kitchen_20251121,Home & Kitchen,11.82
2025-11-21,Sports_20251121,Sports,0.0
2025-11-21,Toys_20251121,Toys,0.0
2025-11-22,Beauty_20251122,Beauty,0.0
2025-11-22,Books_20251122,Books,121.42
2025-11-22,Electronics_20251122,Electronics,13.55
2025-11-22,Fashion_20251122,Fashion,0.0
2025-11-22,Grocery_20251122,Grocery,34.86
2025-11-22,Home_Kitchen_20251122,Home & Kitchen,0.0
2025-11-22,Sports_20251122,Sports,28.16
2025-11-22,Toys_20251122,Toys,8.73
2025-11-23,Beauty_20251123,Beauty,57.65
2025-11-23,Books_20251123,Books,4.8
2025-11-23,Electronics_20251123,Electronics,165.2
2025-11-23,Fashion_20251123,Fashion,99.36
2025-11-23,Grocery_20251123,Grocery,11.19
2025-11-23,Home_Kitchen_20251123,Home & Kitchen,0.0
2025-11-23,Sports_20251123,Sports,198.57
2025-11-23,Toys_20251123,Toys,7.91
2025-11-24,Beauty_20251124,Beauty,66.75
2025-11-24,Books_20251124,Books,4.01
2025-11-24,Electronics_20251124,Electronics,46.29
2025-11-24,Fashion_20251124,Fashion,0.0
2025-11-24,Grocery_20251124,Grocery,15.76
2025-11-24,Home_Kitchen_20251124,Home & Kitchen,0.0
2025-11-24,Sports_20251124,Sports,82.55
2025-11-24,Toys_20251124,Toys,95.3
2025-11-25,Beauty_20251125,Beauty,50.78
2025-11-25,Books_20251125,Books,17.54
2025-11-25,Electronics_20251125,Electronics,83.79
2025-11-25,Fashion_20251125,Fashion,10.27
2025-11-25,Grocery_20251125,Grocery,0.0
2025-11-25,Home_Kitchen_20251125,Home & Kitchen,0.0
2025-11-25,Sports_20251125,Sports,4.17
2025-11-25,Toys_20251125,Toys,27.76
2025-11-26,Beauty_20251126,Beauty,0.0
2025-11-26,Books_20251126,Books,3.19
2025-11-26,Electronics_20251126,Electronics,91.34
2025-11-26,Fashion_20251126,Fashion,129.38
2025-11-26,Grocery_20251126,Grocery,22.72
2025-11-26,Home_Kitchen_20251126,Home & Kitchen,92.18
2025-11-26,Sports_20251126,Sports,220.29
2025-11-26,Toys_20251126,Toys,26.93
2025-11-27,Beauty_20251127,Beauty,91.59
2025-11-27,Books_20251127,Books,22.42
2025-11-27,Electronics_20251127,Electronics,62.89
2025-11-27,Fashion_20251127,Fashion,0.0
2025-11-27,Grocery_20251127,Grocery,1.73
2025-11-27,Home_Kitchen_20251127,Home & Kitchen,10.64
2025-11-27,Sports_20251127,Sports,96.87
2025-11-27,Toys_20251127,Toys,77.76
2025-11-28,Beauty_20251128,Beauty,6.58
2025-11-28,Books_20251128,Books,22.48
2025-11-28,Electronics_20251128,Electronics,92.85
2025-11-28,Fashion_20251128,Fashion,16.28
2025-11-28,Grocery_20251128,Grocery,17.63
2025-11-28,Home_Kitchen_20251128,Home & Kitchen,17.84
2025-11-28,Sports_20251128,Sports,24.03
2025-11-28,Toys_20251128,Toys,16.83
2025-11-29,Beauty_20251129,Beauty,25.16
2025-11-29,Books_20251129,Books,0.0
2025-11-29,Electronics_20251129,Electronics,230.97
2025-11-29,Fashion_20251129,Fashion,0.0
2025-11-29,Grocery_20251129,Grocery,30.26
2025-11-29,Home_Kitchen_20251129,Home & Kitchen,0.0
2025-11-29,Sports_20251129,Sports,124.57
2025-11-29,Toys_20251129,Toys,58.1
2025-11-30,Beauty_20251130,Beauty,51.9
2025-11-30,Books_20251130,Books,34.83
2025-11-30,Electronics_20251130,Electronics,126.38
2025-11-30,Fashion_20251130,Fashion,112.94
2025-11-30,Grocery_20251130,Grocery,2.45
2025-11-30,Home_Kitchen_20251130,Home & Kitchen,127.18
2025-11-30,Sports_20251130,Sports,40.76
2025-11-30,Toys_20251130,Toys,105.98
2025-12-01,Beauty_20251201,Beauty,0.0
2025-12-01,Books_20251201,Books,18.87
2025-12-01,Electronics_20251201,Electronics,660.54
2025-12-01,Fashion_20251201,Fashion,14.15
2025-12-01,Grocery_20251201,Grocery,6.24
2025-12-01,Home_Kitchen_20251201,Home & Kitchen,0.0
2025-12-01,Sports_20251201,Sports,47.14
2025-12-01,Toys_20251201,Toys,63.05
2025-12-02,Beauty_20251202,Beauty,23.78
2025-12-02,Books_20251202,Books,37.65
2025-12-02,Electronics_20251202,Electronics,22.02
2025-12-02,Fashion_20251202,Fashion,219.03
2025-12-02,Grocery_20251202,Grocery,65.1
2025-12-02,Home_Kitchen_20251202,Home & Kitchen,62.83
2025-12-02,Sports_20251202,Sports,30.5
2025-12-02,Toys_20251202,Toys,18.85
2025-12-03,Beauty_20251203,Beauty,0.0
2025-12-03,Books_20251203,Books,22.86
2025-12-03,Electronics_20251203,Electronics,0.0
2025-12-03,Fashion_20251203,Fashion,0.0
2025-12-03,Grocery_20251203,Grocery,17.08
2025-12-03,Home_Kitchen_20251203,Home & Kitchen,48.33
2025-12-03,Sports_20251203,Sports,0.0
2025-12-03,Toys_20251203,Toys,58.38
2025-12-04,Beauty_20251204,Beauty,13.79
2025-12-04,Books_20251204,Books,32.49
2025-12-04,Electronics_20251204,Electronics,46.76
2025-12-04,Fashion_20251204,Fashion,27.45
2025-12-04,Grocery_20251204,Grocery,0.0
2025-12-04,Home_Kitchen_20251204,Home & Kitchen,86.49
2025-12-04,Sports_20251204,Sports,0.0
2025-12-04,Toys_20251204,Toys,108.75
2025-12-05,Beauty_20251205,Beauty,0.0
2025-12-05,Books_20251205,Books,12.91
2025-12-05,Electronics_20251205,Electronics,10.76
2025-12-05,Fashion_20251205,Fashion,0.0
2025-12-05,Grocery_20251205,Grocery,8.6
2025-12-05,Home_Kitchen_20251205,Home & Kitchen,111.27
2025-12-05,Sports_20251205,Sports,30.72
2025-12-05,Toys_20251205,Toys,5.78
2025-12-06,Beauty_20251206,Beauty,98.71
2025-12-06,Books_20251206,Books,33.5
2025-12-06,Electronics_20251206,Electronics,143.84
2025-12-06,Fashion_20251206,Fashion,0.0
2025-12-06,Grocery_20251206,Grocery,27.16
2025-12-06,Home_Kitchen_20251206,Home & Kitchen,149.9
2025-12-06,Sports_20251206,Sports,242.21
2025-12-06,Toys_20251206,Toys,23.02
2025-12-07,Beauty_20251207,Beauty,67.47
2025-12-07,Books_20251207,Books,0.0
2025-12-07,Electronics_20251207,Electronics,59.22
2025-12-07,Fashion_20251207,Fashion,0.0
2025-12-07,Grocery_20251207,Grocery,59.0
2025-12-07,Home_Kitchen_20251207,Home & Kitchen,23.62
2025-12-07,Sports_20251207,Sports,169.51
2025-12-07,Toys_20251207,Toys,26.35
2025-12-08,Beauty_20251208,Beauty,0.0
2025-12-08,Books_20251208,Books,26.41
2025-12-08,Electronics_20251208,Electronics,0.0
2025-12-08,Fashion_20251208,Fashion,114.15
2025-12-08,Grocery_20251208,Grocery,10.67
2025-12-08,Home_Kitchen_20251208,Home & Kitchen,415.5
2025-12-08,Sports_20251208,Sports,193.12
2025-12-08,Toys_20251208,Toys,59.89
2025-12-09,Beauty_20251209,Beauty,69.71
2025-12-09,Books_20251209,Books,22.12
2025-12-09,Electronics_20251209,Electronics,212.44
2025-12-09,Fashion_20251209,Fashion,0.0
2025-12-09,Grocery_20251209,Grocery,0.0
2025-12-09,Home_Kitchen_20251209,Home & Kitchen,57.82
2025-12-09,Sports_20251209,Sports,0.0
2025-12-09,Toys_20251209,Toys,25.54
2025-12-10,Beauty_20251210,Beauty,20.74
2025-12-10,Books_20251210,Books,9.57
2025-12-10,Electronics_20251210,Electronics,277.05
2025-12-10,Fashion_20251210,Fashion,205.77
2025-12-10,Grocery_20251210,Grocery,19.82
2025-12-10,Home_Kitchen_20251210,Home & Kitchen,528.59
2025-12-10,Sports_20251210,Sports,31.73
2025-12-10,Toys_20251210,Toys,62.11
2025-12-11,Beauty_20251211,Beauty,7.2
2025-12-11,Books_20251211,Books,2.12
2025-12-11,Electronics_20251211,Electronics,0.0
2025-12-11,Fashion_20251211,Fashion,87.73
2025-12-11,Grocery_20251211,Grocery,21.38
2025-12-11,Home_Kitchen_20251211,Home & Kitchen,190.65
2025-12-11,Sports_20251211,Sports,162.97
2025-12-11,Toys_20251211,Toys,48.19
2025-12-12,Beauty_20251212,Beauty,0.0
2025-12-12,Books_20251212,Books,34.16
2025-12-12,Electronics_20251212,Electronics,0.0
2025-12-12,Fashion_20251212,Fashion,61.97
2025-12-12,Grocery_20251212,Grocery,3.14
2025-12-12,Home_Kitchen_20251212,Home & Kitchen,18.1
2025-12-12,Sports_20251212,Sports,88.63
2025-12-12,Toys_20251212,Toys,9.42
2025-12-13,Beauty_20251213,Beauty,0.0
2025-12-13,Books_20251213,Books,49.69
2025-12-13,Electronics_20251213,Electronics,121.2
2025-12-13,Fashion_20251213,Fashion,0.0
2025-12-13,Grocery_20251213,Grocery,0.0
2025-12-13,Home_Kitchen_20251213,Home & Kitchen,12.38
2025-12-13,Sports_20251213,Sports,0.0
2025-12-13,Toys_20251213,Toys,37.74
2025-12-14,Beauty_20251214,Beauty,21.31
2025-12-14,Books_20251214,Books,57.41
2025-12-14,Electronics_20251214,Electronics,0.0
2025-12-14,Fashion_20251214,Fashion,0.0
2025-12-14,Grocery_20251214,Grocery,4.98
2025-12-14,Home_Kitchen_20251214,Home & Kitchen,59.06
2025-12-14,Sports_20251214,Sports,91.9
2025-12-14,Toys_20251214,Toys,72.13
2025-12-15,Beauty_20251215,Beauty,20.94
2025-12-15,Books_20251215,Books,0.0
2025-12-15,Electronics_20251215,Electronics,0.0
2025-12-15,Fashion_20251215,Fashion,68.45
2025-12-15,Grocery_20251215,Grocery,31.8
2025-12-15,Home_Kitchen_20251215,Home & Kitchen,25.73
2025-12-15,Sports_20251215,Sports,210.99
2025-12-15,Toys_20251215,Toys,0.0
2025-12-16,Beauty_20251216,Beauty,12.19
2025-12-16,Books_20251216,Books,27.99
2025-12-16,Electronics_20251216,Electronics,86.0
2025-12-16,Fashion_20251216,Fashion,0.0
2025-12-16,Grocery_20251216,Grocery,16.1
2025-12-16,Home_Kitchen_20251216,Home & Kitchen,170.92
2025-12-16,Sports_20251216,Sports,150.83
2025-12-16,Toys_20251216,Toys,19.79
2025-12-17,Beauty_20251217,Beauty,11.04
2025-12-17,Books_20251217,Books,84.2
2025-12-17,Electronics_20251217,Electronics,142.96
2025-12-17,Fashion_20251217,Fashion,6.54
2025-12-17,Grocery_20251217,Grocery,9.43
2025-12-17,Home_Kitchen_20251217,Home & Kitchen,0.0
2025-12-17,Sports_20251217,Sports,14.49
2025-12-17,Toys_20251217,Toys,0.0
2025-12-18,Beauty_20251218,Beauty,0.0
2025-12-18,Books_20251218,Books,2.29
2025-12-18,Electronics_20251218,Electronics,118.66
2025-12-18,Fashion_20251218,Fashion,200.93
2025-12-18,Grocery_20251218,Grocery,12.83
2025-12-18,Home_Kitchen_20251218,Home & Kitchen,336.93
2025-12-18,Sports_20251218,Sports,0.0
2025-12-18,Toys_20251218,Toys,3.6
2025-12-19,Beauty_20251219,Beauty,15.72
2025-12-19,Books_20251219,Books,6.01
2025-12-19,Electronics_20251219,Electronics,23.32
2025-12-19,Fashion_20251219,Fashion,51.3
2025-12-19,Grocery_20251219,Grocery,42.96
2025-12-19,Home_Kitchen_20251219,Home & Kitchen,297.3
2025-12-19,Sports_20251219,Sports,13.48
2025-12-19,Toys_20251219,Toys,101.16
2025-12-20,Beauty_20251220,Beauty,2.38
2025-12-20,Books_20251220,Books,0.0
2025-12-20,Electronics_20251220,Electronics,0.0
2025-12-20,Fashion_20251220,Fashion,13.18
2025-12-20,Grocery_20251220,Grocery,9.22
2025-12-20,Home_Kitchen_20251220,Home & Kitchen,0.0
2025-12-20,Sports_20251220,Sports,0.0
2025-12-20,Toys_20251220,Toys,10.12
2025-12-21,Beauty_20251221,Beauty,20.99
2025-12-21,Books_20251221,Books,5.26
2025-12-21,Electronics_20251221,Electronics,64.62
2025-12-21,Fashion_20251221,Fashion,202.29
2025-12-21,Grocery_20251221,Grocery,9.55
2025-12-21,Home_Kitchen_20251221,Home & Kitchen,0.0
2025-12-21,Sports_20251221,Sports,204.44
2025-12-21,Toys_20251221,Toys,13.68
2025-12-22,Beauty_20251222,Beauty,8.1
2025-12-22,Books_20251222,Books,19.38
2025-12-22,Electronics_20251222,Electronics,130.79
2025-12-22,Fashion_20251222,Fashion,60.63
2025-12-22,Grocery_20251222,Grocery,0.0
2025-12-22,Home_Kitchen_20251222,Home & Kitchen,60.2
2025-12-22,Sports_20251222,Sports,81.9
2025-12-22,Toys_20251222,Toys,18.26
2025-12-23,Beauty_20251223,Beauty,51.15
2025-12-23,Books_20251223,Books,39.56
2025-12-23,Electronics_20251223,Electronics,0.0
2025-12-23,Fashion_20251223,Fashion,18.84
2025-12-23,Grocery_20251223,Grocery,0.0
2025-12-23,Home_Kitchen_20251223,Home & Kitchen,12.36
2025-12-23,Sports_20251223,Sports,104.8
2025-12-23,Toys_20251223,Toys,27.58
2025-12-24,Beauty_20251224,Beauty,15.64
2025-12-24,Books_20251224,Books,53.58
2025-12-24,Electronics_20251224,Electronics,235.06
2025-12-24,Fashion_20251224,Fashion,27.68
2025-12-24,Grocery_20251224,Grocery,29.51
2025-12-24,Home_Kitchen_20251224,Home & Kitchen,0.0
2025-12-24,Sports_20251224,Sports,14.24
2025-12-24,Toys_20251224,Toys,0.0
2025-12-25,Beauty_20251225,Beauty,7.44
2025-12-25,Books_20251225,Books,25.3
2025-12-25,Electronics_20251225,Electronics,0.0
2025-12-25,Fashion_20251225,Fashion,0.0
2025-12-25,Grocery_20251225,Grocery,68.24
2025-12-25,Home_Kitchen_20251225,Home & Kitchen,0.0
2025-12-25,Sports_20251225,Sports,59.69
2025-12-25,Toys_20251225,Toys,0.0
2025-12-26,Beauty_20251226,Beauty,117.76
2025-12-26,Books_20251226,Books,37.13
2025-12-26,Electronics_20251226,Electronics,0.0
2025-12-26,Fashion_20251226,Fashion,57.72
2025-12-26,Grocery_20251226,Grocery,0.0
2025-12-26,Home_Kitchen_20251226,Home & Kitchen,159.42
2025-12-26,Sports_20251226,Sports,89.11
2025-12-26,Toys_20251226,Toys,0.0
2025-12-27,Beauty_20251227,Beauty,0.0
2025-12-27,Books_20251227,Books,30.53
2025-12-27,Electronics_20251227,Electronics,0.0
2025-12-27,Fashion_20251227,Fashion,124.99
2025-12-27,Grocery_20251227,Grocery,0.0
2025-12-27,Home_Kitchen_20251227,Home & Kitchen,159.98
2025-12-27,Sports_20251227,Sports,10.66
2025-12-27,Toys_20251227,Toys,28.57
2025-12-28,Beauty_20251228,Beauty,10.19
2025-12-28,Books_20251228,Books,10.19
2025-12-28,Electronics_20251228,Electronics,37.4
2025-12-28,Fashion_20251228,Fashion,0.0
2025-12-28,Grocery_20251228,Grocery,0.0
2025-12-28,Home_Kitchen_20251228,Home & Kitchen,14.14
2025-12-28,Sports_20251228,Sports,0.0
2025-12-28,Toys_20251228,Toys,43.94
2025-12-29,Beauty_20251229,Beauty,0.0
2025-12-29,Books_20251229,Books,0.0
2025-12-29,Electronics_20251229,Electronics,15.85
2025-12-29,Fashion_20251229,Fashion,0.0
2025-12-29,Grocery_20251229,Grocery,0.0
2025-12-29,Home_Kitchen_20251229,Home & Kitchen,0.0
2025-12-29,Sports_20251229,Sports,99.4
2025-12-29,Toys_20251229,Toys,85.0
2025-12-30,Beauty_20251230,Beauty,25.69
2025-12-30,Books_20251230,Books,6.45
2025-12-30,Electronics_20251230,Electronics,324.47
2025-12-30,Fashion_20251230,Fashion,53.12
2025-12-30,Grocery_20251230,Grocery,3.14
2025-12-30,Home_Kitchen_20251230,Home & Kitchen,41.53
2025-12-30,Sports_20251230,Sports,21.79
2025-12-30,Toys_20251230,Toys,43.39
2025-12-31,Beauty_20251231,Beauty,37.02
2025-12-31,Books_20251231,Books,0.0
2025-12-31,Electronics_20251231,Electronics,99.18
2025-12-31,Fashion_20251231,Fashion,0.0
2025-12-31,Grocery_20251231,Grocery,8.11
2025-12-31,Home_Kitchen_20251231,Home & Kitchen,27.33
2025-12-31,Sports_20251231,Sports,127.91
2025-12-31,Toys_20251231,Toys,100.71
2026-01-01,Beauty_20260101,Beauty,12.63
2026-01-01,Books_20260101,Books,71.27
2026-01-01,Electronics_20260101,Electronics,13.83
2026-01-01,Fashion_20260101,Fashion,317.17
2026-01-01,Grocery_20260101,Grocery,26.58
2026-01-01,Home_Kitchen_20260101,Home & Kitchen,163.45
2026-01-01,Sports_20260101,Sports,187.97
2026-01-01,Toys_20260101,Toys,0.0
2026-01-02,Beauty_20260102,Beauty,9.86
2026-01-02,Books_20260102,Books,7.55
2026-01-02,Electronics_20260102,Electronics,175.14
2026-01-02,Fashion_20260102,Fashion,3.57
2026-01-02,Grocery_20260102,Grocery,0.0
2026-01-02,Home_Kitchen_20260102,Home & Kitchen,0.0
2026-01-02,Sports_20260102,Sports,50.35
2026-01-02,Toys_20260102,Toys,0.0
2026-01-03,Beauty_20260103,Beauty,82.1
2026-01-03,Books_20260103,Books,46.9
2026-01-03,Electronics_20260103,Electronics,39.18
2026-01-03,Fashion_20260103,Fashion,44.58
2026-01-03,Grocery_20260103,Grocery,0.0
2026-01-03,Home_Kitchen_20260103,Home & Kitchen,5.82
2026-01-03,Sports_20260103,Sports,64.23
2026-01-03,Toys_20260103,Toys,76.44
2026-01-04,Beauty_20260104,Beauty,2.06
2026-01-04,Books_20260104,Books,13.9
2026-01-04,Electronics_20260104,Electronics,56.52
2026-01-04,Fashion_20260104,Fashion,0.0
2026-01-04,Grocery_20260104,Grocery,14.91
2026-01-04,Home_Kitchen_20260104,Home & Kitchen,203.83
2026-01-04,Sports_20260104,Sports,0.0
2026-01-04,Toys_20260104,Toys,118.73
2026-01-05,Beauty_20260105,Beauty,45.92
2026-01-05,Books_20260105,Books,43.52
2026-01-05,Electronics_20260105,Electronics,150.05
2026-01-05,Fashion_20260105,Fashion,0.0
2026-01-05,Grocery_20260105,Grocery,14.06
2026-01-05,Home_Kitchen_20260105,Home & Kitchen,292.13
2026-01-05,Sports_20260105,Sports,58.77
2026-01-05,Toys_20260105,Toys,0.0
2026-01-06,Beauty_20260106,Beauty,12.25
2026-01-06,Books_20260106,Books,0.0
2026-01-06,Electronics_20260106,Electronics,18.2
2026-01-06,Fashion_20260106,Fashion,0.0
2026-01-06,Grocery_20260106,Grocery,0.0
2026-01-06,Home_Kitchen_20260106,Home & Kitchen,0.0
2026-01-06,Sports_20260106,Sports,121.83
2026-01-06,Toys_20260106,Toys,136.59
2026-01-07,Beauty_20260107,Beauty,0.0
2026-01-07,Books_20260107,Books,0.0
2026-01-07,Electronics_20260107,Electronics,0.0
2026-01-07,Fashion_20260107,Fashion,31.05
2026-01-07,Grocery_20260107,Grocery,9.95
2026-01-07,Home_Kitchen_20260107,Home & Kitchen,24.32
2026-01-07,Sports_20260107,Sports,26.98
2026-01-07,Toys_20260107,Toys,70.88
2026-01-08,Beauty_20260108,Beauty,43.78
2026-01-08,Books_20260108,Books,41.36
2026-01-08,Electronics_20260108,Electronics,84.06
2026-01-08,Fashion_20260108,Fashion,57.11
2026-01-08,Grocery_20260108,Grocery,11.49
2026-01-08,Home_Kitchen_20260108,Home & Kitchen,157.41
2026-01-08,Sports_20260108,Sports,0.0
2026-01-08,Toys_20260108,Toys,33.43
2026-01-09,Beauty_20260109,Beauty,0.0
2026-01-09,Books_20260109,Books,57.59
2026-01-09,Electronics_20260109,Electronics,0.0
2026-01-09,Fashion_20260109,Fashion,38.47
2026-01-09,Grocery_20260109,Grocery,0.0
2026-01-09,Home_Kitchen_20260109,Home & Kitchen,108.52
2026-01-09,Sports_20260109,Sports,103.19
2026-01-09,Toys_20260109,Toys,112.3
2026-01-10,Beauty_20260110,Beauty,39.07
2026-01-10,Books_20260110,Books,0.0
2026-01-10,Electronics_20260110,Electronics,0.0
2026-01-10,Fashion_20260110,Fashion,0.0
2026-01-10,Grocery_20260110,Grocery,0.0
2026-01-10,Home_Kitchen_20260110,Home & Kitchen,0.0
2026-01-10,Sports_20260110,Sports,0.0
2026-01-10,Toys_20260110,Toys,0.0
2026-01-11,Beauty_20260111,Beauty,0.0
2026-01-11,Books_20260111,Books,11.01
2026-01-11,Electronics_20260111,Electronics,0.0
2026-01-11,Fashion_20260111,Fashion,128.18
2026-01-11,Grocery_20260111,Grocery,17.84
2026-01-11,Home_Kitchen_20260111,Home & Kitchen,0.0
2026-01-11,Sports_20260111,Sports,45.98
2026-01-11,Toys_20260111,Toys,183.91
2026-01-12,Beauty_20260112,Beauty,13.67
2026-01-12,Books_20260112,Books,54.62
2026-01-12,Electronics_20260112,Electronics,100.4
2026-01-12,Fashion_20260112,Fashion,25.45
2026-01-12,Grocery_20260112,Grocery,8.43
2026-01-12,Home_Kitchen_20260112,Home & Kitchen,96.32
2026-01-12,Sports_20260112,Sports,42.73
2026-01-12,Toys_20260112,Toys,92.28
2026-01-13,Beauty_20260113,Beauty,0.0
2026-01-13,Books_20260113,Books,20.69
2026-01-13,Electronics_20260113,Electronics,18.36
2026-01-13,Fashion_20260113,Fashion,165.73
2026-01-13,Grocery_20260113,Grocery,57.3
2026-01-13,Home_Kitchen_20260113,Home & Kitchen,25.8
2026-01-13,Sports_20260113,Sports,0.0
2026-01-13,Toys_20260113,Toys,0.0
2026-01-14,Beauty_20260114,Beauty,15.29
2026-01-14,Books_20260114,Books,0.0
2026-01-14,Electronics_20260114,Electronics,51.97
2026-01-14,Fashion_20260114,Fashion,245.71
2026-01-14,Grocery_20260114,Grocery,0.0
2026-01-14,Home_Kitchen_20260114,Home & Kitchen,65.5
2026-01-14,Sports_20260114,Sports,58.39
2026-01-14,Toys_20260114,Toys,56.07
2026-01-15,Beauty_20260115,Beauty,56.5
2026-01-15,Books_20260115,Books,12.13
2026-01-15,Electronics_20260115,Electronics,20.42
2026-01-15,Fashion_20260115,Fashion,0.0
2026-01-15,Grocery_20260115,Grocery,0.0
2026-01-15,Home_Kitchen_20260115,Home & Kitchen,123.76
2026-01-15,Sports_20260115,Sports,81.12
2026-01-15,Toys_20260115,Toys,79.56
2026-01-16,Beauty_20260116,Beauty,0.0
2026-01-16,Books_20260116,Books,38.42
2026-01-16,Electronics_20260116,Electronics,0.0
2026-01-16,Fashion_20260116,Fashion,237.46
2026-01-16,Grocery_20260116,Grocery,0.0
2026-01-16,Home_Kitchen_20260116,Home & Kitchen,47.42
2026-01-16,Sports_20260116,Sports,8.29
2026-01-16,Toys_20260116,Toys,0.0
2026-01-17,Beauty_20260117,Beauty,93.61
2026-01-17,Books_20260117,Books,9.77
2026-01-17,Electronics_20260117,Electronics,0.0
2026-01-17,Fashion_20260117,Fashion,26.14
2026-01-17,Grocery_20260117,Grocery,6.16
2026-01-17,Home_Kitchen_20260117,Home & Kitchen,54.23
2026-01-17,Sports_20260117,Sports,0.0
2026-01-17,Toys_20260117,Toys,105.44
2026-01-18,Beauty_20260118,Beauty,0.0
2026-01-18,Books_20260118,Books,27.12
2026-01-18,Electronics_20260118,Electronics,107.66
2026-01-18,Fashion_20260118,Fashion,112.47
2026-01-18,Grocery_20260118,Grocery,0.0
2026-01-18,Home_Kitchen_20260118,Home & Kitchen,3.55
2026-01-18,Sports_20260118,Sports,149.11
2026-01-18,Toys_20260118,Toys,50.18
2026-01-19,Beauty_20260119,Beauty,25.31
2026-01-19,Books_20260119,Books,3.79
2026-01-19,Electronics_20260119,Electronics,133.22
2026-01-19,Fashion_20260119,Fashion,108.78
2026-01-19,Grocery_20260119,Grocery,15.24
2026-01-19,Home_Kitchen_20260119,Home & Kitchen,0.0
2026-01-19,Sports_20260119,Sports,67.44
2026-01-19,Toys_20260119,Toys,0.0
2026-01-20,Beauty_20260120,Beauty,13.99
2026-01-20,Books_20260120,Books,38.78
2026-01-20,Electronics_20260120,Electronics,160.91
2026-01-20,Fashion_20260120,Fashion,0.0
2026-01-20,Grocery_20260120,Grocery,73.19
2026-01-20,Home_Kitchen_20260120,Home & Kitchen,111.91
2026-01-20,Sports_20260120,Sports,38.27
2026-01-20,Toys_20260120,Toys,131.49
2026-01-21,Beauty_20260121,Beauty,27.02
2026-01-21,Books_20260121,Books,27.26
2026-01-21,Electronics_20260121,Electronics,252.41
2026-01-21,Fashion_20260121,Fashion,101.33
2026-01-21,Grocery_20260121,Grocery,17.11
2026-01-21,Home_Kitchen_20260121,Home & Kitchen,84.17
2026-01-21,Sports_20260121,Sports,27.5
2026-01-21,Toys_20260121,Toys,29.59
2026-01-22,Beauty_20260122,Beauty,30.35
2026-01-22,Books_20260122,Books,0.0
2026-01-22,Electronics_20260122,Electronics,0.0
2026-01-22,Fashion_20260122,Fashion,207.48
2026-01-22,Grocery_20260122,Grocery,0.0
2026-01-22,Home_Kitchen_20260122,Home & Kitchen,105.59
2026-01-22,Sports_20260122,Sports,6.45
2026-01-22,Toys_20260122,Toys,19.1
2026-01-23,Beauty_20260123,Beauty,10.98
2026-01-23,Books_20260123,Books,40.22
2026-01-23,Electronics_20260123,Electronics,65.19
2026-01-23,Fashion_20260123,Fashion,0.0
2026-01-23,Grocery_20260123,Grocery,40.55
2026-01-23,Home_Kitchen_20260123,Home & Kitchen,48.06
2026-01-23,Sports_20260123,Sports,0.0
2026-01-23,Toys_20260123,Toys,0.0
2026-01-24,Beauty_20260124,Beauty,13.52
2026-01-24,Books_20260124,Books,0.0
2026-01-24,Electronics_20260124,Electronics,0.0
2026-01-24,Fashion_20260124,Fashion,0.0
2026-01-24,Grocery_20260124,Grocery,0.0
2026-01-24,Home_Kitchen_20260124,Home & Kitchen,222.3
2026-01-24,Sports_20260124,Sports,0.0
2026-01-24,Toys_20260124,Toys,15.61
2026-01-25,Beauty_20260125,Beauty,11.65
2026-01-25,Books_20260125,Books,0.0
2026-01-25,Electronics_20260125,Electronics,30.41
2026-01-25,Fashion_20260125,Fashion,0.0
2026-01-25,Grocery_20260125,Grocery,0.0
2026-01-25,Home_Kitchen_20260125,Home & Kitchen,23.97
2026-01-25,Sports_20260125,Sports,98.63
2026-01-25,Toys_20260125,Toys,19.57
2026-01-26,Beauty_20260126,Beauty,36.5
2026-01-26,Books_20260126,Books,13.31
2026-01-26,Electronics_20260126,Electronics,11.3
2026-01-26,Fashion_20260126,Fashion,78.08
2026-01-26,Grocery_20260126,Grocery,0.0
2026-01-26,Home_Kitchen_20260126,Home & Kitchen,38.59
2026-01-26,Sports_20260126,Sports,0.0
2026-01-26,Toys_20260126,Toys,58.64
2026-01-27,Beauty_20260127,Beauty,11.68
2026-01-27,Books_20260127,Books,12.53
2026-01-27,Electronics_20260127,Electronics,255.37
2026-01-27,Fashion_20260127,Fashion,53.47
2026-01-27,Grocery_20260127,Grocery,43.88
2026-01-27,Home_Kitchen_20260127,Home & Kitchen,107.69
2026-01-27,Sports_20260127,Sports,20.4
2026-01-27,Toys_20260127,Toys,54.88
2026-01-28,Beauty_20260128,Beauty,30.26
2026-01-28,Books_20260128,Books,0.0
2026-01-28,Electronics_20260128,Electronics,0.0
2026-01-28,Fashion_20260128,Fashion,35.17
2026-01-28,Grocery_20260128,Grocery,0.0
2026-01-28,Home_Kitchen_20260128,Home & Kitchen,58.23
2026-01-28,Sports_20260128,Sports,115.51
2026-01-28,Toys_20260128,Toys,88.47
2026-01-29,Beauty_20260129,Beauty,0.0
2026-01-29,Books_20260129,Books,1.72
2026-01-29,Electronics_20260129,Electronics,0.0
2026-01-29,Fashion_20260129,Fashion,9.31
2026-01-29,Grocery_20260129,Grocery,0.0
2026-01-29,Home_Kitchen_20260129,Home & Kitchen,0.0
2026-01-29,Sports_20260129,Sports,0.0
2026-01-29,Toys_20260129,Toys,0.0
2026-01-30,Beauty_20260130,Beauty,30.97
2026-01-30,Books_20260130,Books,22.36
2026-01-30,Electronics_20260130,Electronics,57.38
2026-01-30,Fashion_20260130,Fashion,51.47
2026-01-30,Grocery_20260130,Grocery,0.0
2026-01-30,Home_Kitchen_20260130,Home & Kitchen,0.0
2026-01-30,Sports_20260130,Sports,42.95
2026-01-30,Toys_20260130,Toys,11.16
2026-01-31,Beauty_20260131,Beauty,0.0
2026-01-31,Books_20260131,Books,27.58
2026-01-31,Electronics_20260131,Electronics,0.0
2026-01-31,Fashion_20260131,Fashion,161.39
2026-01-31,Grocery_20260131,Grocery,5.87
2026-01-31,Home_Kitchen_20260131,Home & Kitchen,343.07
2026-01-31,Sports_20260131,Sports,10.42
2026-01-31,Toys_20260131,Toys,316.46
2026-02-01,Beauty_20260201,Beauty,57.66
2026-02-01,Books_20260201,Books,0.0
2026-02-01,Electronics_20260201,Electronics,106.56
2026-02-01,Fashion_20260201,Fashion,48.75
2026-02-01,Grocery_20260201,Grocery,41.38
2026-02-01,Home_Kitchen_20260201,Home & Kitchen,0.0
2026-02-01,Sports_20260201,Sports,49.62
2026-02-01,Toys_20260201,Toys,28.37
2026-02-02,Beauty_20260202,Beauty,0.0
2026-02-02,Books_20260202,Books,5.55
2026-02-02,Electronics_20260202,Electronics,0.0
2026-02-02,Fashion_20260202,Fashion,41.96
2026-02-02,Grocery_20260202,Grocery,0.0
2026-02-02,Home_Kitchen_20260202,Home & Kitchen,5.0
2026-02-02,Sports_20260202,Sports,55.1
2026-02-02,Toys_20260202,Toys,28.77
2026-02-03,Beauty_20260203,Beauty,6.1
2026-02-03,Books_20260203,Books,0.0
2026-02-03,Electronics_20260203,Electronics,0.0
2026-02-03,Fashion_20260203,Fashion,0.0
2026-02-03,Grocery_20260203,Grocery,6.41
2026-02-03,Home_Kitchen_20260203,Home & Kitchen,87.9
2026-02-03,Sports_20260203,Sports,106.79
2026-02-03,Toys_20260203,Toys,36.12
2026-02-04,Beauty_20260204,Beauty,0.0
2026-02-04,Books_20260204,Books,0.0
2026-02-04,Electronics_20260204,Electronics,263.82
2026-02-04,Fashion_20260204,Fashion,0.0
2026-02-04,Grocery_20260204,Grocery,33.16
2026-02-04,Home_Kitchen_20260204,Home & Kitchen,0.0
2026-02-04,Sports_20260204,Sports,72.89
2026-02-04,Toys_20260204,Toys,0.0
2026-02-05,Beauty_20260205,Beauty,4.05
2026-02-05,Books_20260205,Books,20.58
2026-02-05,Electronics_20260205,Electronics,366.81
2026-02-05,Fashion_20260205,Fashion,0.0
2026-02-05,Grocery_20260205,Grocery,21.59
2026-02-05,Home_Kitchen_20260205,Home & Kitchen,48.61
2026-02-05,Sports_20260205,Sports,88.28
2026-02-05,Toys_20260205,Toys,41.3
2026-02-06,Beauty_20260206,Beauty,11.75
2026-02-06,Books_20260206,Books,34.86
2026-02-06,Electronics_20260206,Electronics,236.57
2026-02-06,Fashion_20260206,Fashion,17.5
2026-02-06,Grocery_20260206,Grocery,39.68
2026-02-06,Home_Kitchen_20260206,Home & Kitchen,0.0
2026-02-06,Sports_20260206,Sports,41.82
2026-02-06,Toys_20260206,Toys,67.07
2026-02-07,Beauty_20260207,Beauty,31.52
2026-02-07,Books_20260207,Books,0.0
2026-02-07,Electronics_20260207,Electronics,0.0
2026-02-07,Fashion_20260207,Fashion,72.59
2026-02-07,Grocery_20260207,Grocery,25.46
2026-02-07,Home_Kitchen_20260207,Home & Kitchen,408.12
2026-02-07,Sports_20260207,Sports,0.0
2026-02-07,Toys_20260207,Toys,0.0
2026-02-08,Beauty_20260208,Beauty,17.16
2026-02-08,Books_20260208,Books,43.35
2026-02-08,Electronics_20260208,Electronics,0.0
2026-02-08,Fashion_20260208,Fashion,110.64
2026-02-08,Grocery_20260208,Grocery,0.0
2026-02-08,Home_Kitchen_20260208,Home & Kitchen,48.52
2026-02-08,Sports_20260208,Sports,28.62
2026-02-08,Toys_20260208,Toys,24.9
2026-02-09,Beauty_20260209,Beauty,39.36
2026-02-09,Books_20260209,Books,38.35
2026-02-09,Electronics_20260209,Electronics,64.43
2026-02-09,Fashion_20260209,Fashion,0.0
2026-02-09,Grocery_20260209,Grocery,31.66
2026-02-09,Home_Kitchen_20260209,Home & Kitchen,30.26
2026-02-09,Sports_20260209,Sports,42.49
2026-02-09,Toys_20260209,Toys,0.0
2026-02-10,Beauty_20260210,Beauty,11.86
2026-02-10,Books_20260210,Books,2.0
2026-02-10,Electronics_20260210,Electronics,0.0
2026-02-10,Fashion_20260210,Fashion,32.81
2026-02-10,Grocery_20260210,Grocery,1.76
2026-02-10,Home_Kitchen_20260210,Home & Kitchen,82.94
2026-02-10,Sports_20260210,Sports,110.14
2026-02-10,Toys_20260210,Toys,0.0
2026-02-11,Beauty_20260211,Beauty,0.0
2026-02-11,Books_20260211,Books,18.45
2026-02-11,Electronics_20260211,Electronics,247.42
2026-02-11,Fashion_20260211,Fashion,0.0
2026-02-11,Grocery_20260211,Grocery,0.0
2026-02-11,Home_Kitchen_20260211,Home & Kitchen,0.0
2026-02-11,Sports_20260211,Sports,28.5
2026-02-11,Toys_20260211,Toys,0.0
2026-02-12,Beauty_20260212,Beauty,17.58
2026-02-12,Books_20260212,Books,51.31
2026-02-12,Electronics_20260212,Electronics,65.44
2026-02-12,Fashion_20260212,Fashion,55.97
2026-02-12,Grocery_20260212,Grocery,6.25
2026-02-12,Home_Kitchen_20260212,Home & Kitchen,50.3
2026-02-12,Sports_20260212,Sports,0.0
2026-02-12,Toys_20260212,Toys,33.29
2026-02-13,Beauty_20260213,Beauty,0.0
2026-02-13,Books_20260213,Books,0.0
2026-02-13,Electronics_20260213,Electronics,50.56
2026-02-13,Fashion_20260213,Fashion,42.19
2026-02-13,Grocery_20260213,Grocery,0.0
2026-02-13,Home_Kitchen_20260213,Home & Kitchen,175.88
2026-02-13,Sports_20260213,Sports,0.0
2026-02-13,Toys_20260213,Toys,3.34
2026-02-14,Beauty_20260214,Beauty,32.83
2026-02-14,Books_20260214,Books,0.0
2026-02-14,Electronics_20260214,Electronics,0.0
2026-02-14,Fashion_20260214,Fashion,37.48
2026-02-14,Grocery_20260214,Grocery,7.89
2026-02-14,Home_Kitchen_20260214,Home & Kitchen,337.64
2026-02-14,Sports_20260214,Sports,137.26
2026-02-14,Toys_20260214,Toys,18.62
2026-02-15,Beauty_20260215,Beauty,0.0
2026-02-15,Books_20260215,Books,0.0
2026-02-15,Electronics_20260215,Electronics,0.0
2026-02-15,Fashion_20260215,Fashion,14.14
2026-02-15,Grocery_20260215,Grocery,0.0
2026-02-15,Home_Kitchen_20260215,Home & Kitchen,64.0
2026-02-15,Sports_20260215,Sports,65.93
2026-02-15,Toys_20260215,Toys,9.77
2026-02-16,Beauty_20260216,Beauty,0.0
2026-02-16,Books_20260216,Books,23.42
2026-02-16,Electronics_20260216,Electronics,115.0
2026-02-16,Fashion_20260216,Fashion,18.38
2026-02-16,Grocery_20260216,Grocery,8.14
2026-02-16,Home_Kitchen_20260216,Home & Kitchen,0.0
2026-02-16,Sports_20260216,Sports,0.0
2026-02-16,Toys_20260216,Toys,62.89
2026-02-17,Beauty_20260217,Beauty,38.18
2026-02-17,Books_20260217,Books,3.23
2026-02-17,Electronics_20260217,Electronics,137.55
2026-02-17,Fashion_20260217,Fashion,107.93
2026-02-17,Grocery_20260217,Grocery,2.11
2026-02-17,Home_Kitchen_20260217,Home & Kitchen,0.0
2026-02-17,Sports_20260217,Sports,0.0
2026-02-17,Toys_20260217,Toys,17.02
2026-02-18,Beauty_20260218,Beauty,54.06
2026-02-18,Books_20260218,Books,15.11
2026-02-18,Electronics_20260218,Electronics,39.83
2026-02-18,Fashion_20260218,Fashion,80.64
2026-02-18,Grocery_20260218,Grocery,13.54
2026-02-18,Home_Kitchen_20260218,Home & Kitchen,0.0
2026-02-18,Sports_20260218,Sports,0.0
2026-02-18,Toys_20260218,Toys,0.0
2026-02-19,Beauty_20260219,Beauty,33.49
2026-02-19,Books_20260219,Books,22.73
2026-02-19,Electronics_20260219,Electronics,189.07
2026-02-19,Fashion_20260219,Fashion,0.0
2026-02-19,Grocery_20260219,Grocery,2.78
2026-02-19,Home_Kitchen_20260219,Home & Kitchen,0.0
2026-02-19,Sports_20260219,Sports,37.14
2026-02-19,Toys_20260219,Toys,0.0
2026-02-20,Beauty_20260220,Beauty,27.56
2026-02-20,Books_20260220,Books,0.0
2026-02-20,Electronics_20260220,Electronics,0.0
2026-02-20,Fashion_20260220,Fashion,129.47
2026-02-20,Grocery_20260220,Grocery,0.0
2026-02-20,Home_Kitchen_20260220,Home & Kitchen,47.39
2026-02-20,Sports_20260220,Sports,52.18
2026-02-20,Toys_20260220,Toys,57.58
2026-02-21,Beauty_20260221,Beauty,44.44
2026-02-21,Books_20260221,Books,22.82
2026-02-21,Electronics_20260221,Electronics,125.6
2026-02-21,Fashion_20260221,Fashion,0.0
2026-02-21,Grocery_20260221,Grocery,0.0
2026-02-21,Home_Kitchen_20260221,Home & Kitchen,109.11
2026-02-21,Sports_20260221,Sports,92.86
2026-02-21,Toys_20260221,Toys,22.55
2026-02-22,Beauty_20260222,Beauty,66.53
2026-02-22,Books_20260222,Books,0.0
2026-02-22,Electronics_20260222,Electronics,174.22
2026-02-22,Fashion_20260222,Fashion,16.84
2026-02-22,Grocery_20260222,Grocery,0.0
2026-02-22,Home_Kitchen_20260222,Home & Kitchen,157.52
2026-02-22,Sports_20260222,Sports,21.41
2026-02-22,Toys_20260222,Toys,80.08
2026-02-23,Beauty_20260223,Beauty,37.19
2026-02-23,Books_20260223,Books,40.99
2026-02-23,Electronics_20260223,Electronics,248.8
2026-02-23,Fashion_20260223,Fashion,0.0
2026-02-23,Grocery_20260223,Grocery,0.0
2026-02-23,Home_Kitchen_20260223,Home & Kitchen,73.81
2026-02-23,Sports_20260223,Sports,0.0
2026-02-23,Toys_20260223,Toys,0.0
2026-02-24,Beauty_20260224,Beauty,112.42
2026-02-24,Books_20260224,Books,24.64
2026-02-24,Electronics_20260224,Electronics,0.0
2026-02-24,Fashion_20260224,Fashion,109.81
2026-02-24,Grocery_20260224,Grocery,0.0
2026-02-24,Home_Kitchen_20260224,Home & Kitchen,81.27
2026-02-24,Sports_20260224,Sports,107.66
2026-02-24,Toys_20260224,Toys,82.21
2026-02-25,Beauty_20260225,Beauty,42.06
2026-02-25,Books_20260225,Books,20.2
2026-02-25,Electronics_20260225,Electronics,47.69
2026-02-25,Fashion_20260225,Fashion,6.39
2026-02-25,Grocery_20260225,Grocery,53.01
2026-02-25,Home_Kitchen_20260225,Home & Kitchen,61.35
2026-02-25,Sports_20260225,Sports,0.0
2026-02-25,Toys_20260225,Toys,75.97
2026-02-26,Beauty_20260226,Beauty,0.0
2026-02-26,Books_20260226,Books,0.0
2026-02-26,Electronics_20260226,Electronics,30.83
2026-02-26,Fashion_20260226,Fashion,17.53
2026-02-26,Grocery_20260226,Grocery,4.8
2026-02-26,Home_Kitchen_20260226,Home & Kitchen,0.0
2026-02-26,Sports_20260226,Sports,92.62
2026-02-26,Toys_20260226,Toys,37.07
2026-02-27,Beauty_20260227,Beauty,11.06
2026-02-27,Books_20260227,Books,5.0
2026-02-27,Electronics_20260227,Electronics,395.8
2026-02-27,Fashion_20260227,Fashion,36.38
2026-02-27,Grocery_20260227,Grocery,7.86
2026-02-27,Home_Kitchen_20260227,Home & Kitchen,361.7
2026-02-27,Sports_20260227,Sports,234.6
2026-02-27,Toys_20260227,Toys,112.5
2026-02-28,Beauty_20260228,Beauty,39.11
2026-02-28,Books_20260228,Books,12.68
2026-02-28,Electronics_20260228,Electronics,57.82
2026-02-28,Fashion_20260228,Fashion,79.41
2026-02-28,Grocery_20260228,Grocery,5.68
2026-02-28,Home_Kitchen_20260228,Home & Kitchen,35.57
2026-02-28,Sports_20260228,Sports,0.0
2026-02-28,Toys_20260228,Toys,134.18
2026-03-01,Beauty_20260301,Beauty,53.41
2026-03-01,Books_20260301,Books,8.96
2026-03-01,Electronics_20260301,Electronics,0.0
2026-03-01,Fashion_20260301,Fashion,9.85
2026-03-01,Grocery_20260301,Grocery,0.0
2026-03-01,Home_Kitchen_20260301,Home & Kitchen,386.89
2026-03-01,Sports_20260301,Sports,79.41
2026-03-01,Toys_20260301,Toys,0.0
2026-03-02,Beauty_20260302,Beauty,45.38
2026-03-02,Books_20260302,Books,19.91
2026-03-02,Electronics_20260302,Electronics,40.89
2026-03-02,Fashion_20260302,Fashion,0.0
2026-03-02,Grocery_20260302,Grocery,20.61
2026-03-02,Home_Kitchen_20260302,Home & Kitchen,257.24
2026-03-02,Sports_20260302,Sports,95.68
2026-03-02,Toys_20260302,Toys,132.46
2026-03-03,Beauty_20260303,Beauty,34.56
2026-03-03,Books_20260303,Books,26.01
2026-03-03,Electronics_20260303,Electronics,18.04
2026-03-03,Fashion_20260303,Fashion,191.34
2026-03-03,Grocery_20260303,Grocery,0.0
2026-03-03,Home_Kitchen_20260303,Home & Kitchen,136.09
2026-03-03,Sports_20260303,Sports,0.0
2026-03-03,Toys_20260303,Toys,0.0
2026-03-04,Beauty_20260304,Beauty,18.75
2026-03-04,Books_20260304,Books,0.0
2026-03-04,Electronics_20260304,Electronics,64.87
2026-03-04,Fashion_20260304,Fashion,264.45
2026-03-04,Grocery_20260304,Grocery,59.76
2026-03-04,Home_Kitchen_20260304,Home & Kitchen,293.66
2026-03-04,Sports_20260304,Sports,0.0
2026-03-04,Toys_20260304,Toys,4.95
2026-03-05,Beauty_20260305,Beauty,0.0
2026-03-05,Books_20260305,Books,8.5
2026-03-05,Electronics_20260305,Electronics,59.12
2026-03-05,Fashion_20260305,Fashion,86.02
2026-03-05,Grocery_20260305,Grocery,0.0
2026-03-05,Home_Kitchen_20260305,Home & Kitchen,132.1
2026-03-05,Sports_20260305,Sports,119.02
2026-03-05,Toys_20260305,Toys,38.78
2026-03-06,Beauty_20260306,Beauty,140.33
2026-03-06,Books_20260306,Books,6.55
2026-03-06,Electronics_20260306,Electronics,56.42
2026-03-06,Fashion_20260306,Fashion,93.09
2026-03-06,Grocery_20260306,Grocery,29.31
2026-03-06,Home_Kitchen_20260306,Home & Kitchen,130.83
2026-03-06,Sports_20260306,Sports,0.0
2026-03-06,Toys_20260306,Toys,62.93
2026-03-07,Beauty_20260307,Beauty,46.7
2026-03-07,Books_20260307,Books,2.12
2026-03-07,Electronics_20260307,Electronics,55.81
2026-03-07,Fashion_20260307,Fashion,0.0
2026-03-07,Grocery_20260307,Grocery,0.0
2026-03-07,Home_Kitchen_20260307,Home & Kitchen,57.88
2026-03-07,Sports_20260307,Sports,134.36
2026-03-07,Toys_20260307,Toys,71.83
2026-03-08,Beauty_20260308,Beauty,69.5
2026-03-08,Books_20260308,Books,52.17
2026-03-08,Electronics_20260308,Electronics,69.51
2026-03-08,Fashion_20260308,Fashion,60.81
2026-03-08,Grocery_20260308,Grocery,45.31
2026-03-08,Home_Kitchen_20260308,Home & Kitchen,0.0
2026-03-08,Sports_20260308,Sports,199.51
2026-03-08,Toys_20260308,Toys,0.0
2026-03-09,Beauty_20260309,Beauty,37.23
2026-03-09,Books_20260309,Books,22.72
2026-03-09,Electronics_20260309,Electronics,36.97
2026-03-09,Fashion_20260309,Fashion,0.0
2026-03-09,Grocery_20260309,Grocery,0.0
2026-03-09,Home_Kitchen_20260309,Home & Kitchen,48.26
2026-03-09,Sports_20260309,Sports,0.0
2026-03-09,Toys_20260309,Toys,52.61
2026-03-10,Beauty_20260310,Beauty,0.0
2026-03-10,Books_20260310,Books,9.95
2026-03-10,Electronics_20260310,Electronics,80.97
2026-03-10,Fashion_20260310,Fashion,15.54
2026-03-10,Grocery_20260310,Grocery,0.0
2026-03-10,Home_Kitchen_20260310,Home & Kitchen,53.58
2026-03-10,Sports_20260310,Sports,0.0
2026-03-10,Toys_20260310,Toys,211.71
2026-03-11,Beauty_20260311,Beauty,0.0
2026-03-11,Books_20260311,Books,0.0
2026-03-11,Electronics_20260311,Electronics,0.0
2026-03-11,Fashion_20260311,Fashion,96.4
2026-03-11,Grocery_20260311,Grocery,0.0
2026-03-11,Home_Kitchen_20260311,Home & Kitchen,42.35
2026-03-11,Sports_20260311,Sports,0.0
2026-03-11,Toys_20260311,Toys,0.0
2026-03-12,Beauty_20260312,Beauty,0.0
2026-03-12,Books_20260312,Books,12.87
2026-03-12,Electronics_20260312,Electronics,0.0
2026-03-12,Fashion_20260312,Fashion,59.44
2026-03-12,Grocery_20260312,Grocery,8.23
2026-03-12,Home_Kitchen_20260312,Home & Kitchen,0.0
2026-03-12,Sports_20260312,Sports,0.0
2026-03-12,Toys_20260312,Toys,84.26
2026-03-13,Beauty_20260313,Beauty,0.0
2026-03-13,Books_20260313,Books,32.71
2026-03-13,Electronics_20260313,Electronics,139.18
2026-03-13,Fashion_20260313,Fashion,101.4
2026-03-13,Grocery_20260313,Grocery,55.84
2026-03-13,Home_Kitchen_20260313,Home & Kitchen,0.0
2026-03-13,Sports_20260313,Sports,0.0
2026-03-13,Toys_20260313,Toys,52.69
2026-03-14,Beauty_20260314,Beauty,41.38
2026-03-14,Books_20260314,Books,16.44
2026-03-14,Electronics_20260314,Electronics,0.0
2026-03-14,Fashion_20260314,Fashion,0.0
2026-03-14,Grocery_20260314,Grocery,50.9
2026-03-14,Home_Kitchen_20260314,Home & Kitchen,65.44
2026-03-14,Sports_20260314,Sports,39.13
2026-03-14,Toys_20260314,Toys,33.56
2026-03-15,Beauty_20260315,Beauty,0.0
2026-03-15,Books_20260315,Books,0.0
2026-03-15,Electronics_20260315,Electronics,80.24
2026-03-15,Fashion_20260315,Fashion,180.63
2026-03-15,Grocery_20260315,Grocery,51.99
2026-03-15,Home_Kitchen_20260315,Home & Kitchen,49.73
2026-03-15,Sports_20260315,Sports,15.18
2026-03-15,Toys_20260315,Toys,15.22
2026-03-16,Beauty_20260316,Beauty,0.0
2026-03-16,Books_20260316,Books,12.62
2026-03-16,Electronics_20260316,Electronics,0.0
2026-03-16,Fashion_20260316,Fashion,0.0
2026-03-16,Grocery_20260316,Grocery,3.91
2026-03-16,Home_Kitchen_20260316,Home & Kitchen,37.32
2026-03-16,Sports_20260316,Sports,50.31
2026-03-16,Toys_20260316,Toys,56.3
2026-03-17,Beauty_20260317,Beauty,47.16
2026-03-17,Books_20260317,Books,2.14
2026-03-17,Electronics_20260317,Electronics,56.48
2026-03-17,Fashion_20260317,Fashion,239.27
2026-03-17,Grocery_20260317,Grocery,0.0
2026-03-17,Home_Kitchen_20260317,Home & Kitchen,77.46
2026-03-17,Sports_20260317,Sports,84.36
2026-03-17,Toys_20260317,Toys,91.6
2026-03-18,Beauty_20260318,Beauty,1.6
2026-03-18,Books_20260318,Books,38.81
2026-03-18,Electronics_20260318,Electronics,34.22
2026-03-18,Fashion_20260318,Fashion,155.99
2026-03-18,Grocery_20260318,Grocery,19.77
2026-03-18,Home_Kitchen_20260318,Home & Kitchen,181.21
2026-03-18,Sports_20260318,Sports,0.0
2026-03-18,Toys_20260318,Toys,57.74
2026-03-19,Beauty_20260319,Beauty,33.63
2026-03-19,Books_20260319,Books,0.0
2026-03-19,Electronics_20260319,Electronics,361.55
2026-03-19,Fashion_20260319,Fashion,104.09
2026-03-19,Grocery_20260319,Grocery,30.73
2026-03-19,Home_Kitchen_20260319,Home & Kitchen,247.17
2026-03-19,Sports_20260319,Sports,40.48
2026-03-19,Toys_20260319,Toys,11.25
2026-03-20,Beauty_20260320,Beauty,16.68
2026-03-20,Books_20260320,Books,12.7
2026-03-20,Electronics_20260320,Electronics,181.51
2026-03-20,Fashion_20260320,Fashion,17.03
2026-03-20,Grocery_20260320,Grocery,83.55
2026-03-20,Home_Kitchen_20260320,Home & Kitchen,19.85
2026-03-20,Sports_20260320,Sports,155.12
2026-03-20,Toys_20260320,Toys,95.41
2026-03-21,Beauty_20260321,Beauty,22.36
2026-03-21,Books_20260321,Books,61.38
2026-03-21,Electronics_20260321,Electronics,208.95
2026-03-21,Fashion_20260321,Fashion,0.0
2026-03-21,Grocery_20260321,Grocery,0.0
2026-03-21,Home_Kitchen_20260321,Home & Kitchen,0.0
2026-03-21,Sports_20260321,Sports,46.66
2026-03-21,Toys_20260321,Toys,127.68
2026-03-22,Beauty_20260322,Beauty,6.12
2026-03-22,Books_20260322,Books,53.25
2026-03-22,Electronics_20260322,Electronics,0.0
2026-03-22,Fashion_20260322,Fashion,0.0
2026-03-22,Grocery_20260322,Grocery,0.0
2026-03-22,Home_Kitchen_20260322,Home & Kitchen,3.56
2026-03-22,Sports_20260322,Sports,3.24
2026-03-22,Toys_20260322,Toys,21.44
2026-03-23,Beauty_20260323,Beauty,0.0
2026-03-23,Books_20260323,Books,0.0
2026-03-23,Electronics_20260323,Electronics,177.94
2026-03-23,Fashion_20260323,Fashion,154.03
2026-03-23,Grocery_20260323,Grocery,52.06
2026-03-23,Home_Kitchen_20260323,Home & Kitchen,196.23
2026-03-23,Sports_20260323,Sports,40.29
2026-03-23,Toys_20260323,Toys,104.79
2026-03-24,Beauty_20260324,Beauty,34.25
2026-03-24,Books_20260324,Books,20.67
2026-03-24,Electronics_20260324,Electronics,0.0
2026-03-24,Fashion_20260324,Fashion,60.59
2026-03-24,Grocery_20260324,Grocery,10.34
2026-03-24,Home_Kitchen_20260324,Home & Kitchen,18.94
2026-03-24,Sports_20260324,Sports,0.0
2026-03-24,Toys_20260324,Toys,0.0
2026-03-25,Beauty_20260325,Beauty,35.98
2026-03-25,Books_20260325,Books,0.0
2026-03-25,Electronics_20260325,Electronics,20.58
2026-03-25,Fashion_20260325,Fashion,354.03
2026-03-25,Grocery_20260325,Grocery,12.95
2026-03-25,Home_Kitchen_20260325,Home & Kitchen,0.0
2026-03-25,Sports_20260325,Sports,46.26
2026-03-25,Toys_20260325,Toys,29.12
2026-03-26,Beauty_20260326,Beauty,32.27
2026-03-26,Books_20260326,Books,6.17
2026-03-26,Electronics_20260326,Electronics,499.08
2026-03-26,Fashion_20260326,Fashion,0.0
2026-03-26,Grocery_20260326,Grocery,34.25
2026-03-26,Home_Kitchen_20260326,Home & Kitchen,118.89
2026-03-26,Sports_20260326,Sports,15.74
2026-03-26,Toys_20260326,Toys,0.0
2026-03-27,Beauty_20260327,Beauty,0.0
2026-03-27,Books_20260327,Books,14.25
2026-03-27,Electronics_20260327,Electronics,142.4
2026-03-27,Fashion_20260327,Fashion,95.84
2026-03-27,Grocery_20260327,Grocery,0.0
2026-03-27,Home_Kitchen_20260327,Home & Kitchen,426.34
2026-03-27,Sports_20260327,Sports,37.48
2026-03-27,Toys_20260327,Toys,0.0
2026-03-28,Beauty_20260328,Beauty,12.21
2026-03-28,Books_20260328,Books,31.94
2026-03-28,Electronics_20260328,Electronics,52.6
2026-03-28,Fashion_20260328,Fashion,102.11
2026-03-28,Grocery_20260328,Grocery,9.36
2026-03-28,Home_Kitchen_20260328,Home & Kitchen,50.01
2026-03-28,Sports_20260328,Sports,87.6
2026-03-28,Toys_20260328,Toys,43.86
2026-03-29,Beauty_20260329,Beauty,23.58
2026-03-29,Books_20260329,Books,15.82
2026-03-29,Electronics_20260329,Electronics,0.0
2026-03-29,Fashion_20260329,Fashion,68.36
2026-03-29,Grocery_20260329,Grocery,0.0
2026-03-29,Home_Kitchen_20260329,Home & Kitchen,36.32
2026-03-29,Sports_20260329,Sports,81.6
2026-03-29,Toys_20260329,Toys,42.18
2026-03-30,Beauty_20260330,Beauty,11.17
2026-03-30,Books_20260330,Books,0.0
2026-03-30,Electronics_20260330,Electronics,165.15
2026-03-30,Fashion_20260330,Fashion,0.0
2026-03-30,Grocery_20260330,Grocery,8.57
2026-03-30,Home_Kitchen_20260330,Home & Kitchen,42.42
2026-03-30,Sports_20260330,Sports,40.6
2026-03-30,Toys_20260330,Toys,12.39
2026-03-31,Beauty_20260331,Beauty,3.71
2026-03-31,Books_20260331,Books,9.91
2026-03-31,Electronics_20260331,Electronics,0.0
2026-03-31,Fashion_20260331,Fashion,181.04
2026-03-31,Grocery_20260331,Grocery,20.03
2026-03-31,Home_Kitchen_20260331,Home & Kitchen,87.55
2026-03-31,Sports_20260331,Sports,38.1
2026-03-31,Toys_20260331,Toys,0.0
2026-04-01,Beauty_20260401,Beauty,55.7
2026-04-01,Books_20260401,Books,8.17
2026-04-01,Electronics_20260401,Electronics,157.8
2026-04-01,Fashion_20260401,Fashion,11.13
2026-04-01,Grocery_20260401,Grocery,0.0
2026-04-01,Home_Kitchen_20260401,Home & Kitchen,87.23
2026-04-01,Sports_20260401,Sports,36.22
2026-04-01,Toys_20260401,Toys,20.74
2026-04-02,Beauty_20260402,Beauty,38.26
2026-04-02,Books_20260402,Books,22.3
2026-04-02,Electronics_20260402,Electronics,0.0
2026-04-02,Fashion_20260402,Fashion,102.2
2026-04-02,Grocery_20260402,Grocery,0.0
2026-04-02,Home_Kitchen_20260402,Home & Kitchen,112.74
2026-04-02,Sports_20260402,Sports,0.0
2026-04-02,Toys_20260402,Toys,0.0
2026-04-03,Beauty_20260403,Beauty,30.62
2026-04-03,Books_20260403,Books,27.08
2026-04-03,Electronics_20260403,Electronics,136.7
2026-04-03,Fashion_20260403,Fashion,31.59
2026-04-03,Grocery_20260403,Grocery,1.98
2026-04-03,Home_Kitchen_20260403,Home & Kitchen,56.96
2026-04-03,Sports_20260403,Sports,70.72
2026-04-03,Toys_20260403,Toys,8.7
2026-04-04,Beauty_20260404,Beauty,0.0
2026-04-04,Books_20260404,Books,7.21
2026-04-04,Electronics_20260404,Electronics,0.0
2026-04-04,Fashion_20260404,Fashion,0.0
2026-04-04,Grocery_20260404,Grocery,22.66
2026-04-04,Home_Kitchen_20260404,Home & Kitchen,79.36
2026-04-04,Sports_20260404,Sports,11.51
2026-04-04,Toys_20260404,Toys,41.62
2026-04-05,Beauty_20260405,Beauty,0.0
2026-04-05,Books_20260405,Books,15.24
2026-04-05,Electronics_20260405,Electronics,206.51
2026-04-05,Fashion_20260405,Fashion,0.0
2026-04-05,Grocery_20260405,Grocery,15.23
2026-04-05,Home_Kitchen_20260405,Home & Kitchen,131.65
2026-04-05,Sports_20260405,Sports,0.0
2026-04-05,Toys_20260405,Toys,94.6
2026-04-06,Beauty_20260406,Beauty,0.0
2026-04-06,Books_20260406,Books,0.0
2026-04-06,Electronics_20260406,Electronics,350.25
2026-04-06,Fashion_20260406,Fashion,191.54
2026-04-06,Grocery_20260406,Grocery,67.15
2026-04-06,Home_Kitchen_20260406,Home & Kitchen,527.89
2026-04-06,Sports_20260406,Sports,128.61
2026-04-06,Toys_20260406,Toys,96.36
2026-04-07,Beauty_20260407,Beauty,0.0
2026-04-07,Books_20260407,Books,14.2
2026-04-07,Electronics_20260407,Electronics,49.37
2026-04-07,Fashion_20260407,Fashion,0.0
2026-04-07,Grocery_20260407,Grocery,30.26
2026-04-07,Home_Kitchen_20260407,Home & Kitchen,289.52
2026-04-07,Sports_20260407,Sports,54.81
2026-04-07,Toys_20260407,Toys,0.0
2026-04-08,Beauty_20260408,Beauty,0.0
2026-04-08,Books_20260408,Books,0.0
2026-04-08,Electronics_20260408,Electronics,30.16
2026-04-08,Fashion_20260408,Fashion,115.99
2026-04-08,Grocery_20260408,Grocery,0.0
2026-04-08,Home_Kitchen_20260408,Home & Kitchen,131.68
2026-04-08,Sports_20260408,Sports,0.0
2026-04-08,Toys_20260408,Toys,18.51
2026-04-09,Beauty_20260409,Beauty,44.33
2026-04-09,Books_20260409,Books,19.81
2026-04-09,Electronics_20260409,Electronics,103.65
2026-04-09,Fashion_20260409,Fashion,130.76
2026-04-09,Grocery_20260409,Grocery,3.32
2026-04-09,Home_Kitchen_20260409,Home & Kitchen,56.13
2026-04-09,Sports_20260409,Sports,164.97
2026-04-09,Toys_20260409,Toys,0.0
2026-04-10,Beauty_20260410,Beauty,0.0
2026-04-10,Books_20260410,Books,22.93
2026-04-10,Electronics_20260410,Electronics,0.0
2026-04-10,Fashion_20260410,Fashion,31.81
2026-04-10,Grocery_20260410,Grocery,46.0
2026-04-10,Home_Kitchen_20260410,Home & Kitchen,42.38
2026-04-10,Sports_20260410,Sports,44.71
2026-04-10,Toys_20260410,Toys,85.69
2026-04-11,Beauty_20260411,Beauty,9.75
2026-04-11,Books_20260411,Books,30.67
2026-04-11,Electronics_20260411,Electronics,0.0
2026-04-11,Fashion_20260411,Fashion,41.14
2026-04-11,Grocery_20260411,Grocery,0.0
2026-04-11,Home_Kitchen_20260411,Home & Kitchen,0.0
2026-04-11,Sports_20260411,Sports,86.28
2026-04-11,Toys_20260411,Toys,6.01
2026-04-12,Beauty_20260412,Beauty,0.0
2026-04-12,Books_20260412,Books,0.0
2026-04-12,Electronics_20260412,Electronics,0.0
2026-04-12,Fashion_20260412,Fashion,41.02
2026-04-12,Grocery_20260412,Grocery,34.1
2026-04-12,Home_Kitchen_20260412,Home & Kitchen,33.79
2026-04-12,Sports_20260412,Sports,31.26
2026-04-12,Toys_20260412,Toys,27.98
2026-04-13,Beauty_20260413,Beauty,6.1
2026-04-13,Books_20260413,Books,19.19
2026-04-13,Electronics_20260413,Electronics,174.46
2026-04-13,Fashion_20260413,Fashion,0.0
2026-04-13,Grocery_20260413,Grocery,28.58
2026-04-13,Home_Kitchen_20260413,Home & Kitchen,30.62
2026-04-13,Sports_20260413,Sports,86.81
2026-04-13,Toys_20260413,Toys,6.96
2026-04-14,Beauty_20260414,Beauty,49.57
2026-04-14,Books_20260414,Books,5.69
2026-04-14,Electronics_20260414,Electronics,40.56
2026-04-14,Fashion_20260414,Fashion,161.17
2026-04-14,Grocery_20260414,Grocery,0.0
2026-04-14,Home_Kitchen_20260414,Home & Kitchen,55.7
2026-04-14,Sports_20260414,Sports,70.48
2026-04-14,Toys_20260414,Toys,0.0
2026-04-15,Beauty_20260415,Beauty,5.64
2026-04-15,Books_20260415,Books,5.49
2026-04-15,Electronics_20260415,Electronics,159.66
2026-04-15,Fashion_20260415,Fashion,79.59
2026-04-15,Grocery_20260415,Grocery,0.0
2026-04-15,Home_Kitchen_20260415,Home & Kitchen,0.0
2026-04-15,Sports_20260415,Sports,0.0
2026-04-15,Toys_20260415,Toys,55.17
2026-04-16,Beauty_20260416,Beauty,46.22
2026-04-16,Books_20260416,Books,0.0
2026-04-16,Electronics_20260416,Electronics,0.0
2026-04-16,Fashion_20260416,Fashion,96.31
2026-04-16,Grocery_20260416,Grocery,0.0
2026-04-16,Home_Kitchen_20260416,Home & Kitchen,198.38
2026-04-16,Sports_20260416,Sports,0.0
2026-04-16,Toys_20260416,Toys,43.2
2026-04-17,Beauty_20260417,Beauty,12.07
2026-04-17,Books_20260417,Books,40.74
2026-04-17,Electronics_20260417,Electronics,197.22
2026-04-17,Fashion_20260417,Fashion,0.0
2026-04-17,Grocery_20260417,Grocery,0.0
2026-04-17,Home_Kitchen_20260417,Home & Kitchen,47.78
2026-04-17,Sports_20260417,Sports,0.0
2026-04-17,Toys_20260417,Toys,7.45
2026-04-18,Beauty_20260418,Beauty,1.64
2026-04-18,Books_20260418,Books,0.0
2026-04-18,Electronics_20260418,Electronics,206.43
2026-04-18,Fashion_20260418,Fashion,18.69
2026-04-18,Grocery_20260418,Grocery,64.87
2026-04-18,Home_Kitchen_20260418,Home & Kitchen,0.0
2026-04-18,Sports_20260418,Sports,32.28
2026-04-18,Toys_20260418,Toys,79.08
2026-04-19,Beauty_20260419,Beauty,0.0
2026-04-19,Books_20260419,Books,0.0
2026-04-19,Electronics_20260419,Electronics,0.0
2026-04-19,Fashion_20260419,Fashion,103.35
2026-04-19,Grocery_20260419,Grocery,0.0
2026-04-19,Home_Kitchen_20260419,Home & Kitchen,26.83
2026-04-19,Sports_20260419,Sports,0.0
2026-04-19,Toys_20260419,Toys,15.1
2026-04-20,Beauty_20260420,Beauty,0.0
2026-04-20,Books_20260420,Books,22.29
2026-04-20,Electronics_20260420,Electronics,51.94
2026-04-20,Fashion_20260420,Fashion,0.0
2026-04-20,Grocery_20260420,Grocery,0.0
2026-04-20,Home_Kitchen_20260420,Home & Kitchen,439.2
2026-04-20,Sports_20260420,Sports,0.0
2026-04-20,Toys_20260420,Toys,106.94
2026-04-21,Beauty_20260421,Beauty,0.0
2026-04-21,Books_20260421,Books,4.66
2026-04-21,Electronics_20260421,Electronics,0.0
2026-04-21,Fashion_20260421,Fashion,103.87
2026-04-21,Grocery_20260421,Grocery,62.61
2026-04-21,Home_Kitchen_20260421,Home & Kitchen,81.99
2026-04-21,Sports_20260421,Sports,113.82
2026-04-21,Toys_20260421,Toys,27.43
2026-04-22,Beauty_20260422,Beauty,0.0
2026-04-22,Books_20260422,Books,18.56
2026-04-22,Electronics_20260422,Electronics,265.88
2026-04-22,Fashion_20260422,Fashion,96.28
2026-04-22,Grocery_20260422,Grocery,20.97
2026-04-22,Home_Kitchen_20260422,Home & Kitchen,123.88
2026-04-22,Sports_20260422,Sports,38.52
2026-04-22,Toys_20260422,Toys,41.09
2026-04-23,Beauty_20260423,Beauty,10.72
2026-04-23,Books_20260423,Books,0.0
2026-04-23,Electronics_20260423,Electronics,146.62
2026-04-23,Fashion_20260423,Fashion,88.49
2026-04-23,Grocery_20260423,Grocery,20.4
2026-04-23,Home_Kitchen_20260423,Home & Kitchen,0.0
2026-04-23,Sports_20260423,Sports,183.88
2026-04-23,Toys_20260423,Toys,91.97
2026-04-24,Beauty_20260424,Beauty,27.48
2026-04-24,Books_20260424,Books,28.13
2026-04-24,Electronics_20260424,Electronics,66.53
2026-04-24,Fashion_20260424,Fashion,52.0
2026-04-24,Grocery_20260424,Grocery,8.37
2026-04-24,Home_Kitchen_20260424,Home & Kitchen,117.4
2026-04-24,Sports_20260424,Sports,40.28
2026-04-24,Toys_20260424,Toys,0.0
2026-04-25,Beauty_20260425,Beauty,0.0
2026-04-25,Books_20260425,Books,21.5
2026-04-25,Electronics_20260425,Electronics,54.27
2026-04-25,Fashion_20260425,Fashion,21.23
2026-04-25,Grocery_20260425,Grocery,0.0
2026-04-25,Home_Kitchen_20260425,Home & Kitchen,0.0
2026-04-25,Sports_20260425,Sports,0.0
2026-04-25,Toys_20260425,Toys,69.86
2026-04-26,Beauty_20260426,Beauty,0.0
2026-04-26,Books_20260426,Books,0.0
2026-04-26,Electronics_20260426,Electronics,31.15
2026-04-26,Fashion_20260426,Fashion,74.34
2026-04-26,Grocery_20260426,Grocery,19.12
2026-04-26,Home_Kitchen_20260426,Home & Kitchen,28.15
2026-04-26,Sports_20260426,Sports,74.67
2026-04-26,Toys_20260426,Toys,0.0
2026-04-27,Beauty_20260427,Beauty,0.0
2026-04-27,Books_20260427,Books,39.49
2026-04-27,Electronics_20260427,Electronics,36.3
2026-04-27,Fashion_20260427,Fashion,14.84
2026-04-27,Grocery_20260427,Grocery,60.0
2026-04-27,Home_Kitchen_20260427,Home & Kitchen,62.98
2026-04-27,Sports_20260427,Sports,0.0
2026-04-27,Toys_20260427,Toys,0.0
2026-04-28,Beauty_20260428,Beauty,14.66
2026-04-28,Books_20260428,Books,53.49
2026-04-28,Electronics_20260428,Electronics,17.65
2026-04-28,Fashion_20260428,Fashion,151.55
2026-04-28,Grocery_20260428,Grocery,18.45
2026-04-28,Home_Kitchen_20260428,Home & Kitchen,0.0
2026-04-28,Sports_20260428,Sports,72.1
2026-04-28,Toys_20260428,Toys,61.14
2026-04-29,Beauty_20260429,Beauty,60.0
2026-04-29,Books_20260429,Books,0.0
2026-04-29,Electronics_20260429,Electronics,53.02
2026-04-29,Fashion_20260429,Fashion,83.15
2026-04-29,Grocery_20260429,Grocery,34.45
2026-04-29,Home_Kitchen_20260429,Home & Kitchen,130.21
2026-04-29,Sports_20260429,Sports,0.0
2026-04-29,Toys_20260429,Toys,22.93
2026-04-30,Beauty_20260430,Beauty,41.64
2026-04-30,Books_20260430,Books,19.41
2026-04-30,Electronics_20260430,Electronics,190.11
2026-04-30,Fashion_20260430,Fashion,71.52
2026-04-30,Grocery_20260430,Grocery,9.3
2026-04-30,Home_Kitchen_20260430,Home & Kitchen,4.73
2026-04-30,Sports_20260430,Sports,48.0
2026-04-30,Toys_20260430,Toys,51.96
2026-05-01,Beauty_20260501,Beauty,64.84
2026-05-01,Books_20260501,Books,0.0
2026-05-01,Electronics_20260501,Electronics,66.21
2026-05-01,Fashion_20260501,Fashion,103.05
2026-05-01,Grocery_20260501,Grocery,11.78
2026-05-01,Home_Kitchen_20260501,Home & Kitchen,12.47
2026-05-01,Sports_20260501,Sports,52.14
2026-05-01,Toys_20260501,Toys,0.0
2026-05-02,Beauty_20260502,Beauty,21.68
2026-05-02,Books_20260502,Books,24.23
2026-05-02,Electronics_20260502,Electronics,0.0
2026-05-02,Fashion_20260502,Fashion,8.01
2026-05-02,Grocery_20260502,Grocery,10.11
2026-05-02,Home_Kitchen_20260502,Home & Kitchen,238.28
2026-05-02,Sports_20260502,Sports,297.0
2026-05-02,Toys_20260502,Toys,44.29
2026-05-03,Beauty_20260503,Beauty,32.74
2026-05-03,Books_20260503,Books,44.31
2026-05-03,Electronics_20260503,Electronics,0.0
2026-05-03,Fashion_20260503,Fashion,34.37
2026-05-03,Grocery_20260503,Grocery,0.0
2026-05-03,Home_Kitchen_20260503,Home & Kitchen,0.0
2026-05-03,Sports_20260503,Sports,38.27
2026-05-03,Toys_20260503,Toys,6.06
2026-05-04,Beauty_20260504,Beauty,2.94
2026-05-04,Books_20260504,Books,2.96
2026-05-04,Electronics_20260504,Electronics,67.43
2026-05-04,Fashion_20260504,Fashion,58.28
2026-05-04,Grocery_20260504,Grocery,31.53
2026-05-04,Home_Kitchen_20260504,Home & Kitchen,66.23
2026-05-04,Sports_20260504,Sports,0.0
2026-05-04,Toys_20260504,Toys,0.0
2026-05-05,Beauty_20260505,Beauty,54.91
2026-05-05,Books_20260505,Books,2.49
2026-05-05,Electronics_20260505,Electronics,0.0
2026-05-05,Fashion_20260505,Fashion,0.0
2026-05-05,Grocery_20260505,Grocery,30.11
2026-05-05,Home_Kitchen_20260505,Home & Kitchen,78.09
2026-05-05,Sports_20260505,Sports,57.89
2026-05-05,Toys_20260505,Toys,105.96
2026-05-06,Beauty_20260506,Beauty,22.39
2026-05-06,Books_20260506,Books,36.75
2026-05-06,Electronics_20260506,Electronics,24.55
2026-05-06,Fashion_20260506,Fashion,172.85
2026-05-06,Grocery_20260506,Grocery,20.57
2026-05-06,Home_Kitchen_20260506,Home & Kitchen,154.72
2026-05-06,Sports_20260506,Sports,160.36
2026-05-06,Toys_20260506,Toys,27.43
2026-05-07,Beauty_20260507,Beauty,21.32
2026-05-07,Books_20260507,Books,68.22
2026-05-07,Electronics_20260507,Electronics,17.32
2026-05-07,Fashion_20260507,Fashion,0.0
2026-05-07,Grocery_20260507,Grocery,4.06
2026-05-07,Home_Kitchen_20260507,Home & Kitchen,4.27
2026-05-07,Sports_20260507,Sports,28.53
2026-05-07,Toys_20260507,Toys,42.1
2026-05-08,Beauty_20260508,Beauty,0.0
2026-05-08,Books_20260508,Books,0.0
2026-05-08,Electronics_20260508,Electronics,240.15
2026-05-08,Fashion_20260508,Fashion,158.44
2026-05-08,Grocery_20260508,Grocery,3.75
2026-05-08,Home_Kitchen_20260508,Home & Kitchen,41.64
2026-05-08,Sports_20260508,Sports,180.64
2026-05-08,Toys_20260508,Toys,13.8
2026-05-09,Beauty_20260509,Beauty,8.42
2026-05-09,Books_20260509,Books,17.24
2026-05-09,Electronics_20260509,Electronics,0.0
2026-05-09,Fashion_20260509,Fashion,44.33
2026-05-09,Grocery_20260509,Grocery,10.5
2026-05-09,Home_Kitchen_20260509,Home & Kitchen,0.0
2026-05-09,Sports_20260509,Sports,0.0
2026-05-09,Toys_20260509,Toys,9.68
2026-05-10,Beauty_20260510,Beauty,33.52
2026-05-10,Books_20260510,Books,49.4
2026-05-10,Electronics_20260510,Electronics,0.0
2026-05-10,Fashion_20260510,Fashion,0.0
2026-05-10,Grocery_20260510,Grocery,0.0
2026-05-10,Home_Kitchen_20260510,Home & Kitchen,73.45
2026-05-10,Sports_20260510,Sports,0.0
2026-05-10,Toys_20260510,Toys,22.59
2026-05-11,Beauty_20260511,Beauty,0.0
2026-05-11,Books_20260511,Books,46.69
2026-05-11,Electronics_20260511,Electronics,53.39
2026-05-11,Fashion_20260511,Fashion,0.0
2026-05-11,Grocery_20260511,Grocery,0.0
2026-05-11,Home_Kitchen_20260511,Home & Kitchen,78.5
2026-05-11,Sports_20260511,Sports,0.0
2026-05-11,Toys_20260511,Toys,62.89
2026-05-12,Beauty_20260512,Beauty,0.0
2026-05-12,Books_20260512,Books,0.0
2026-05-12,Electronics_20260512,Electronics,90.81
2026-05-12,Fashion_20260512,Fashion,0.0
2026-05-12,Grocery_20260512,Grocery,7.59
2026-05-12,Home_Kitchen_20260512,Home & Kitchen,32.03
2026-05-12,Sports_20260512,Sports,23.16
2026-05-12,Toys_20260512,Toys,94.5
2026-05-13,Beauty_20260513,Beauty,0.0
2026-05-13,Books_20260513,Books,0.0
2026-05-13,Electronics_20260513,Electronics,215.07
2026-05-13,Fashion_20260513,Fashion,0.0
2026-05-13,Grocery_20260513,Grocery,16.79
2026-05-13,Home_Kitchen_20260513,Home & Kitchen,104.17
2026-05-13,Sports_20260513,Sports,0.0
2026-05-13,Toys_20260513,Toys,149.18
2026-05-14,Beauty_20260514,Beauty,29.04
2026-05-14,Books_20260514,Books,8.42
2026-05-14,Electronics_20260514,Electronics,161.24
2026-05-14,Fashion_20260514,Fashion,239.66
2026-05-14,Grocery_20260514,Grocery,13.67
2026-05-14,Home_Kitchen_20260514,Home & Kitchen,193.68
2026-05-14,Sports_20260514,Sports,25.99
2026-05-14,Toys_20260514,Toys,14.21
2026-05-15,Beauty_20260515,Beauty,0.0
2026-05-15,Books_20260515,Books,5.99
2026-05-15,Electronics_20260515,Electronics,91.98
2026-05-15,Fashion_20260515,Fashion,62.27
2026-05-15,Grocery_20260515,Grocery,0.0
2026-05-15,Home_Kitchen_20260515,Home & Kitchen,181.74
2026-05-15,Sports_20260515,Sports,6.45
2026-05-15,Toys_20260515,Toys,44.93
2026-05-16,Beauty_20260516,Beauty,0.0
2026-05-16,Books_20260516,Books,0.0
2026-05-16,Electronics_20260516,Electronics,47.2
2026-05-16,Fashion_20260516,Fashion,0.0
2026-05-16,Grocery_20260516,Grocery,47.22
2026-05-16,Home_Kitchen_20260516,Home & Kitchen,0.0
2026-05-16,Sports_20260516,Sports,0.0
2026-05-16,Toys_20260516,Toys,129.93
2026-05-17,Beauty_20260517,Beauty,11.56
2026-05-17,Books_20260517,Books,25.72
2026-05-17,Electronics_20260517,Electronics,0.0
2026-05-17,Fashion_20260517,Fashion,22.3
2026-05-17,Grocery_20260517,Grocery,2.7
2026-05-17,Home_Kitchen_20260517,Home & Kitchen,29.06
2026-05-17,Sports_20260517,Sports,65.54
2026-05-17,Toys_20260517,Toys,43.36
2026-05-18,Beauty_20260518,Beauty,3.07
2026-05-18,Books_20260518,Books,0.0
2026-05-18,Electronics_20260518,Electronics,341.88
2026-05-18,Fashion_20260518,Fashion,21.45
2026-05-18,Grocery_20260518,Grocery,0.0
2026-05-18,Home_Kitchen_20260518,Home & Kitchen,93.53
2026-05-18,Sports_20260518,Sports,0.0
2026-05-18,Toys_20260518,Toys,78.55
2026-05-19,Beauty_20260519,Beauty,8.72
2026-05-19,Books_20260519,Books,5.45
2026-05-19,Electronics_20260519,Electronics,0.0
2026-05-19,Fashion_20260519,Fashion,103.53
2026-05-19,Grocery_20260519,Grocery,8.71
2026-05-19,Home_Kitchen_20260519,Home & Kitchen,190.65
2026-05-19,Sports_20260519,Sports,0.0
2026-05-19,Toys_20260519,Toys,48.79
2026-05-20,Beauty_20260520,Beauty,23.14
2026-05-20,Books_20260520,Books,2.91
2026-05-20,Electronics_20260520,Electronics,150.34
2026-05-20,Fashion_20260520,Fashion,44.94
2026-05-20,Grocery_20260520,Grocery,70.17
2026-05-20,Home_Kitchen_20260520,Home & Kitchen,198.0
2026-05-20,Sports_20260520,Sports,195.65
2026-05-20,Toys_20260520,Toys,26.95
2026-05-21,Beauty_20260521,Beauty,4.17
2026-05-21,Books_20260521,Books,13.71
2026-05-21,Electronics_20260521,Electronics,30.04
2026-05-21,Fashion_20260521,Fashion,62.57
2026-05-21,Grocery_20260521,Grocery,30.22
2026-05-21,Home_Kitchen_20260521,Home & Kitchen,0.0
2026-05-21,Sports_20260521,Sports,0.0
2026-05-21,Toys_20260521,Toys,102.18
2026-05-22,Beauty_20260522,Beauty,0.0
2026-05-22,Books_20260522,Books,59.81
2026-05-22,Electronics_20260522,Electronics,327.86
2026-05-22,Fashion_20260522,Fashion,150.4
2026-05-22,Grocery_20260522,Grocery,8.86
2026-05-22,Home_Kitchen_20260522,Home & Kitchen,79.72
2026-05-22,Sports_20260522,Sports,35.54
2026-05-22,Toys_20260522,Toys,28.08
2026-05-23,Beauty_20260523,Beauty,110.05
2026-05-23,Books_20260523,Books,3.69
2026-05-23,Electronics_20260523,Electronics,134.94
2026-05-23,Fashion_20260523,Fashion,0.0
2026-05-23,Grocery_20260523,Grocery,75.36
2026-05-23,Home_Kitchen_20260523,Home & Kitchen,72.87
2026-05-23,Sports_20260523,Sports,62.31
2026-05-23,Toys_20260523,Toys,0.0
2026-05-24,Beauty_20260524,Beauty,6.98
2026-05-24,Books_20260524,Books,6.62
2026-05-24,Electronics_20260524,Electronics,4.44
2026-05-24,Fashion_20260524,Fashion,77.89
2026-05-24,Grocery_20260524,Grocery,50.52
2026-05-24,Home_Kitchen_20260524,Home & Kitchen,0.0
2026-05-24,Sports_20260524,Sports,191.86
2026-05-24,Toys_20260524,Toys,53.53
2026-05-25,Beauty_20260525,Beauty,9.83
2026-05-25,Books_20260525,Books,6.63
2026-05-25,Electronics_20260525,Electronics,116.88
2026-05-25,Fashion_20260525,Fashion,39.19
2026-05-25,Grocery_20260525,Grocery,2.94
2026-05-25,Home_Kitchen_20260525,Home & Kitchen,153.58
2026-05-25,Sports_20260525,Sports,0.0
2026-05-25,Toys_20260525,Toys,57.0
2026-05-26,Beauty_20260526,Beauty,48.08
2026-05-26,Books_20260526,Books,6.48
2026-05-26,Electronics_20260526,Electronics,0.0
2026-05-26,Fashion_20260526,Fashion,81.37
2026-05-26,Grocery_20260526,Grocery,0.0
2026-05-26,Home_Kitchen_20260526,Home & Kitchen,295.27
2026-05-26,Sports_20260526,Sports,312.8
2026-05-26,Toys_20260526,Toys,0.0
2026-05-27,Beauty_20260527,Beauty,22.0
2026-05-27,Books_20260527,Books,6.34
2026-05-27,Electronics_20260527,Electronics,0.0
2026-05-27,Fashion_20260527,Fashion,109.43
2026-05-27,Grocery_20260527,Grocery,1.36
2026-05-27,Home_Kitchen_20260527,Home & Kitchen,68.03
2026-05-27,Sports_20260527,Sports,102.66
2026-05-27,Toys_20260527,Toys,103.27
2026-05-28,Beauty_20260528,Beauty,58.53
2026-05-28,Books_20260528,Books,17.97
2026-05-28,Electronics_20260528,Electronics,113.3
2026-05-28,Fashion_20260528,Fashion,14.12
2026-05-28,Grocery_20260528,Grocery,0.0
2026-05-28,Home_Kitchen_20260528,Home & Kitchen,156.75
2026-05-28,Sports_20260528,Sports,190.3
2026-05-28,Toys_20260528,Toys,11.17
2026-05-29,Beauty_20260529,Beauty,98.47
2026-05-29,Books_20260529,Books,2.03
2026-05-29,Electronics_20260529,Electronics,0.0
2026-05-29,Fashion_20260529,Fashion,145.12
2026-05-29,Grocery_20260529,Grocery,22.6
2026-05-29,Home_Kitchen_20260529,Home & Kitchen,0.0
2026-05-29,Sports_20260529,Sports,61.08
2026-05-29,Toys_20260529,Toys,72.79
2026-05-30,Beauty_20260530,Beauty,4.78
2026-05-30,Books_20260530,Books,9.0
2026-05-30,Electronics_20260530,Electronics,0.0
2026-05-30,Fashion_20260530,Fashion,0.0
2026-05-30,Grocery_20260530,Grocery,10.94
2026-05-30,Home_Kitchen_20260530,Home & Kitchen,189.84
2026-05-30,Sports_20260530,Sports,44.02
2026-05-30,Toys_20260530,Toys,11.36
2026-05-31,Beauty_20260531,Beauty,3.48
2026-05-31,Books_20260531,Books,0.0
2026-05-31,Electronics_20260531,Electronics,0.0
2026-05-31,Fashion_20260531,Fashion,38.48
2026-05-31,Grocery_20260531,Grocery,0.0
2026-05-31,Home_Kitchen_20260531,Home & Kitchen,127.69
2026-05-31,Sports_20260531,Sports,34.69
2026-05-31,Toys_20260531,Toys,8.7
2026-06-01,Beauty_20260601,Beauty,10.82
2026-06-01,Books_20260601,Books,0.0
2026-06-01,Electronics_20260601,Electronics,0.0
2026-06-01,Fashion_20260601,Fashion,0.0
2026-06-01,Grocery_20260601,Grocery,11.07
2026-06-01,Home_Kitchen_20260601,Home & Kitchen,6.3
2026-06-01,Sports_20260601,Sports,0.0
2026-06-01,Toys_20260601,Toys,2.97
2026-06-02,Beauty_20260602,Beauty,0.0
2026-06-02,Books_20260602,Books,8.09
2026-06-02,Electronics_20260602,Electronics,52.16
2026-06-02,Fashion_20260602,Fashion,74.35
2026-06-02,Grocery_20260602,Grocery,27.12
2026-06-02,Home_Kitchen_20260602,Home & Kitchen,44.34
2026-06-02,Sports_20260602,Sports,38.6
2026-06-02,Toys_20260602,Toys,72.44
2026-06-03,Beauty_20260603,Beauty,80.47
2026-06-03,Books_20260603,Books,38.88
2026-06-03,Electronics_20260603,Electronics,18.26
2026-06-03,Fashion_20260603,Fashion,56.55
2026-06-03,Grocery_20260603,Grocery,12.98
2026-06-03,Home_Kitchen_20260603,Home & Kitchen,83.66
2026-06-03,Sports_20260603,Sports,31.32
2026-06-03,Toys_20260603,Toys,19.25
2026-06-04,Beauty_20260604,Beauty,0.0
2026-06-04,Books_20260604,Books,0.0
2026-06-04,Electronics_20260604,Electronics,59.09
2026-06-04,Fashion_20260604,Fashion,63.13
2026-06-04,Grocery_20260604,Grocery,21.85
2026-06-04,Home_Kitchen_20260604,Home & Kitchen,247.4
2026-06-04,Sports_20260604,Sports,0.0
2026-06-04,Toys_20260604,Toys,49.08
2026-06-05,Beauty_20260605,Beauty,0.0
2026-06-05,Books_20260605,Books,26.7
2026-06-05,Electronics_20260605,Electronics,446.21
2026-06-05,Fashion_20260605,Fashion,0.0
2026-06-05,Grocery_20260605,Grocery,29.88
2026-06-05,Home_Kitchen_20260605,Home & Kitchen,59.2
2026-06-05,Sports_20260605,Sports,13.35
2026-06-05,Toys_20260605,Toys,0.0
2026-06-06,Beauty_20260606,Beauty,96.94
2026-06-06,Books_20260606,Books,10.68
2026-06-06,Electronics_20260606,Electronics,16.09
2026-06-06,Fashion_20260606,Fashion,33.13
2026-06-06,Grocery_20260606,Grocery,45.77
2026-06-06,Home_Kitchen_20260606,Home & Kitchen,151.0
2026-06-06,Sports_20260606,Sports,0.0
2026-06-06,Toys_20260606,Toys,20.76
2026-06-07,Beauty_20260607,Beauty,61.78
2026-06-07,Books_20260607,Books,4.19
2026-06-07,Electronics_20260607,Electronics,0.0
2026-06-07,Fashion_20260607,Fashion,21.67
2026-06-07,Grocery_20260607,Grocery,23.7
2026-06-07,Home_Kitchen_20260607,Home & Kitchen,68.66
2026-06-07,Sports_20260607,Sports,119.31
2026-06-07,Toys_20260607,Toys,69.01
2026-06-08,Beauty_20260608,Beauty,96.34
2026-06-08,Books_20260608,Books,23.66
2026-06-08,Electronics_20260608,Electronics,221.76
2026-06-08,Fashion_20260608,Fashion,0.0
2026-06-08,Grocery_20260608,Grocery,30.24
2026-06-08,Home_Kitchen_20260608,Home & Kitchen,54.05
2026-06-08,Sports_20260608,Sports,157.36
2026-06-08,Toys_20260608,Toys,0.0
2026-06-09,Beauty_20260609,Beauty,48.56
2026-06-09,Books_20260609,Books,4.04
2026-06-09,Electronics_20260609,Electronics,119.69
2026-06-09,Fashion_20260609,Fashion,0.0
2026-06-09,Grocery_20260609,Grocery,25.2
2026-06-09,Home_Kitchen_20260609,Home & Kitchen,124.52
2026-06-09,Sports_20260609,Sports,44.89
2026-06-09,Toys_20260609,Toys,89.68
2026-06-10,Beauty_20260610,Beauty,37.14
2026-06-10,Books_20260610,Books,0.0
2026-06-10,Electronics_20260610,Electronics,0.0
2026-06-10,Fashion_20260610,Fashion,112.28
2026-06-10,Grocery_20260610,Grocery,5.28
2026-06-10,Home_Kitchen_20260610,Home & Kitchen,0.0
2026-06-10,Sports_20260610,Sports,0.0
2026-06-10,Toys_20260610,Toys,139.72
2026-06-11,Beauty_20260611,Beauty,0.0
2026-06-11,Books_20260611,Books,12.04
2026-06-11,Electronics_20260611,Electronics,42.57
2026-06-11,Fashion_20260611,Fashion,307.35
2026-06-11,Grocery_20260611,Grocery,20.77
2026-06-11,Home_Kitchen_20260611,Home & Kitchen,21.63
2026-06-11,Sports_20260611,Sports,0.0
2026-06-11,Toys_20260611,Toys,0.0
2026-06-12,Beauty_20260612,Beauty,30.54
2026-06-12,Books_20260612,Books,40.77
2026-06-12,Electronics_20260612,Electronics,59.27
2026-06-12,Fashion_20260612,Fashion,37.14
2026-06-12,Grocery_20260612,Grocery,0.0
2026-06-12,Home_Kitchen_20260612,Home & Kitchen,17.67
2026-06-12,Sports_20260612,Sports,0.0
2026-06-12,Toys_20260612,Toys,26.06
2026-06-13,Beauty_20260613,Beauty,0.0
2026-06-13,Books_20260613,Books,3.27
2026-06-13,Electronics_20260613,Electronics,170.04
2026-06-13,Fashion_20260613,Fashion,104.51
2026-06-13,Grocery_20260613,Grocery,18.39
2026-06-13,Home_Kitchen_20260613,Home & Kitchen,0.0
2026-06-13,Sports_20260613,Sports,124.16
2026-06-13,Toys_20260613,Toys,18.17
2026-06-14,Beauty_20260614,Beauty,4.09
2026-06-14,Books_20260614,Books,0.0
2026-06-14,Electronics_20260614,Electronics,218.51
2026-06-14,Fashion_20260614,Fashion,21.47
2026-06-14,Grocery_20260614,Grocery,8.65
2026-06-14,Home_Kitchen_20260614,Home & Kitchen,0.0
2026-06-14,Sports_20260614,Sports,162.32
2026-06-14,Toys_20260614,Toys,0.0
2026-06-15,Beauty_20260615,Beauty,34.55
2026-06-15,Books_20260615,Books,90.09
2026-06-15,Electronics_20260615,Electronics,204.71
2026-06-15,Fashion_20260615,Fashion,101.97
2026-06-15,Grocery_20260615,Grocery,15.47
2026-06-15,Home_Kitchen_20260615,Home & Kitchen,76.78
2026-06-15,Sports_20260615,Sports,10.78
2026-06-15,Toys_20260615,Toys,59.07
2026-06-16,Beauty_20260616,Beauty,12.3
2026-06-16,Books_20260616,Books,7.62
2026-06-16,Electronics_20260616,Electronics,13.81
2026-06-16,Fashion_20260616,Fashion,186.44
2026-06-16,Grocery_20260616,Grocery,7.83
2026-06-16,Home_Kitchen_20260616,Home & Kitchen,128.88
2026-06-16,Sports_20260616,Sports,0.0
2026-06-16,Toys_20260616,Toys,0.0
2026-06-17,Beauty_20260617,Beauty,26.64
2026-06-17,Books_20260617,Books,0.0
2026-06-17,Electronics_20260617,Electronics,416.86
2026-06-17,Fashion_20260617,Fashion,110.61
2026-06-17,Grocery_20260617,Grocery,9.32
2026-06-17,Home_Kitchen_20260617,Home & Kitchen,0.0
2026-06-17,Sports_20260617,Sports,11.51
2026-06-17,Toys_20260617,Toys,73.03
2026-06-18,Beauty_20260618,Beauty,0.0
2026-06-18,Books_20260618,Books,53.59
2026-06-18,Electronics_20260618,Electronics,88.66
2026-06-18,Fashion_20260618,Fashion,0.0
2026-06-18,Grocery_20260618,Grocery,3.68
2026-06-18,Home_Kitchen_20260618,Home & Kitchen,0.0
2026-06-18,Sports_20260618,Sports,49.16
2026-06-18,Toys_20260618,Toys,137.05
2026-06-19,Beauty_20260619,Beauty,5.05
2026-06-19,Books_20260619,Books,28.34
2026-06-19,Electronics_20260619,Electronics,210.82
2026-06-19,Fashion_20260619,Fashion,175.24
2026-06-19,Grocery_20260619,Grocery,9.85
2026-06-19,Home_Kitchen_20260619,Home & Kitchen,79.75
2026-06-19,Sports_20260619,Sports,0.0
2026-06-19,Toys_20260619,Toys,55.34
2026-06-20,Beauty_20260620,Beauty,22.0
2026-06-20,Books_20260620,Books,0.0
2026-06-20,Electronics_20260620,Electronics,112.73
2026-06-20,Fashion_20260620,Fashion,47.42
2026-06-20,Grocery_20260620,Grocery,0.0
2026-06-20,Home_Kitchen_20260620,Home & Kitchen,74.96
2026-06-20,Sports_20260620,Sports,0.0
2026-06-20,Toys_20260620,Toys,44.33
2026-06-21,Beauty_20260621,Beauty,92.05
2026-06-21,Books_20260621,Books,0.0
2026-06-21,Electronics_20260621,Electronics,0.0
2026-06-21,Fashion_20260621,Fashion,0.0
2026-06-21,Grocery_20260621,Grocery,64.68
2026-06-21,Home_Kitchen_20260621,Home & Kitchen,0.0
2026-06-21,Sports_20260621,Sports,146.24
2026-06-21,Toys_20260621,Toys,0.0
2026-06-22,Beauty_20260622,Beauty,34.06
2026-06-22,Books_20260622,Books,68.55
2026-06-22,Electronics_20260622,Electronics,68.97
2026-06-22,Fashion_20260622,Fashion,130.14
2026-06-22,Grocery_20260622,Grocery,49.48
2026-06-22,Home_Kitchen_20260622,Home & Kitchen,6.95
2026-06-22,Sports_20260622,Sports,0.0
2026-06-22,Toys_20260622,Toys,34.56
2026-06-23,Beauty_20260623,Beauty,0.0
2026-06-23,Books_20260623,Books,50.97
2026-06-23,Electronics_20260623,Electronics,104.15
2026-06-23,Fashion_20260623,Fashion,0.0
2026-06-23,Grocery_20260623,Grocery,11.18
2026-06-23,Home_Kitchen_20260623,Home & Kitchen,264.5
2026-06-23,Sports_20260623,Sports,35.72
2026-06-23,Toys_20260623,Toys,107.8
2026-06-24,Beauty_20260624,Beauty,0.0
2026-06-24,Books_20260624,Books,20.9
2026-06-24,Electronics_20260624,Electronics,100.52
2026-06-24,Fashion_20260624,Fashion,0.0
2026-06-24,Grocery_20260624,Grocery,28.88
2026-06-24,Home_Kitchen_20260624,Home & Kitchen,0.0
2026-06-24,Sports_20260624,Sports,71.61
2026-06-24,Toys_20260624,Toys,0.0
2026-06-25,Beauty_20260625,Beauty,32.07
2026-06-25,Books_20260625,Books,0.0
2026-06-25,Electronics_20260625,Electronics,120.79
2026-06-25,Fashion_20260625,Fashion,58.33
2026-06-25,Grocery_20260625,Grocery,14.16
2026-06-25,Home_Kitchen_20260625,Home & Kitchen,79.01
2026-06-25,Sports_20260625,Sports,0.0
2026-06-25,Toys_20260625,Toys,62.43
2026-06-26,Beauty_20260626,Beauty,7.05
2026-06-26,Books_20260626,Books,10.55
2026-06-26,Electronics_20260626,Electronics,209.32
2026-06-26,Fashion_20260626,Fashion,0.0
2026-06-26,Grocery_20260626,Grocery,0.0
2026-06-26,Home_Kitchen_20260626,Home & Kitchen,0.0
2026-06-26,Sports_20260626,Sports,0.0
2026-06-26,Toys_20260626,Toys,220.98
2026-06-27,Beauty_20260627,Beauty,0.0
2026-06-27,Books_20260627,Books,32.42
2026-06-27,Electronics_20260627,Electronics,163.07
2026-06-27,Fashion_20260627,Fashion,12.81
2026-06-27,Grocery_20260627,Grocery,14.64
2026-06-27,Home_Kitchen_20260627,Home & Kitchen,154.41
2026-06-27,Sports_20260627,Sports,0.0
2026-06-27,Toys_20260627,Toys,103.95
2026-06-28,Beauty_20260628,Beauty,0.0
2026-06-28,Books_20260628,Books,38.83
2026-06-28,Electronics_20260628,Electronics,12.6
2026-06-28,Fashion_20260628,Fashion,114.29
2026-06-28,Grocery_20260628,Grocery,8.51
2026-06-28,Home_Kitchen_20260628,Home & Kitchen,180.01
2026-06-28,Sports_20260628,Sports,43.45
2026-06-28,Toys_20260628,Toys,34.14
2026-06-29,Beauty_20260629,Beauty,0.0
2026-06-29,Books_20260629,Books,4.98
2026-06-29,Electronics_20260629,Electronics,0.0
2026-06-29,Fashion_20260629,Fashion,0.0
2026-06-29,Grocery_20260629,Grocery,52.31
2026-06-29,Home_Kitchen_20260629,Home & Kitchen,0.0
2026-06-29,Sports_20260629,Sports,0.0
2026-06-29,Toys_20260629,Toys,18.86
2026-06-30,Beauty_20260630,Beauty,46.63
2026-06-30,Books_20260630,Books,11.17
2026-06-30,Electronics_20260630,Electronics,17.86
2026-06-30,Fashion_20260630,Fashion,0.0
2026-06-30,Grocery_20260630,Grocery,8.04
2026-06-30,Home_Kitchen_20260630,Home & Kitchen,80.58
2026-06-30,Sports_20260630,Sports,0.0
2026-06-30,Toys_20260630,Toys,0.0
